time(s)	cellId	rnti	lcid	packetSize
0.400002	1	1	5	1030
0.400042	1	1	5	1030
0.400082	1	1	5	1030
0.400122	1	1	5	1030
0.400162	1	1	5	1030
0.400202	1	1	5	1030
0.400242	1	1	5	1030
0.400282	1	1	5	1030
0.400322	1	1	5	1030
0.400362	1	1	5	1030
0.400402	1	1	5	1030
0.400442	1	1	5	1030
0.400482	1	1	5	1030
0.400522	1	1	5	1030
0.400562	1	1	5	1030
0.400602	1	1	5	1030
0.400642	1	1	5	1030
0.400682	1	1	5	1030
0.400722	1	1	5	1030
0.400762	1	1	5	1030
0.400802	1	1	5	1030
0.400842	1	1	5	1030
0.400882	1	1	5	1030
0.400922	1	1	5	1030
0.400962	1	1	5	1030
0.401002	1	1	5	1030
0.401042	1	1	5	1030
0.401082	1	1	5	1030
0.401122	1	1	5	1030
0.401162	1	1	5	1030
0.401202	1	1	5	1030
0.401242	1	1	5	1030
0.401282	1	1	5	1030
0.401322	1	1	5	1030
0.401362	1	1	5	1030
0.401402	1	1	5	1030
0.401442	1	1	5	1030
0.401482	1	1	5	1030
0.401522	1	1	5	1030
0.401562	1	1	5	1030
0.401602	1	1	5	1030
0.401642	1	1	5	1030
0.401682	1	1	5	1030
0.401722	1	1	5	1030
0.401762	1	1	5	1030
0.401802	1	1	5	1030
0.401842	1	1	5	1030
0.401882	1	1	5	1030
0.401922	1	1	5	1030
0.401962	1	1	5	1030
0.402002	1	1	5	1030
0.402042	1	1	5	1030
0.402082	1	1	5	1030
0.402122	1	1	5	1030
0.402162	1	1	5	1030
0.402202	1	1	5	1030
0.402242	1	1	5	1030
0.402282	1	1	5	1030
0.402322	1	1	5	1030
0.402362	1	1	5	1030
0.402402	1	1	5	1030
0.402442	1	1	5	1030
0.402482	1	1	5	1030
0.402522	1	1	5	1030
0.402562	1	1	5	1030
0.402602	1	1	5	1030
0.402642	1	1	5	1030
0.402682	1	1	5	1030
0.402722	1	1	5	1030
0.402762	1	1	5	1030
0.402802	1	1	5	1030
0.402842	1	1	5	1030
0.402882	1	1	5	1030
0.402922	1	1	5	1030
0.402962	1	1	5	1030
0.403002	1	1	5	1030
0.403042	1	1	5	1030
0.403082	1	1	5	1030
0.403122	1	1	5	1030
0.403162	1	1	5	1030
0.403202	1	1	5	1030
0.403242	1	1	5	1030
0.403282	1	1	5	1030
0.403322	1	1	5	1030
0.403362	1	1	5	1030
0.403402	1	1	5	1030
0.403442	1	1	5	1030
0.403482	1	1	5	1030
0.403522	1	1	5	1030
0.403562	1	1	5	1030
0.403602	1	1	5	1030
0.403642	1	1	5	1030
0.403682	1	1	5	1030
0.403722	1	1	5	1030
0.403762	1	1	5	1030
0.403802	1	1	5	1030
0.403842	1	1	5	1030
0.403882	1	1	5	1030
0.403922	1	1	5	1030
0.403962	1	1	5	1030
0.404002	1	1	5	1030
0.404042	1	1	5	1030
0.404082	1	1	5	1030
0.404122	1	1	5	1030
0.404162	1	1	5	1030
0.404202	1	1	5	1030
0.404242	1	1	5	1030
0.404282	1	1	5	1030
0.404322	1	1	5	1030
0.404362	1	1	5	1030
0.404402	1	1	5	1030
0.404442	1	1	5	1030
0.404482	1	1	5	1030
0.404522	1	1	5	1030
0.404562	1	1	5	1030
0.404602	1	1	5	1030
0.404642	1	1	5	1030
0.404682	1	1	5	1030
0.404722	1	1	5	1030
0.404762	1	1	5	1030
0.404802	1	1	5	1030
0.404842	1	1	5	1030
0.404882	1	1	5	1030
0.404922	1	1	5	1030
0.404962	1	1	5	1030
0.405002	1	1	5	1030
0.405042	1	1	5	1030
0.405082	1	1	5	1030
0.405122	1	1	5	1030
0.405162	1	1	5	1030
0.405202	1	1	5	1030
0.405242	1	1	5	1030
0.405282	1	1	5	1030
0.405322	1	1	5	1030
0.405362	1	1	5	1030
0.405402	1	1	5	1030
0.405442	1	1	5	1030
0.405482	1	1	5	1030
0.405522	1	1	5	1030
0.405562	1	1	5	1030
0.405602	1	1	5	1030
0.405642	1	1	5	1030
0.405682	1	1	5	1030
0.405722	1	1	5	1030
0.405762	1	1	5	1030
0.405802	1	1	5	1030
0.405842	1	1	5	1030
0.405882	1	1	5	1030
0.405922	1	1	5	1030
0.405962	1	1	5	1030
0.406002	1	1	5	1030
0.406042	1	1	5	1030
0.406082	1	1	5	1030
0.406122	1	1	5	1030
0.406162	1	1	5	1030
0.406202	1	1	5	1030
0.406242	1	1	5	1030
0.406282	1	1	5	1030
0.406322	1	1	5	1030
0.406362	1	1	5	1030
0.406402	1	1	5	1030
0.406442	1	1	5	1030
0.406482	1	1	5	1030
0.406522	1	1	5	1030
0.406562	1	1	5	1030
0.406602	1	1	5	1030
0.406642	1	1	5	1030
0.406682	1	1	5	1030
0.406722	1	1	5	1030
0.406762	1	1	5	1030
0.406802	1	1	5	1030
0.406842	1	1	5	1030
0.406882	1	1	5	1030
0.406922	1	1	5	1030
0.406962	1	1	5	1030
0.407002	1	1	5	1030
0.407042	1	1	5	1030
0.407082	1	1	5	1030
0.407122	1	1	5	1030
0.407162	1	1	5	1030
0.407202	1	1	5	1030
0.407242	1	1	5	1030
0.407282	1	1	5	1030
0.407322	1	1	5	1030
0.407362	1	1	5	1030
0.407402	1	1	5	1030
0.407442	1	1	5	1030
0.407482	1	1	5	1030
0.407522	1	1	5	1030
0.407562	1	1	5	1030
0.407602	1	1	5	1030
0.407642	1	1	5	1030
0.407682	1	1	5	1030
0.407722	1	1	5	1030
0.407762	1	1	5	1030
0.407802	1	1	5	1030
0.407842	1	1	5	1030
0.407882	1	1	5	1030
0.407922	1	1	5	1030
0.407962	1	1	5	1030
0.408002	1	1	5	1030
0.408042	1	1	5	1030
0.408082	1	1	5	1030
0.408122	1	1	5	1030
0.408162	1	1	5	1030
0.408202	1	1	5	1030
0.408242	1	1	5	1030
0.408282	1	1	5	1030
0.408322	1	1	5	1030
0.408362	1	1	5	1030
0.408402	1	1	5	1030
0.408442	1	1	5	1030
0.408482	1	1	5	1030
0.408522	1	1	5	1030
0.408562	1	1	5	1030
0.408602	1	1	5	1030
0.408642	1	1	5	1030
0.408682	1	1	5	1030
0.408722	1	1	5	1030
0.408762	1	1	5	1030
0.408802	1	1	5	1030
0.408842	1	1	5	1030
0.408882	1	1	5	1030
0.408922	1	1	5	1030
0.408962	1	1	5	1030
0.409002	1	1	5	1030
0.409042	1	1	5	1030
0.409082	1	1	5	1030
0.409122	1	1	5	1030
0.409162	1	1	5	1030
0.409202	1	1	5	1030
0.409242	1	1	5	1030
0.409282	1	1	5	1030
0.409322	1	1	5	1030
0.409362	1	1	5	1030
0.409402	1	1	5	1030
0.409442	1	1	5	1030
0.409482	1	1	5	1030
0.409522	1	1	5	1030
0.409562	1	1	5	1030
0.409602	1	1	5	1030
0.409642	1	1	5	1030
0.409682	1	1	5	1030
0.409722	1	1	5	1030
0.409762	1	1	5	1030
0.409802	1	1	5	1030
0.409842	1	1	5	1030
0.409882	1	1	5	1030
0.409922	1	1	5	1030
0.409962	1	1	5	1030
0.410002	1	1	5	1030
0.410042	1	1	5	1030
0.410082	1	1	5	1030
0.410122	1	1	5	1030
0.410162	1	1	5	1030
0.410202	1	1	5	1030
0.410242	1	1	5	1030
0.410282	1	1	5	1030
0.410322	1	1	5	1030
0.410362	1	1	5	1030
0.410402	1	1	5	1030
0.410442	1	1	5	1030
0.410482	1	1	5	1030
0.410522	1	1	5	1030
0.410562	1	1	5	1030
0.410602	1	1	5	1030
0.410642	1	1	5	1030
0.410682	1	1	5	1030
0.410722	1	1	5	1030
0.410762	1	1	5	1030
0.410802	1	1	5	1030
0.410842	1	1	5	1030
0.410882	1	1	5	1030
0.410922	1	1	5	1030
0.410962	1	1	5	1030
0.411002	1	1	5	1030
0.411042	1	1	5	1030
0.411082	1	1	5	1030
0.411122	1	1	5	1030
0.411162	1	1	5	1030
0.411202	1	1	5	1030
0.411242	1	1	5	1030
0.411282	1	1	5	1030
0.411322	1	1	5	1030
0.411362	1	1	5	1030
0.411402	1	1	5	1030
0.411442	1	1	5	1030
0.411482	1	1	5	1030
0.411522	1	1	5	1030
0.411562	1	1	5	1030
0.411602	1	1	5	1030
0.411642	1	1	5	1030
0.411682	1	1	5	1030
0.411722	1	1	5	1030
0.411762	1	1	5	1030
0.411802	1	1	5	1030
0.411842	1	1	5	1030
0.411882	1	1	5	1030
0.411922	1	1	5	1030
0.411962	1	1	5	1030
0.412002	1	1	5	1030
0.412042	1	1	5	1030
0.412082	1	1	5	1030
0.412122	1	1	5	1030
0.412162	1	1	5	1030
0.412202	1	1	5	1030
0.412242	1	1	5	1030
0.412282	1	1	5	1030
0.412322	1	1	5	1030
0.412362	1	1	5	1030
0.412402	1	1	5	1030
0.412442	1	1	5	1030
0.412482	1	1	5	1030
0.412522	1	1	5	1030
0.412562	1	1	5	1030
0.412602	1	1	5	1030
0.412642	1	1	5	1030
0.412682	1	1	5	1030
0.412722	1	1	5	1030
0.412762	1	1	5	1030
0.412802	1	1	5	1030
0.412842	1	1	5	1030
0.412882	1	1	5	1030
0.412922	1	1	5	1030
0.412962	1	1	5	1030
0.413002	1	1	5	1030
0.413042	1	1	5	1030
0.413082	1	1	5	1030
0.413122	1	1	5	1030
0.413162	1	1	5	1030
0.413202	1	1	5	1030
0.413242	1	1	5	1030
0.413282	1	1	5	1030
0.413322	1	1	5	1030
0.413362	1	1	5	1030
0.413402	1	1	5	1030
0.413442	1	1	5	1030
0.413482	1	1	5	1030
0.413522	1	1	5	1030
0.413562	1	1	5	1030
0.413602	1	1	5	1030
0.413642	1	1	5	1030
0.413682	1	1	5	1030
0.413722	1	1	5	1030
0.413762	1	1	5	1030
0.413802	1	1	5	1030
0.413842	1	1	5	1030
0.413882	1	1	5	1030
0.413922	1	1	5	1030
0.413962	1	1	5	1030
0.414002	1	1	5	1030
0.414042	1	1	5	1030
0.414082	1	1	5	1030
0.414122	1	1	5	1030
0.414162	1	1	5	1030
0.414202	1	1	5	1030
0.414242	1	1	5	1030
0.414282	1	1	5	1030
0.414322	1	1	5	1030
0.414362	1	1	5	1030
0.414402	1	1	5	1030
0.414442	1	1	5	1030
0.414482	1	1	5	1030
0.414522	1	1	5	1030
0.414562	1	1	5	1030
0.414602	1	1	5	1030
0.414642	1	1	5	1030
0.414682	1	1	5	1030
0.414722	1	1	5	1030
0.414762	1	1	5	1030
0.414802	1	1	5	1030
0.414842	1	1	5	1030
0.414882	1	1	5	1030
0.414922	1	1	5	1030
0.414962	1	1	5	1030
0.415002	1	1	5	1030
0.415042	1	1	5	1030
0.415082	1	1	5	1030
0.415122	1	1	5	1030
0.415162	1	1	5	1030
0.415202	1	1	5	1030
0.415242	1	1	5	1030
0.415282	1	1	5	1030
0.415322	1	1	5	1030
0.415362	1	1	5	1030
0.415402	1	1	5	1030
0.415442	1	1	5	1030
0.415482	1	1	5	1030
0.415522	1	1	5	1030
0.415562	1	1	5	1030
0.415602	1	1	5	1030
0.415642	1	1	5	1030
0.415682	1	1	5	1030
0.415722	1	1	5	1030
0.415762	1	1	5	1030
0.415802	1	1	5	1030
0.415842	1	1	5	1030
0.415882	1	1	5	1030
0.415922	1	1	5	1030
0.415962	1	1	5	1030
0.416002	1	1	5	1030
0.416042	1	1	5	1030
0.416082	1	1	5	1030
0.416122	1	1	5	1030
0.416162	1	1	5	1030
0.416202	1	1	5	1030
0.416242	1	1	5	1030
0.416282	1	1	5	1030
0.416322	1	1	5	1030
0.416362	1	1	5	1030
0.416402	1	1	5	1030
0.416442	1	1	5	1030
0.416482	1	1	5	1030
0.416522	1	1	5	1030
0.416562	1	1	5	1030
0.416602	1	1	5	1030
0.416642	1	1	5	1030
0.416682	1	1	5	1030
0.416722	1	1	5	1030
0.416762	1	1	5	1030
0.416802	1	1	5	1030
0.416842	1	1	5	1030
0.416882	1	1	5	1030
0.416922	1	1	5	1030
0.416962	1	1	5	1030
0.417002	1	1	5	1030
0.417042	1	1	5	1030
0.417082	1	1	5	1030
0.417122	1	1	5	1030
0.417162	1	1	5	1030
0.417202	1	1	5	1030
0.417242	1	1	5	1030
0.417282	1	1	5	1030
0.417322	1	1	5	1030
0.417362	1	1	5	1030
0.417402	1	1	5	1030
0.417442	1	1	5	1030
0.417482	1	1	5	1030
0.417522	1	1	5	1030
0.417562	1	1	5	1030
0.417602	1	1	5	1030
0.417642	1	1	5	1030
0.417682	1	1	5	1030
0.417722	1	1	5	1030
0.417762	1	1	5	1030
0.417802	1	1	5	1030
0.417842	1	1	5	1030
0.417882	1	1	5	1030
0.417922	1	1	5	1030
0.417962	1	1	5	1030
0.418002	1	1	5	1030
0.418042	1	1	5	1030
0.418082	1	1	5	1030
0.418122	1	1	5	1030
0.418162	1	1	5	1030
0.418202	1	1	5	1030
0.418242	1	1	5	1030
0.418282	1	1	5	1030
0.418322	1	1	5	1030
0.418362	1	1	5	1030
0.418402	1	1	5	1030
0.418442	1	1	5	1030
0.418482	1	1	5	1030
0.418522	1	1	5	1030
0.418562	1	1	5	1030
0.418602	1	1	5	1030
0.418642	1	1	5	1030
0.418682	1	1	5	1030
0.418722	1	1	5	1030
0.418762	1	1	5	1030
0.418802	1	1	5	1030
0.418842	1	1	5	1030
0.418882	1	1	5	1030
0.418922	1	1	5	1030
0.418962	1	1	5	1030
0.419002	1	1	5	1030
0.419042	1	1	5	1030
0.419082	1	1	5	1030
0.419122	1	1	5	1030
0.419162	1	1	5	1030
0.419202	1	1	5	1030
0.419242	1	1	5	1030
0.419282	1	1	5	1030
0.419322	1	1	5	1030
0.419362	1	1	5	1030
0.419402	1	1	5	1030
0.419442	1	1	5	1030
0.419482	1	1	5	1030
0.419522	1	1	5	1030
0.419562	1	1	5	1030
0.419602	1	1	5	1030
0.419642	1	1	5	1030
0.419682	1	1	5	1030
0.419722	1	1	5	1030
0.419762	1	1	5	1030
0.419802	1	1	5	1030
0.419842	1	1	5	1030
0.419882	1	1	5	1030
0.419922	1	1	5	1030
0.419962	1	1	5	1030
0.420002	1	1	5	1030
0.420042	1	1	5	1030
0.420082	1	1	5	1030
0.420122	1	1	5	1030
0.420162	1	1	5	1030
0.420202	1	1	5	1030
0.420242	1	1	5	1030
0.420282	1	1	5	1030
0.420322	1	1	5	1030
0.420362	1	1	5	1030
0.420402	1	1	5	1030
0.420442	1	1	5	1030
0.420482	1	1	5	1030
0.420522	1	1	5	1030
0.420562	1	1	5	1030
0.420602	1	1	5	1030
0.420642	1	1	5	1030
0.420682	1	1	5	1030
0.420722	1	1	5	1030
0.420762	1	1	5	1030
0.420802	1	1	5	1030
0.420842	1	1	5	1030
0.420882	1	1	5	1030
0.420922	1	1	5	1030
0.420962	1	1	5	1030
0.421002	1	1	5	1030
0.421042	1	1	5	1030
0.421082	1	1	5	1030
0.421122	1	1	5	1030
0.421162	1	1	5	1030
0.421202	1	1	5	1030
0.421242	1	1	5	1030
0.421282	1	1	5	1030
0.421322	1	1	5	1030
0.421362	1	1	5	1030
0.421402	1	1	5	1030
0.421442	1	1	5	1030
0.421482	1	1	5	1030
0.421522	1	1	5	1030
0.421562	1	1	5	1030
0.421602	1	1	5	1030
0.421642	1	1	5	1030
0.421682	1	1	5	1030
0.421722	1	1	5	1030
0.421762	1	1	5	1030
0.421802	1	1	5	1030
0.421842	1	1	5	1030
0.421882	1	1	5	1030
0.421922	1	1	5	1030
0.421962	1	1	5	1030
0.422002	1	1	5	1030
0.422042	1	1	5	1030
0.422082	1	1	5	1030
0.422122	1	1	5	1030
0.422162	1	1	5	1030
0.422202	1	1	5	1030
0.422242	1	1	5	1030
0.422282	1	1	5	1030
0.422322	1	1	5	1030
0.422362	1	1	5	1030
0.422402	1	1	5	1030
0.422442	1	1	5	1030
0.422482	1	1	5	1030
0.422522	1	1	5	1030
0.422562	1	1	5	1030
0.422602	1	1	5	1030
0.422642	1	1	5	1030
0.422682	1	1	5	1030
0.422722	1	1	5	1030
0.422762	1	1	5	1030
0.422802	1	1	5	1030
0.422842	1	1	5	1030
0.422882	1	1	5	1030
0.422922	1	1	5	1030
0.422962	1	1	5	1030
0.423002	1	1	5	1030
0.423042	1	1	5	1030
0.423082	1	1	5	1030
0.423122	1	1	5	1030
0.423162	1	1	5	1030
0.423202	1	1	5	1030
0.423242	1	1	5	1030
0.423282	1	1	5	1030
0.423322	1	1	5	1030
0.423362	1	1	5	1030
0.423402	1	1	5	1030
0.423442	1	1	5	1030
0.423482	1	1	5	1030
0.423522	1	1	5	1030
0.423562	1	1	5	1030
0.423602	1	1	5	1030
0.423642	1	1	5	1030
0.423682	1	1	5	1030
0.423722	1	1	5	1030
0.423762	1	1	5	1030
0.423802	1	1	5	1030
0.423842	1	1	5	1030
0.423882	1	1	5	1030
0.423922	1	1	5	1030
0.423962	1	1	5	1030
0.424002	1	1	5	1030
0.424042	1	1	5	1030
0.424082	1	1	5	1030
0.424122	1	1	5	1030
0.424162	1	1	5	1030
0.424202	1	1	5	1030
0.424242	1	1	5	1030
0.424282	1	1	5	1030
0.424322	1	1	5	1030
0.424362	1	1	5	1030
0.424402	1	1	5	1030
0.424442	1	1	5	1030
0.424482	1	1	5	1030
0.424522	1	1	5	1030
0.424562	1	1	5	1030
0.424602	1	1	5	1030
0.424642	1	1	5	1030
0.424682	1	1	5	1030
0.424722	1	1	5	1030
0.424762	1	1	5	1030
0.424802	1	1	5	1030
0.424842	1	1	5	1030
0.424882	1	1	5	1030
0.424922	1	1	5	1030
0.424962	1	1	5	1030
0.425002	1	1	5	1030
0.425042	1	1	5	1030
0.425082	1	1	5	1030
0.425122	1	1	5	1030
0.425162	1	1	5	1030
0.425202	1	1	5	1030
0.425242	1	1	5	1030
0.425282	1	1	5	1030
0.425322	1	1	5	1030
0.425362	1	1	5	1030
0.425402	1	1	5	1030
0.425442	1	1	5	1030
0.425482	1	1	5	1030
0.425522	1	1	5	1030
0.425562	1	1	5	1030
0.425602	1	1	5	1030
0.425642	1	1	5	1030
0.425682	1	1	5	1030
0.425722	1	1	5	1030
0.425762	1	1	5	1030
0.425802	1	1	5	1030
0.425842	1	1	5	1030
0.425882	1	1	5	1030
0.425922	1	1	5	1030
0.425962	1	1	5	1030
0.426002	1	1	5	1030
0.426042	1	1	5	1030
0.426082	1	1	5	1030
0.426122	1	1	5	1030
0.426162	1	1	5	1030
0.426202	1	1	5	1030
0.426242	1	1	5	1030
0.426282	1	1	5	1030
0.426322	1	1	5	1030
0.426362	1	1	5	1030
0.426402	1	1	5	1030
0.426442	1	1	5	1030
0.426482	1	1	5	1030
0.426522	1	1	5	1030
0.426562	1	1	5	1030
0.426602	1	1	5	1030
0.426642	1	1	5	1030
0.426682	1	1	5	1030
0.426722	1	1	5	1030
0.426762	1	1	5	1030
0.426802	1	1	5	1030
0.426842	1	1	5	1030
0.426882	1	1	5	1030
0.426922	1	1	5	1030
0.426962	1	1	5	1030
0.427002	1	1	5	1030
0.427042	1	1	5	1030
0.427082	1	1	5	1030
0.427122	1	1	5	1030
0.427162	1	1	5	1030
0.427202	1	1	5	1030
0.427242	1	1	5	1030
0.427282	1	1	5	1030
0.427322	1	1	5	1030
0.427362	1	1	5	1030
0.427402	1	1	5	1030
0.427442	1	1	5	1030
0.427482	1	1	5	1030
0.427522	1	1	5	1030
0.427562	1	1	5	1030
0.427602	1	1	5	1030
0.427642	1	1	5	1030
0.427682	1	1	5	1030
0.427722	1	1	5	1030
0.427762	1	1	5	1030
0.427802	1	1	5	1030
0.427842	1	1	5	1030
0.427882	1	1	5	1030
0.427922	1	1	5	1030
0.427962	1	1	5	1030
0.428002	1	1	5	1030
0.428042	1	1	5	1030
0.428082	1	1	5	1030
0.428122	1	1	5	1030
0.428162	1	1	5	1030
0.428202	1	1	5	1030
0.428242	1	1	5	1030
0.428282	1	1	5	1030
0.428322	1	1	5	1030
0.428362	1	1	5	1030
0.428402	1	1	5	1030
0.428442	1	1	5	1030
0.428482	1	1	5	1030
0.428522	1	1	5	1030
0.428562	1	1	5	1030
0.428602	1	1	5	1030
0.428642	1	1	5	1030
0.428682	1	1	5	1030
0.428722	1	1	5	1030
0.428762	1	1	5	1030
0.428802	1	1	5	1030
0.428842	1	1	5	1030
0.428882	1	1	5	1030
0.428922	1	1	5	1030
0.428962	1	1	5	1030
0.429002	1	1	5	1030
0.429042	1	1	5	1030
0.429082	1	1	5	1030
0.429122	1	1	5	1030
0.429162	1	1	5	1030
0.429202	1	1	5	1030
0.429242	1	1	5	1030
0.429282	1	1	5	1030
0.429322	1	1	5	1030
0.429362	1	1	5	1030
0.429402	1	1	5	1030
0.429442	1	1	5	1030
0.429482	1	1	5	1030
0.429522	1	1	5	1030
0.429562	1	1	5	1030
0.429602	1	1	5	1030
0.429642	1	1	5	1030
0.429682	1	1	5	1030
0.429722	1	1	5	1030
0.429762	1	1	5	1030
0.429802	1	1	5	1030
0.429842	1	1	5	1030
0.429882	1	1	5	1030
0.429922	1	1	5	1030
0.429962	1	1	5	1030
0.430002	1	1	5	1030
0.430042	1	1	5	1030
0.430082	1	1	5	1030
0.430122	1	1	5	1030
0.430162	1	1	5	1030
0.430202	1	1	5	1030
0.430242	1	1	5	1030
0.430282	1	1	5	1030
0.430322	1	1	5	1030
0.430362	1	1	5	1030
0.430402	1	1	5	1030
0.430442	1	1	5	1030
0.430482	1	1	5	1030
0.430522	1	1	5	1030
0.430562	1	1	5	1030
0.430602	1	1	5	1030
0.430642	1	1	5	1030
0.430682	1	1	5	1030
0.430722	1	1	5	1030
0.430762	1	1	5	1030
0.430802	1	1	5	1030
0.430842	1	1	5	1030
0.430882	1	1	5	1030
0.430922	1	1	5	1030
0.430962	1	1	5	1030
0.431002	1	1	5	1030
0.431042	1	1	5	1030
0.431082	1	1	5	1030
0.431122	1	1	5	1030
0.431162	1	1	5	1030
0.431202	1	1	5	1030
0.431242	1	1	5	1030
0.431282	1	1	5	1030
0.431322	1	1	5	1030
0.431362	1	1	5	1030
0.431402	1	1	5	1030
0.431442	1	1	5	1030
0.431482	1	1	5	1030
0.431522	1	1	5	1030
0.431562	1	1	5	1030
0.431602	1	1	5	1030
0.431642	1	1	5	1030
0.431682	1	1	5	1030
0.431722	1	1	5	1030
0.431762	1	1	5	1030
0.431802	1	1	5	1030
0.431842	1	1	5	1030
0.431882	1	1	5	1030
0.431922	1	1	5	1030
0.431962	1	1	5	1030
0.432002	1	1	5	1030
0.432042	1	1	5	1030
0.432082	1	1	5	1030
0.432122	1	1	5	1030
0.432162	1	1	5	1030
0.432202	1	1	5	1030
0.432242	1	1	5	1030
0.432282	1	1	5	1030
0.432322	1	1	5	1030
0.432362	1	1	5	1030
0.432402	1	1	5	1030
0.432442	1	1	5	1030
0.432482	1	1	5	1030
0.432522	1	1	5	1030
0.432562	1	1	5	1030
0.432602	1	1	5	1030
0.432642	1	1	5	1030
0.432682	1	1	5	1030
0.432722	1	1	5	1030
0.432762	1	1	5	1030
0.432802	1	1	5	1030
0.432842	1	1	5	1030
0.432882	1	1	5	1030
0.432922	1	1	5	1030
0.432962	1	1	5	1030
0.433002	1	1	5	1030
0.433042	1	1	5	1030
0.433082	1	1	5	1030
0.433122	1	1	5	1030
0.433162	1	1	5	1030
0.433202	1	1	5	1030
0.433242	1	1	5	1030
0.433282	1	1	5	1030
0.433322	1	1	5	1030
0.433362	1	1	5	1030
0.433402	1	1	5	1030
0.433442	1	1	5	1030
0.433482	1	1	5	1030
0.433522	1	1	5	1030
0.433562	1	1	5	1030
0.433602	1	1	5	1030
0.433642	1	1	5	1030
0.433682	1	1	5	1030
0.433722	1	1	5	1030
0.433762	1	1	5	1030
0.433802	1	1	5	1030
0.433842	1	1	5	1030
0.433882	1	1	5	1030
0.433922	1	1	5	1030
0.433962	1	1	5	1030
0.434002	1	1	5	1030
0.434042	1	1	5	1030
0.434082	1	1	5	1030
0.434122	1	1	5	1030
0.434162	1	1	5	1030
0.434202	1	1	5	1030
0.434242	1	1	5	1030
0.434282	1	1	5	1030
0.434322	1	1	5	1030
0.434362	1	1	5	1030
0.434402	1	1	5	1030
0.434442	1	1	5	1030
0.434482	1	1	5	1030
0.434522	1	1	5	1030
0.434562	1	1	5	1030
0.434602	1	1	5	1030
0.434642	1	1	5	1030
0.434682	1	1	5	1030
0.434722	1	1	5	1030
0.434762	1	1	5	1030
0.434802	1	1	5	1030
0.434842	1	1	5	1030
0.434882	1	1	5	1030
0.434922	1	1	5	1030
0.434962	1	1	5	1030
0.435002	1	1	5	1030
0.435042	1	1	5	1030
0.435082	1	1	5	1030
0.435122	1	1	5	1030
0.435162	1	1	5	1030
0.435202	1	1	5	1030
0.435242	1	1	5	1030
0.435282	1	1	5	1030
0.435322	1	1	5	1030
0.435362	1	1	5	1030
0.435402	1	1	5	1030
0.435442	1	1	5	1030
0.435482	1	1	5	1030
0.435522	1	1	5	1030
0.435562	1	1	5	1030
0.435602	1	1	5	1030
0.435642	1	1	5	1030
0.435682	1	1	5	1030
0.435722	1	1	5	1030
0.435762	1	1	5	1030
0.435802	1	1	5	1030
0.435842	1	1	5	1030
0.435882	1	1	5	1030
0.435922	1	1	5	1030
0.435962	1	1	5	1030
0.436002	1	1	5	1030
0.436042	1	1	5	1030
0.436082	1	1	5	1030
0.436122	1	1	5	1030
0.436162	1	1	5	1030
0.436202	1	1	5	1030
0.436242	1	1	5	1030
0.436282	1	1	5	1030
0.436322	1	1	5	1030
0.436362	1	1	5	1030
0.436402	1	1	5	1030
0.436442	1	1	5	1030
0.436482	1	1	5	1030
0.436522	1	1	5	1030
0.436562	1	1	5	1030
0.436602	1	1	5	1030
0.436642	1	1	5	1030
0.436682	1	1	5	1030
0.436722	1	1	5	1030
0.436762	1	1	5	1030
0.436802	1	1	5	1030
0.436842	1	1	5	1030
0.436882	1	1	5	1030
0.436922	1	1	5	1030
0.436962	1	1	5	1030
0.437002	1	1	5	1030
0.437042	1	1	5	1030
0.437082	1	1	5	1030
0.437122	1	1	5	1030
0.437162	1	1	5	1030
0.437202	1	1	5	1030
0.437242	1	1	5	1030
0.437282	1	1	5	1030
0.437322	1	1	5	1030
0.437362	1	1	5	1030
0.437402	1	1	5	1030
0.437442	1	1	5	1030
0.437482	1	1	5	1030
0.437522	1	1	5	1030
0.437562	1	1	5	1030
0.437602	1	1	5	1030
0.437642	1	1	5	1030
0.437682	1	1	5	1030
0.437722	1	1	5	1030
0.437762	1	1	5	1030
0.437802	1	1	5	1030
0.437842	1	1	5	1030
0.437882	1	1	5	1030
0.437922	1	1	5	1030
0.437962	1	1	5	1030
0.438002	1	1	5	1030
0.438042	1	1	5	1030
0.438082	1	1	5	1030
0.438122	1	1	5	1030
0.438162	1	1	5	1030
0.438202	1	1	5	1030
0.438242	1	1	5	1030
0.438282	1	1	5	1030
0.438322	1	1	5	1030
0.438362	1	1	5	1030
0.438402	1	1	5	1030
0.438442	1	1	5	1030
0.438482	1	1	5	1030
0.438522	1	1	5	1030
0.438562	1	1	5	1030
0.438602	1	1	5	1030
0.438642	1	1	5	1030
0.438682	1	1	5	1030
0.438722	1	1	5	1030
0.438762	1	1	5	1030
0.438802	1	1	5	1030
0.438842	1	1	5	1030
0.438882	1	1	5	1030
0.438922	1	1	5	1030
0.438962	1	1	5	1030
0.439002	1	1	5	1030
0.439042	1	1	5	1030
0.439082	1	1	5	1030
0.439122	1	1	5	1030
0.439162	1	1	5	1030
0.439202	1	1	5	1030
0.439242	1	1	5	1030
0.439282	1	1	5	1030
0.439322	1	1	5	1030
0.439362	1	1	5	1030
0.439402	1	1	5	1030
0.439442	1	1	5	1030
0.439482	1	1	5	1030
0.439522	1	1	5	1030
0.439562	1	1	5	1030
0.439602	1	1	5	1030
0.439642	1	1	5	1030
0.439682	1	1	5	1030
0.439722	1	1	5	1030
0.439762	1	1	5	1030
0.439802	1	1	5	1030
0.439842	1	1	5	1030
0.439882	1	1	5	1030
0.439922	1	1	5	1030
0.439962	1	1	5	1030
0.440002	1	1	5	1030
0.440042	1	1	5	1030
0.440082	1	1	5	1030
0.440122	1	1	5	1030
0.440162	1	1	5	1030
0.440202	1	1	5	1030
0.440242	1	1	5	1030
0.440282	1	1	5	1030
0.440322	1	1	5	1030
0.440362	1	1	5	1030
0.440402	1	1	5	1030
0.440442	1	1	5	1030
0.440482	1	1	5	1030
0.440522	1	1	5	1030
0.440562	1	1	5	1030
0.440602	1	1	5	1030
0.440642	1	1	5	1030
0.440682	1	1	5	1030
0.440722	1	1	5	1030
0.440762	1	1	5	1030
0.440802	1	1	5	1030
0.440842	1	1	5	1030
0.440882	1	1	5	1030
0.440922	1	1	5	1030
0.440962	1	1	5	1030
0.441002	1	1	5	1030
0.441042	1	1	5	1030
0.441082	1	1	5	1030
0.441122	1	1	5	1030
0.441162	1	1	5	1030
0.441202	1	1	5	1030
0.441242	1	1	5	1030
0.441282	1	1	5	1030
0.441322	1	1	5	1030
0.441362	1	1	5	1030
0.441402	1	1	5	1030
0.441442	1	1	5	1030
0.441482	1	1	5	1030
0.441522	1	1	5	1030
0.441562	1	1	5	1030
0.441602	1	1	5	1030
0.441642	1	1	5	1030
0.441682	1	1	5	1030
0.441722	1	1	5	1030
0.441762	1	1	5	1030
0.441802	1	1	5	1030
0.441842	1	1	5	1030
0.441882	1	1	5	1030
0.441922	1	1	5	1030
0.441962	1	1	5	1030
0.442002	1	1	5	1030
0.442042	1	1	5	1030
0.442082	1	1	5	1030
0.442122	1	1	5	1030
0.442162	1	1	5	1030
0.442202	1	1	5	1030
0.442242	1	1	5	1030
0.442282	1	1	5	1030
0.442322	1	1	5	1030
0.442362	1	1	5	1030
0.442402	1	1	5	1030
0.442442	1	1	5	1030
0.442482	1	1	5	1030
0.442522	1	1	5	1030
0.442562	1	1	5	1030
0.442602	1	1	5	1030
0.442642	1	1	5	1030
0.442682	1	1	5	1030
0.442722	1	1	5	1030
0.442762	1	1	5	1030
0.442802	1	1	5	1030
0.442842	1	1	5	1030
0.442882	1	1	5	1030
0.442922	1	1	5	1030
0.442962	1	1	5	1030
0.443002	1	1	5	1030
0.443042	1	1	5	1030
0.443082	1	1	5	1030
0.443122	1	1	5	1030
0.443162	1	1	5	1030
0.443202	1	1	5	1030
0.443242	1	1	5	1030
0.443282	1	1	5	1030
0.443322	1	1	5	1030
0.443362	1	1	5	1030
0.443402	1	1	5	1030
0.443442	1	1	5	1030
0.443482	1	1	5	1030
0.443522	1	1	5	1030
0.443562	1	1	5	1030
0.443602	1	1	5	1030
0.443642	1	1	5	1030
0.443682	1	1	5	1030
0.443722	1	1	5	1030
0.443762	1	1	5	1030
0.443802	1	1	5	1030
0.443842	1	1	5	1030
0.443882	1	1	5	1030
0.443922	1	1	5	1030
0.443962	1	1	5	1030
0.444002	1	1	5	1030
0.444042	1	1	5	1030
0.444082	1	1	5	1030
0.444122	1	1	5	1030
0.444162	1	1	5	1030
0.444202	1	1	5	1030
0.444242	1	1	5	1030
0.444282	1	1	5	1030
0.444322	1	1	5	1030
0.444362	1	1	5	1030
0.444402	1	1	5	1030
0.444442	1	1	5	1030
0.444482	1	1	5	1030
0.444522	1	1	5	1030
0.444562	1	1	5	1030
0.444602	1	1	5	1030
0.444642	1	1	5	1030
0.444682	1	1	5	1030
0.444722	1	1	5	1030
0.444762	1	1	5	1030
0.444802	1	1	5	1030
0.444842	1	1	5	1030
0.444882	1	1	5	1030
0.444922	1	1	5	1030
0.444962	1	1	5	1030
0.445002	1	1	5	1030
0.445042	1	1	5	1030
0.445082	1	1	5	1030
0.445122	1	1	5	1030
0.445162	1	1	5	1030
0.445202	1	1	5	1030
0.445242	1	1	5	1030
0.445282	1	1	5	1030
0.445322	1	1	5	1030
0.445362	1	1	5	1030
0.445402	1	1	5	1030
0.445442	1	1	5	1030
0.445482	1	1	5	1030
0.445522	1	1	5	1030
0.445562	1	1	5	1030
0.445602	1	1	5	1030
0.445642	1	1	5	1030
0.445682	1	1	5	1030
0.445722	1	1	5	1030
0.445762	1	1	5	1030
0.445802	1	1	5	1030
0.445842	1	1	5	1030
0.445882	1	1	5	1030
0.445922	1	1	5	1030
0.445962	1	1	5	1030
0.446002	1	1	5	1030
0.446042	1	1	5	1030
0.446082	1	1	5	1030
0.446122	1	1	5	1030
0.446162	1	1	5	1030
0.446202	1	1	5	1030
0.446242	1	1	5	1030
0.446282	1	1	5	1030
0.446322	1	1	5	1030
0.446362	1	1	5	1030
0.446402	1	1	5	1030
0.446442	1	1	5	1030
0.446482	1	1	5	1030
0.446522	1	1	5	1030
0.446562	1	1	5	1030
0.446602	1	1	5	1030
0.446642	1	1	5	1030
0.446682	1	1	5	1030
0.446722	1	1	5	1030
0.446762	1	1	5	1030
0.446802	1	1	5	1030
0.446842	1	1	5	1030
0.446882	1	1	5	1030
0.446922	1	1	5	1030
0.446962	1	1	5	1030
0.447002	1	1	5	1030
0.447042	1	1	5	1030
0.447082	1	1	5	1030
0.447122	1	1	5	1030
0.447162	1	1	5	1030
0.447202	1	1	5	1030
0.447242	1	1	5	1030
0.447282	1	1	5	1030
0.447322	1	1	5	1030
0.447362	1	1	5	1030
0.447402	1	1	5	1030
0.447442	1	1	5	1030
0.447482	1	1	5	1030
0.447522	1	1	5	1030
0.447562	1	1	5	1030
0.447602	1	1	5	1030
0.447642	1	1	5	1030
0.447682	1	1	5	1030
0.447722	1	1	5	1030
0.447762	1	1	5	1030
0.447802	1	1	5	1030
0.447842	1	1	5	1030
0.447882	1	1	5	1030
0.447922	1	1	5	1030
0.447962	1	1	5	1030
0.448002	1	1	5	1030
0.448042	1	1	5	1030
0.448082	1	1	5	1030
0.448122	1	1	5	1030
0.448162	1	1	5	1030
0.448202	1	1	5	1030
0.448242	1	1	5	1030
0.448282	1	1	5	1030
0.448322	1	1	5	1030
0.448362	1	1	5	1030
0.448402	1	1	5	1030
0.448442	1	1	5	1030
0.448482	1	1	5	1030
0.448522	1	1	5	1030
0.448562	1	1	5	1030
0.448602	1	1	5	1030
0.448642	1	1	5	1030
0.448682	1	1	5	1030
0.448722	1	1	5	1030
0.448762	1	1	5	1030
0.448802	1	1	5	1030
0.448842	1	1	5	1030
0.448882	1	1	5	1030
0.448922	1	1	5	1030
0.448962	1	1	5	1030
0.449002	1	1	5	1030
0.449042	1	1	5	1030
0.449082	1	1	5	1030
0.449122	1	1	5	1030
0.449162	1	1	5	1030
0.449202	1	1	5	1030
0.449242	1	1	5	1030
0.449282	1	1	5	1030
0.449322	1	1	5	1030
0.449362	1	1	5	1030
0.449402	1	1	5	1030
0.449442	1	1	5	1030
0.449482	1	1	5	1030
0.449522	1	1	5	1030
0.449562	1	1	5	1030
0.449602	1	1	5	1030
0.449642	1	1	5	1030
0.449682	1	1	5	1030
0.449722	1	1	5	1030
0.449762	1	1	5	1030
0.449802	1	1	5	1030
0.449842	1	1	5	1030
0.449882	1	1	5	1030
0.449922	1	1	5	1030
0.449962	1	1	5	1030
0.450002	1	1	5	1030
0.450042	1	1	5	1030
0.450082	1	1	5	1030
0.450122	1	1	5	1030
0.450162	1	1	5	1030
0.450202	1	1	5	1030
0.450242	1	1	5	1030
0.450282	1	1	5	1030
0.450322	1	1	5	1030
0.450362	1	1	5	1030
0.450402	1	1	5	1030
0.450442	1	1	5	1030
0.450482	1	1	5	1030
0.450522	1	1	5	1030
0.450562	1	1	5	1030
0.450602	1	1	5	1030
0.450642	1	1	5	1030
0.450682	1	1	5	1030
0.450722	1	1	5	1030
0.450762	1	1	5	1030
0.450802	1	1	5	1030
0.450842	1	1	5	1030
0.450882	1	1	5	1030
0.450922	1	1	5	1030
0.450962	1	1	5	1030
0.451002	1	1	5	1030
0.451042	1	1	5	1030
0.451082	1	1	5	1030
0.451122	1	1	5	1030
0.451162	1	1	5	1030
0.451202	1	1	5	1030
0.451242	1	1	5	1030
0.451282	1	1	5	1030
0.451322	1	1	5	1030
0.451362	1	1	5	1030
0.451402	1	1	5	1030
0.451442	1	1	5	1030
0.451482	1	1	5	1030
0.451522	1	1	5	1030
0.451562	1	1	5	1030
0.451602	1	1	5	1030
0.451642	1	1	5	1030
0.451682	1	1	5	1030
0.451722	1	1	5	1030
0.451762	1	1	5	1030
0.451802	1	1	5	1030
0.451842	1	1	5	1030
0.451882	1	1	5	1030
0.451922	1	1	5	1030
0.451962	1	1	5	1030
0.452002	1	1	5	1030
0.452042	1	1	5	1030
0.452082	1	1	5	1030
0.452122	1	1	5	1030
0.452162	1	1	5	1030
0.452202	1	1	5	1030
0.452242	1	1	5	1030
0.452282	1	1	5	1030
0.452322	1	1	5	1030
0.452362	1	1	5	1030
0.452402	1	1	5	1030
0.452442	1	1	5	1030
0.452482	1	1	5	1030
0.452522	1	1	5	1030
0.452562	1	1	5	1030
0.452602	1	1	5	1030
0.452642	1	1	5	1030
0.452682	1	1	5	1030
0.452722	1	1	5	1030
0.452762	1	1	5	1030
0.452802	1	1	5	1030
0.452842	1	1	5	1030
0.452882	1	1	5	1030
0.452922	1	1	5	1030
0.452962	1	1	5	1030
0.453002	1	1	5	1030
0.453042	1	1	5	1030
0.453082	1	1	5	1030
0.453122	1	1	5	1030
0.453162	1	1	5	1030
0.453202	1	1	5	1030
0.453242	1	1	5	1030
0.453282	1	1	5	1030
0.453322	1	1	5	1030
0.453362	1	1	5	1030
0.453402	1	1	5	1030
0.453442	1	1	5	1030
0.453482	1	1	5	1030
0.453522	1	1	5	1030
0.453562	1	1	5	1030
0.453602	1	1	5	1030
0.453642	1	1	5	1030
0.453682	1	1	5	1030
0.453722	1	1	5	1030
0.453762	1	1	5	1030
0.453802	1	1	5	1030
0.453842	1	1	5	1030
0.453882	1	1	5	1030
0.453922	1	1	5	1030
0.453962	1	1	5	1030
0.454002	1	1	5	1030
0.454042	1	1	5	1030
0.454082	1	1	5	1030
0.454122	1	1	5	1030
0.454162	1	1	5	1030
0.454202	1	1	5	1030
0.454242	1	1	5	1030
0.454282	1	1	5	1030
0.454322	1	1	5	1030
0.454362	1	1	5	1030
0.454402	1	1	5	1030
0.454442	1	1	5	1030
0.454482	1	1	5	1030
0.454522	1	1	5	1030
0.454562	1	1	5	1030
0.454602	1	1	5	1030
0.454642	1	1	5	1030
0.454682	1	1	5	1030
0.454722	1	1	5	1030
0.454762	1	1	5	1030
0.454802	1	1	5	1030
0.454842	1	1	5	1030
0.454882	1	1	5	1030
0.454922	1	1	5	1030
0.454962	1	1	5	1030
0.455002	1	1	5	1030
0.455042	1	1	5	1030
0.455082	1	1	5	1030
0.455122	1	1	5	1030
0.455162	1	1	5	1030
0.455202	1	1	5	1030
0.455242	1	1	5	1030
0.455282	1	1	5	1030
0.455322	1	1	5	1030
0.455362	1	1	5	1030
0.455402	1	1	5	1030
0.455442	1	1	5	1030
0.455482	1	1	5	1030
0.455522	1	1	5	1030
0.455562	1	1	5	1030
0.455602	1	1	5	1030
0.455642	1	1	5	1030
0.455682	1	1	5	1030
0.455722	1	1	5	1030
0.455762	1	1	5	1030
0.455802	1	1	5	1030
0.455842	1	1	5	1030
0.455882	1	1	5	1030
0.455922	1	1	5	1030
0.455962	1	1	5	1030
0.456002	1	1	5	1030
0.456042	1	1	5	1030
0.456082	1	1	5	1030
0.456122	1	1	5	1030
0.456162	1	1	5	1030
0.456202	1	1	5	1030
0.456242	1	1	5	1030
0.456282	1	1	5	1030
0.456322	1	1	5	1030
0.456362	1	1	5	1030
0.456402	1	1	5	1030
0.456442	1	1	5	1030
0.456482	1	1	5	1030
0.456522	1	1	5	1030
0.456562	1	1	5	1030
0.456602	1	1	5	1030
0.456642	1	1	5	1030
0.456682	1	1	5	1030
0.456722	1	1	5	1030
0.456762	1	1	5	1030
0.456802	1	1	5	1030
0.456842	1	1	5	1030
0.456882	1	1	5	1030
0.456922	1	1	5	1030
0.456962	1	1	5	1030
0.457002	1	1	5	1030
0.457042	1	1	5	1030
0.457082	1	1	5	1030
0.457122	1	1	5	1030
0.457162	1	1	5	1030
0.457202	1	1	5	1030
0.457242	1	1	5	1030
0.457282	1	1	5	1030
0.457322	1	1	5	1030
0.457362	1	1	5	1030
0.457402	1	1	5	1030
0.457442	1	1	5	1030
0.457482	1	1	5	1030
0.457522	1	1	5	1030
0.457562	1	1	5	1030
0.457602	1	1	5	1030
0.457642	1	1	5	1030
0.457682	1	1	5	1030
0.457722	1	1	5	1030
0.457762	1	1	5	1030
0.457802	1	1	5	1030
0.457842	1	1	5	1030
0.457882	1	1	5	1030
0.457922	1	1	5	1030
0.457962	1	1	5	1030
0.458002	1	1	5	1030
0.458042	1	1	5	1030
0.458082	1	1	5	1030
0.458122	1	1	5	1030
0.458162	1	1	5	1030
0.458202	1	1	5	1030
0.458242	1	1	5	1030
0.458282	1	1	5	1030
0.458322	1	1	5	1030
0.458362	1	1	5	1030
0.458402	1	1	5	1030
0.458442	1	1	5	1030
0.458482	1	1	5	1030
0.458522	1	1	5	1030
0.458562	1	1	5	1030
0.458602	1	1	5	1030
0.458642	1	1	5	1030
0.458682	1	1	5	1030
0.458722	1	1	5	1030
0.458762	1	1	5	1030
0.458802	1	1	5	1030
0.458842	1	1	5	1030
0.458882	1	1	5	1030
0.458922	1	1	5	1030
0.458962	1	1	5	1030
0.459002	1	1	5	1030
0.459042	1	1	5	1030
0.459082	1	1	5	1030
0.459122	1	1	5	1030
0.459162	1	1	5	1030
0.459202	1	1	5	1030
0.459242	1	1	5	1030
0.459282	1	1	5	1030
0.459322	1	1	5	1030
0.459362	1	1	5	1030
0.459402	1	1	5	1030
0.459442	1	1	5	1030
0.459482	1	1	5	1030
0.459522	1	1	5	1030
0.459562	1	1	5	1030
0.459602	1	1	5	1030
0.459642	1	1	5	1030
0.459682	1	1	5	1030
0.459722	1	1	5	1030
0.459762	1	1	5	1030
0.459802	1	1	5	1030
0.459842	1	1	5	1030
0.459882	1	1	5	1030
0.459922	1	1	5	1030
0.459962	1	1	5	1030
0.460002	1	1	5	1030
0.460042	1	1	5	1030
0.460082	1	1	5	1030
0.460122	1	1	5	1030
0.460162	1	1	5	1030
0.460202	1	1	5	1030
0.460242	1	1	5	1030
0.460282	1	1	5	1030
0.460322	1	1	5	1030
0.460362	1	1	5	1030
0.460402	1	1	5	1030
0.460442	1	1	5	1030
0.460482	1	1	5	1030
0.460522	1	1	5	1030
0.460562	1	1	5	1030
0.460602	1	1	5	1030
0.460642	1	1	5	1030
0.460682	1	1	5	1030
0.460722	1	1	5	1030
0.460762	1	1	5	1030
0.460802	1	1	5	1030
0.460842	1	1	5	1030
0.460882	1	1	5	1030
0.460922	1	1	5	1030
0.460962	1	1	5	1030
0.461002	1	1	5	1030
0.461042	1	1	5	1030
0.461082	1	1	5	1030
0.461122	1	1	5	1030
0.461162	1	1	5	1030
0.461202	1	1	5	1030
0.461242	1	1	5	1030
0.461282	1	1	5	1030
0.461322	1	1	5	1030
0.461362	1	1	5	1030
0.461402	1	1	5	1030
0.461442	1	1	5	1030
0.461482	1	1	5	1030
0.461522	1	1	5	1030
0.461562	1	1	5	1030
0.461602	1	1	5	1030
0.461642	1	1	5	1030
0.461682	1	1	5	1030
0.461722	1	1	5	1030
0.461762	1	1	5	1030
0.461802	1	1	5	1030
0.461842	1	1	5	1030
0.461882	1	1	5	1030
0.461922	1	1	5	1030
0.461962	1	1	5	1030
0.462002	1	1	5	1030
0.462042	1	1	5	1030
0.462082	1	1	5	1030
0.462122	1	1	5	1030
0.462162	1	1	5	1030
0.462202	1	1	5	1030
0.462242	1	1	5	1030
0.462282	1	1	5	1030
0.462322	1	1	5	1030
0.462362	1	1	5	1030
0.462402	1	1	5	1030
0.462442	1	1	5	1030
0.462482	1	1	5	1030
0.462522	1	1	5	1030
0.462562	1	1	5	1030
0.462602	1	1	5	1030
0.462642	1	1	5	1030
0.462682	1	1	5	1030
0.462722	1	1	5	1030
0.462762	1	1	5	1030
0.462802	1	1	5	1030
0.462842	1	1	5	1030
0.462882	1	1	5	1030
0.462922	1	1	5	1030
0.462962	1	1	5	1030
0.463002	1	1	5	1030
0.463042	1	1	5	1030
0.463082	1	1	5	1030
0.463122	1	1	5	1030
0.463162	1	1	5	1030
0.463202	1	1	5	1030
0.463242	1	1	5	1030
0.463282	1	1	5	1030
0.463322	1	1	5	1030
0.463362	1	1	5	1030
0.463402	1	1	5	1030
0.463442	1	1	5	1030
0.463482	1	1	5	1030
0.463522	1	1	5	1030
0.463562	1	1	5	1030
0.463602	1	1	5	1030
0.463642	1	1	5	1030
0.463682	1	1	5	1030
0.463722	1	1	5	1030
0.463762	1	1	5	1030
0.463802	1	1	5	1030
0.463842	1	1	5	1030
0.463882	1	1	5	1030
0.463922	1	1	5	1030
0.463962	1	1	5	1030
0.464002	1	1	5	1030
0.464042	1	1	5	1030
0.464082	1	1	5	1030
0.464122	1	1	5	1030
0.464162	1	1	5	1030
0.464202	1	1	5	1030
0.464242	1	1	5	1030
0.464282	1	1	5	1030
0.464322	1	1	5	1030
0.464362	1	1	5	1030
0.464402	1	1	5	1030
0.464442	1	1	5	1030
0.464482	1	1	5	1030
0.464522	1	1	5	1030
0.464562	1	1	5	1030
0.464602	1	1	5	1030
0.464642	1	1	5	1030
0.464682	1	1	5	1030
0.464722	1	1	5	1030
0.464762	1	1	5	1030
0.464802	1	1	5	1030
0.464842	1	1	5	1030
0.464882	1	1	5	1030
0.464922	1	1	5	1030
0.464962	1	1	5	1030
0.465002	1	1	5	1030
0.465042	1	1	5	1030
0.465082	1	1	5	1030
0.465122	1	1	5	1030
0.465162	1	1	5	1030
0.465202	1	1	5	1030
0.465242	1	1	5	1030
0.465282	1	1	5	1030
0.465322	1	1	5	1030
0.465362	1	1	5	1030
0.465402	1	1	5	1030
0.465442	1	1	5	1030
0.465482	1	1	5	1030
0.465522	1	1	5	1030
0.465562	1	1	5	1030
0.465602	1	1	5	1030
0.465642	1	1	5	1030
0.465682	1	1	5	1030
0.465722	1	1	5	1030
0.465762	1	1	5	1030
0.465802	1	1	5	1030
0.465842	1	1	5	1030
0.465882	1	1	5	1030
0.465922	1	1	5	1030
0.465962	1	1	5	1030
0.466002	1	1	5	1030
0.466042	1	1	5	1030
0.466082	1	1	5	1030
0.466122	1	1	5	1030
0.466162	1	1	5	1030
0.466202	1	1	5	1030
0.466242	1	1	5	1030
0.466282	1	1	5	1030
0.466322	1	1	5	1030
0.466362	1	1	5	1030
0.466402	1	1	5	1030
0.466442	1	1	5	1030
0.466482	1	1	5	1030
0.466522	1	1	5	1030
0.466562	1	1	5	1030
0.466602	1	1	5	1030
0.466642	1	1	5	1030
0.466682	1	1	5	1030
0.466722	1	1	5	1030
0.466762	1	1	5	1030
0.466802	1	1	5	1030
0.466842	1	1	5	1030
0.466882	1	1	5	1030
0.466922	1	1	5	1030
0.466962	1	1	5	1030
0.467002	1	1	5	1030
0.467042	1	1	5	1030
0.467082	1	1	5	1030
0.467122	1	1	5	1030
0.467162	1	1	5	1030
0.467202	1	1	5	1030
0.467242	1	1	5	1030
0.467282	1	1	5	1030
0.467322	1	1	5	1030
0.467362	1	1	5	1030
0.467402	1	1	5	1030
0.467442	1	1	5	1030
0.467482	1	1	5	1030
0.467522	1	1	5	1030
0.467562	1	1	5	1030
0.467602	1	1	5	1030
0.467642	1	1	5	1030
0.467682	1	1	5	1030
0.467722	1	1	5	1030
0.467762	1	1	5	1030
0.467802	1	1	5	1030
0.467842	1	1	5	1030
0.467882	1	1	5	1030
0.467922	1	1	5	1030
0.467962	1	1	5	1030
0.468002	1	1	5	1030
0.468042	1	1	5	1030
0.468082	1	1	5	1030
0.468122	1	1	5	1030
0.468162	1	1	5	1030
0.468202	1	1	5	1030
0.468242	1	1	5	1030
0.468282	1	1	5	1030
0.468322	1	1	5	1030
0.468362	1	1	5	1030
0.468402	1	1	5	1030
0.468442	1	1	5	1030
0.468482	1	1	5	1030
0.468522	1	1	5	1030
0.468562	1	1	5	1030
0.468602	1	1	5	1030
0.468642	1	1	5	1030
0.468682	1	1	5	1030
0.468722	1	1	5	1030
0.468762	1	1	5	1030
0.468802	1	1	5	1030
0.468842	1	1	5	1030
0.468882	1	1	5	1030
0.468922	1	1	5	1030
0.468962	1	1	5	1030
0.469002	1	1	5	1030
0.469042	1	1	5	1030
0.469082	1	1	5	1030
0.469122	1	1	5	1030
0.469162	1	1	5	1030
0.469202	1	1	5	1030
0.469242	1	1	5	1030
0.469282	1	1	5	1030
0.469322	1	1	5	1030
0.469362	1	1	5	1030
0.469402	1	1	5	1030
0.469442	1	1	5	1030
0.469482	1	1	5	1030
0.469522	1	1	5	1030
0.469562	1	1	5	1030
0.469602	1	1	5	1030
0.469642	1	1	5	1030
0.469682	1	1	5	1030
0.469722	1	1	5	1030
0.469762	1	1	5	1030
0.469802	1	1	5	1030
0.469842	1	1	5	1030
0.469882	1	1	5	1030
0.469922	1	1	5	1030
0.469962	1	1	5	1030
0.470002	1	1	5	1030
0.470042	1	1	5	1030
0.470082	1	1	5	1030
0.470122	1	1	5	1030
0.470162	1	1	5	1030
0.470202	1	1	5	1030
0.470242	1	1	5	1030
0.470282	1	1	5	1030
0.470322	1	1	5	1030
0.470362	1	1	5	1030
0.470402	1	1	5	1030
0.470442	1	1	5	1030
0.470482	1	1	5	1030
0.470522	1	1	5	1030
0.470562	1	1	5	1030
0.470602	1	1	5	1030
0.470642	1	1	5	1030
0.470682	1	1	5	1030
0.470722	1	1	5	1030
0.470762	1	1	5	1030
0.470802	1	1	5	1030
0.470842	1	1	5	1030
0.470882	1	1	5	1030
0.470922	1	1	5	1030
0.470962	1	1	5	1030
0.471002	1	1	5	1030
0.471042	1	1	5	1030
0.471082	1	1	5	1030
0.471122	1	1	5	1030
0.471162	1	1	5	1030
0.471202	1	1	5	1030
0.471242	1	1	5	1030
0.471282	1	1	5	1030
0.471322	1	1	5	1030
0.471362	1	1	5	1030
0.471402	1	1	5	1030
0.471442	1	1	5	1030
0.471482	1	1	5	1030
0.471522	1	1	5	1030
0.471562	1	1	5	1030
0.471602	1	1	5	1030
0.471642	1	1	5	1030
0.471682	1	1	5	1030
0.471722	1	1	5	1030
0.471762	1	1	5	1030
0.471802	1	1	5	1030
0.471842	1	1	5	1030
0.471882	1	1	5	1030
0.471922	1	1	5	1030
0.471962	1	1	5	1030
0.472002	1	1	5	1030
0.472042	1	1	5	1030
0.472082	1	1	5	1030
0.472122	1	1	5	1030
0.472162	1	1	5	1030
0.472202	1	1	5	1030
0.472242	1	1	5	1030
0.472282	1	1	5	1030
0.472322	1	1	5	1030
0.472362	1	1	5	1030
0.472402	1	1	5	1030
0.472442	1	1	5	1030
0.472482	1	1	5	1030
0.472522	1	1	5	1030
0.472562	1	1	5	1030
0.472602	1	1	5	1030
0.472642	1	1	5	1030
0.472682	1	1	5	1030
0.472722	1	1	5	1030
0.472762	1	1	5	1030
0.472802	1	1	5	1030
0.472842	1	1	5	1030
0.472882	1	1	5	1030
0.472922	1	1	5	1030
0.472962	1	1	5	1030
0.473002	1	1	5	1030
0.473042	1	1	5	1030
0.473082	1	1	5	1030
0.473122	1	1	5	1030
0.473162	1	1	5	1030
0.473202	1	1	5	1030
0.473242	1	1	5	1030
0.473282	1	1	5	1030
0.473322	1	1	5	1030
0.473362	1	1	5	1030
0.473402	1	1	5	1030
0.473442	1	1	5	1030
0.473482	1	1	5	1030
0.473522	1	1	5	1030
0.473562	1	1	5	1030
0.473602	1	1	5	1030
0.473642	1	1	5	1030
0.473682	1	1	5	1030
0.473722	1	1	5	1030
0.473762	1	1	5	1030
0.473802	1	1	5	1030
0.473842	1	1	5	1030
0.473882	1	1	5	1030
0.473922	1	1	5	1030
0.473962	1	1	5	1030
0.474002	1	1	5	1030
0.474042	1	1	5	1030
0.474082	1	1	5	1030
0.474122	1	1	5	1030
0.474162	1	1	5	1030
0.474202	1	1	5	1030
0.474242	1	1	5	1030
0.474282	1	1	5	1030
0.474322	1	1	5	1030
0.474362	1	1	5	1030
0.474402	1	1	5	1030
0.474442	1	1	5	1030
0.474482	1	1	5	1030
0.474522	1	1	5	1030
0.474562	1	1	5	1030
0.474602	1	1	5	1030
0.474642	1	1	5	1030
0.474682	1	1	5	1030
0.474722	1	1	5	1030
0.474762	1	1	5	1030
0.474802	1	1	5	1030
0.474842	1	1	5	1030
0.474882	1	1	5	1030
0.474922	1	1	5	1030
0.474962	1	1	5	1030
0.475002	1	1	5	1030
0.475042	1	1	5	1030
0.475082	1	1	5	1030
0.475122	1	1	5	1030
0.475162	1	1	5	1030
0.475202	1	1	5	1030
0.475242	1	1	5	1030
0.475282	1	1	5	1030
0.475322	1	1	5	1030
0.475362	1	1	5	1030
0.475402	1	1	5	1030
0.475442	1	1	5	1030
0.475482	1	1	5	1030
0.475522	1	1	5	1030
0.475562	1	1	5	1030
0.475602	1	1	5	1030
0.475642	1	1	5	1030
0.475682	1	1	5	1030
0.475722	1	1	5	1030
0.475762	1	1	5	1030
0.475802	1	1	5	1030
0.475842	1	1	5	1030
0.475882	1	1	5	1030
0.475922	1	1	5	1030
0.475962	1	1	5	1030
0.476002	1	1	5	1030
0.476042	1	1	5	1030
0.476082	1	1	5	1030
0.476122	1	1	5	1030
0.476162	1	1	5	1030
0.476202	1	1	5	1030
0.476242	1	1	5	1030
0.476282	1	1	5	1030
0.476322	1	1	5	1030
0.476362	1	1	5	1030
0.476402	1	1	5	1030
0.476442	1	1	5	1030
0.476482	1	1	5	1030
0.476522	1	1	5	1030
0.476562	1	1	5	1030
0.476602	1	1	5	1030
0.476642	1	1	5	1030
0.476682	1	1	5	1030
0.476722	1	1	5	1030
0.476762	1	1	5	1030
0.476802	1	1	5	1030
0.476842	1	1	5	1030
0.476882	1	1	5	1030
0.476922	1	1	5	1030
0.476962	1	1	5	1030
0.477002	1	1	5	1030
0.477042	1	1	5	1030
0.477082	1	1	5	1030
0.477122	1	1	5	1030
0.477162	1	1	5	1030
0.477202	1	1	5	1030
0.477242	1	1	5	1030
0.477282	1	1	5	1030
0.477322	1	1	5	1030
0.477362	1	1	5	1030
0.477402	1	1	5	1030
0.477442	1	1	5	1030
0.477482	1	1	5	1030
0.477522	1	1	5	1030
0.477562	1	1	5	1030
0.477602	1	1	5	1030
0.477642	1	1	5	1030
0.477682	1	1	5	1030
0.477722	1	1	5	1030
0.477762	1	1	5	1030
0.477802	1	1	5	1030
0.477842	1	1	5	1030
0.477882	1	1	5	1030
0.477922	1	1	5	1030
0.477962	1	1	5	1030
0.478002	1	1	5	1030
0.478042	1	1	5	1030
0.478082	1	1	5	1030
0.478122	1	1	5	1030
0.478162	1	1	5	1030
0.478202	1	1	5	1030
0.478242	1	1	5	1030
0.478282	1	1	5	1030
0.478322	1	1	5	1030
0.478362	1	1	5	1030
0.478402	1	1	5	1030
0.478442	1	1	5	1030
0.478482	1	1	5	1030
0.478522	1	1	5	1030
0.478562	1	1	5	1030
0.478602	1	1	5	1030
0.478642	1	1	5	1030
0.478682	1	1	5	1030
0.478722	1	1	5	1030
0.478762	1	1	5	1030
0.478802	1	1	5	1030
0.478842	1	1	5	1030
0.478882	1	1	5	1030
0.478922	1	1	5	1030
0.478962	1	1	5	1030
0.479002	1	1	5	1030
0.479042	1	1	5	1030
0.479082	1	1	5	1030
0.479122	1	1	5	1030
0.479162	1	1	5	1030
0.479202	1	1	5	1030
0.479242	1	1	5	1030
0.479282	1	1	5	1030
0.479322	1	1	5	1030
0.479362	1	1	5	1030
0.479402	1	1	5	1030
0.479442	1	1	5	1030
0.479482	1	1	5	1030
0.479522	1	1	5	1030
0.479562	1	1	5	1030
0.479602	1	1	5	1030
0.479642	1	1	5	1030
0.479682	1	1	5	1030
0.479722	1	1	5	1030
0.479762	1	1	5	1030
0.479802	1	1	5	1030
0.479842	1	1	5	1030
0.479882	1	1	5	1030
0.479922	1	1	5	1030
0.479962	1	1	5	1030
0.480002	1	1	5	1030
0.480042	1	1	5	1030
0.480082	1	1	5	1030
0.480122	1	1	5	1030
0.480162	1	1	5	1030
0.480202	1	1	5	1030
0.480242	1	1	5	1030
0.480282	1	1	5	1030
0.480322	1	1	5	1030
0.480362	1	1	5	1030
0.480402	1	1	5	1030
0.480442	1	1	5	1030
0.480482	1	1	5	1030
0.480522	1	1	5	1030
0.480562	1	1	5	1030
0.480602	1	1	5	1030
0.480642	1	1	5	1030
0.480682	1	1	5	1030
0.480722	1	1	5	1030
0.480762	1	1	5	1030
0.480802	1	1	5	1030
0.480842	1	1	5	1030
0.480882	1	1	5	1030
0.480922	1	1	5	1030
0.480962	1	1	5	1030
0.481002	1	1	5	1030
0.481042	1	1	5	1030
0.481082	1	1	5	1030
0.481122	1	1	5	1030
0.481162	1	1	5	1030
0.481202	1	1	5	1030
0.481242	1	1	5	1030
0.481282	1	1	5	1030
0.481322	1	1	5	1030
0.481362	1	1	5	1030
0.481402	1	1	5	1030
0.481442	1	1	5	1030
0.481482	1	1	5	1030
0.481522	1	1	5	1030
0.481562	1	1	5	1030
0.481602	1	1	5	1030
0.481642	1	1	5	1030
0.481682	1	1	5	1030
0.481722	1	1	5	1030
0.481762	1	1	5	1030
0.481802	1	1	5	1030
0.481842	1	1	5	1030
0.481882	1	1	5	1030
0.481922	1	1	5	1030
0.481962	1	1	5	1030
0.482002	1	1	5	1030
0.482042	1	1	5	1030
0.482082	1	1	5	1030
0.482122	1	1	5	1030
0.482162	1	1	5	1030
0.482202	1	1	5	1030
0.482242	1	1	5	1030
0.482282	1	1	5	1030
0.482322	1	1	5	1030
0.482362	1	1	5	1030
0.482402	1	1	5	1030
0.482442	1	1	5	1030
0.482482	1	1	5	1030
0.482522	1	1	5	1030
0.482562	1	1	5	1030
0.482602	1	1	5	1030
0.482642	1	1	5	1030
0.482682	1	1	5	1030
0.482722	1	1	5	1030
0.482762	1	1	5	1030
0.482802	1	1	5	1030
0.482842	1	1	5	1030
0.482882	1	1	5	1030
0.482922	1	1	5	1030
0.482962	1	1	5	1030
0.483002	1	1	5	1030
0.483042	1	1	5	1030
0.483082	1	1	5	1030
0.483122	1	1	5	1030
0.483162	1	1	5	1030
0.483202	1	1	5	1030
0.483242	1	1	5	1030
0.483282	1	1	5	1030
0.483322	1	1	5	1030
0.483362	1	1	5	1030
0.483402	1	1	5	1030
0.483442	1	1	5	1030
0.483482	1	1	5	1030
0.483522	1	1	5	1030
0.483562	1	1	5	1030
0.483602	1	1	5	1030
0.483642	1	1	5	1030
0.483682	1	1	5	1030
0.483722	1	1	5	1030
0.483762	1	1	5	1030
0.483802	1	1	5	1030
0.483842	1	1	5	1030
0.483882	1	1	5	1030
0.483922	1	1	5	1030
0.483962	1	1	5	1030
0.484002	1	1	5	1030
0.484042	1	1	5	1030
0.484082	1	1	5	1030
0.484122	1	1	5	1030
0.484162	1	1	5	1030
0.484202	1	1	5	1030
0.484242	1	1	5	1030
0.484282	1	1	5	1030
0.484322	1	1	5	1030
0.484362	1	1	5	1030
0.484402	1	1	5	1030
0.484442	1	1	5	1030
0.484482	1	1	5	1030
0.484522	1	1	5	1030
0.484562	1	1	5	1030
0.484602	1	1	5	1030
0.484642	1	1	5	1030
0.484682	1	1	5	1030
0.484722	1	1	5	1030
0.484762	1	1	5	1030
0.484802	1	1	5	1030
0.484842	1	1	5	1030
0.484882	1	1	5	1030
0.484922	1	1	5	1030
0.484962	1	1	5	1030
0.485002	1	1	5	1030
0.485042	1	1	5	1030
0.485082	1	1	5	1030
0.485122	1	1	5	1030
0.485162	1	1	5	1030
0.485202	1	1	5	1030
0.485242	1	1	5	1030
0.485282	1	1	5	1030
0.485322	1	1	5	1030
0.485362	1	1	5	1030
0.485402	1	1	5	1030
0.485442	1	1	5	1030
0.485482	1	1	5	1030
0.485522	1	1	5	1030
0.485562	1	1	5	1030
0.485602	1	1	5	1030
0.485642	1	1	5	1030
0.485682	1	1	5	1030
0.485722	1	1	5	1030
0.485762	1	1	5	1030
0.485802	1	1	5	1030
0.485842	1	1	5	1030
0.485882	1	1	5	1030
0.485922	1	1	5	1030
0.485962	1	1	5	1030
0.486002	1	1	5	1030
0.486042	1	1	5	1030
0.486082	1	1	5	1030
0.486122	1	1	5	1030
0.486162	1	1	5	1030
0.486202	1	1	5	1030
0.486242	1	1	5	1030
0.486282	1	1	5	1030
0.486322	1	1	5	1030
0.486362	1	1	5	1030
0.486402	1	1	5	1030
0.486442	1	1	5	1030
0.486482	1	1	5	1030
0.486522	1	1	5	1030
0.486562	1	1	5	1030
0.486602	1	1	5	1030
0.486642	1	1	5	1030
0.486682	1	1	5	1030
0.486722	1	1	5	1030
0.486762	1	1	5	1030
0.486802	1	1	5	1030
0.486842	1	1	5	1030
0.486882	1	1	5	1030
0.486922	1	1	5	1030
0.486962	1	1	5	1030
0.487002	1	1	5	1030
0.487042	1	1	5	1030
0.487082	1	1	5	1030
0.487122	1	1	5	1030
0.487162	1	1	5	1030
0.487202	1	1	5	1030
0.487242	1	1	5	1030
0.487282	1	1	5	1030
0.487322	1	1	5	1030
0.487362	1	1	5	1030
0.487402	1	1	5	1030
0.487442	1	1	5	1030
0.487482	1	1	5	1030
0.487522	1	1	5	1030
0.487562	1	1	5	1030
0.487602	1	1	5	1030
0.487642	1	1	5	1030
0.487682	1	1	5	1030
0.487722	1	1	5	1030
0.487762	1	1	5	1030
0.487802	1	1	5	1030
0.487842	1	1	5	1030
0.487882	1	1	5	1030
0.487922	1	1	5	1030
0.487962	1	1	5	1030
0.488002	1	1	5	1030
0.488042	1	1	5	1030
0.488082	1	1	5	1030
0.488122	1	1	5	1030
0.488162	1	1	5	1030
0.488202	1	1	5	1030
0.488242	1	1	5	1030
0.488282	1	1	5	1030
0.488322	1	1	5	1030
0.488362	1	1	5	1030
0.488402	1	1	5	1030
0.488442	1	1	5	1030
0.488482	1	1	5	1030
0.488522	1	1	5	1030
0.488562	1	1	5	1030
0.488602	1	1	5	1030
0.488642	1	1	5	1030
0.488682	1	1	5	1030
0.488722	1	1	5	1030
0.488762	1	1	5	1030
0.488802	1	1	5	1030
0.488842	1	1	5	1030
0.488882	1	1	5	1030
0.488922	1	1	5	1030
0.488962	1	1	5	1030
0.489002	1	1	5	1030
0.489042	1	1	5	1030
0.489082	1	1	5	1030
0.489122	1	1	5	1030
0.489162	1	1	5	1030
0.489202	1	1	5	1030
0.489242	1	1	5	1030
0.489282	1	1	5	1030
0.489322	1	1	5	1030
0.489362	1	1	5	1030
0.489402	1	1	5	1030
0.489442	1	1	5	1030
0.489482	1	1	5	1030
0.489522	1	1	5	1030
0.489562	1	1	5	1030
0.489602	1	1	5	1030
0.489642	1	1	5	1030
0.489682	1	1	5	1030
0.489722	1	1	5	1030
0.489762	1	1	5	1030
0.489802	1	1	5	1030
0.489842	1	1	5	1030
0.489882	1	1	5	1030
0.489922	1	1	5	1030
0.489962	1	1	5	1030
0.490002	1	1	5	1030
0.490042	1	1	5	1030
0.490082	1	1	5	1030
0.490122	1	1	5	1030
0.490162	1	1	5	1030
0.490202	1	1	5	1030
0.490242	1	1	5	1030
0.490282	1	1	5	1030
0.490322	1	1	5	1030
0.490362	1	1	5	1030
0.490402	1	1	5	1030
0.490442	1	1	5	1030
0.490482	1	1	5	1030
0.490522	1	1	5	1030
0.490562	1	1	5	1030
0.490602	1	1	5	1030
0.490642	1	1	5	1030
0.490682	1	1	5	1030
0.490722	1	1	5	1030
0.490762	1	1	5	1030
0.490802	1	1	5	1030
0.490842	1	1	5	1030
0.490882	1	1	5	1030
0.490922	1	1	5	1030
0.490962	1	1	5	1030
0.491002	1	1	5	1030
0.491042	1	1	5	1030
0.491082	1	1	5	1030
0.491122	1	1	5	1030
0.491162	1	1	5	1030
0.491202	1	1	5	1030
0.491242	1	1	5	1030
0.491282	1	1	5	1030
0.491322	1	1	5	1030
0.491362	1	1	5	1030
0.491402	1	1	5	1030
0.491442	1	1	5	1030
0.491482	1	1	5	1030
0.491522	1	1	5	1030
0.491562	1	1	5	1030
0.491602	1	1	5	1030
0.491642	1	1	5	1030
0.491682	1	1	5	1030
0.491722	1	1	5	1030
0.491762	1	1	5	1030
0.491802	1	1	5	1030
0.491842	1	1	5	1030
0.491882	1	1	5	1030
0.491922	1	1	5	1030
0.491962	1	1	5	1030
0.492002	1	1	5	1030
0.492042	1	1	5	1030
0.492082	1	1	5	1030
0.492122	1	1	5	1030
0.492162	1	1	5	1030
0.492202	1	1	5	1030
0.492242	1	1	5	1030
0.492282	1	1	5	1030
0.492322	1	1	5	1030
0.492362	1	1	5	1030
0.492402	1	1	5	1030
0.492442	1	1	5	1030
0.492482	1	1	5	1030
0.492522	1	1	5	1030
0.492562	1	1	5	1030
0.492602	1	1	5	1030
0.492642	1	1	5	1030
0.492682	1	1	5	1030
0.492722	1	1	5	1030
0.492762	1	1	5	1030
0.492802	1	1	5	1030
0.492842	1	1	5	1030
0.492882	1	1	5	1030
0.492922	1	1	5	1030
0.492962	1	1	5	1030
0.493002	1	1	5	1030
0.493042	1	1	5	1030
0.493082	1	1	5	1030
0.493122	1	1	5	1030
0.493162	1	1	5	1030
0.493202	1	1	5	1030
0.493242	1	1	5	1030
0.493282	1	1	5	1030
0.493322	1	1	5	1030
0.493362	1	1	5	1030
0.493402	1	1	5	1030
0.493442	1	1	5	1030
0.493482	1	1	5	1030
0.493522	1	1	5	1030
0.493562	1	1	5	1030
0.493602	1	1	5	1030
0.493642	1	1	5	1030
0.493682	1	1	5	1030
0.493722	1	1	5	1030
0.493762	1	1	5	1030
0.493802	1	1	5	1030
0.493842	1	1	5	1030
0.493882	1	1	5	1030
0.493922	1	1	5	1030
0.493962	1	1	5	1030
0.494002	1	1	5	1030
0.494042	1	1	5	1030
0.494082	1	1	5	1030
0.494122	1	1	5	1030
0.494162	1	1	5	1030
0.494202	1	1	5	1030
0.494242	1	1	5	1030
0.494282	1	1	5	1030
0.494322	1	1	5	1030
0.494362	1	1	5	1030
0.494402	1	1	5	1030
0.494442	1	1	5	1030
0.494482	1	1	5	1030
0.494522	1	1	5	1030
0.494562	1	1	5	1030
0.494602	1	1	5	1030
0.494642	1	1	5	1030
0.494682	1	1	5	1030
0.494722	1	1	5	1030
0.494762	1	1	5	1030
0.494802	1	1	5	1030
0.494842	1	1	5	1030
0.494882	1	1	5	1030
0.494922	1	1	5	1030
0.494962	1	1	5	1030
0.495002	1	1	5	1030
0.495042	1	1	5	1030
0.495082	1	1	5	1030
0.495122	1	1	5	1030
0.495162	1	1	5	1030
0.495202	1	1	5	1030
0.495242	1	1	5	1030
0.495282	1	1	5	1030
0.495322	1	1	5	1030
0.495362	1	1	5	1030
0.495402	1	1	5	1030
0.495442	1	1	5	1030
0.495482	1	1	5	1030
0.495522	1	1	5	1030
0.495562	1	1	5	1030
0.495602	1	1	5	1030
0.495642	1	1	5	1030
0.495682	1	1	5	1030
0.495722	1	1	5	1030
0.495762	1	1	5	1030
0.495802	1	1	5	1030
0.495842	1	1	5	1030
0.495882	1	1	5	1030
0.495922	1	1	5	1030
0.495962	1	1	5	1030
0.496002	1	1	5	1030
0.496042	1	1	5	1030
0.496082	1	1	5	1030
0.496122	1	1	5	1030
0.496162	1	1	5	1030
0.496202	1	1	5	1030
0.496242	1	1	5	1030
0.496282	1	1	5	1030
0.496322	1	1	5	1030
0.496362	1	1	5	1030
0.496402	1	1	5	1030
0.496442	1	1	5	1030
0.496482	1	1	5	1030
0.496522	1	1	5	1030
0.496562	1	1	5	1030
0.496602	1	1	5	1030
0.496642	1	1	5	1030
0.496682	1	1	5	1030
0.496722	1	1	5	1030
0.496762	1	1	5	1030
0.496802	1	1	5	1030
0.496842	1	1	5	1030
0.496882	1	1	5	1030
0.496922	1	1	5	1030
0.496962	1	1	5	1030
0.497002	1	1	5	1030
0.497042	1	1	5	1030
0.497082	1	1	5	1030
0.497122	1	1	5	1030
0.497162	1	1	5	1030
0.497202	1	1	5	1030
0.497242	1	1	5	1030
0.497282	1	1	5	1030
0.497322	1	1	5	1030
0.497362	1	1	5	1030
0.497402	1	1	5	1030
0.497442	1	1	5	1030
0.497482	1	1	5	1030
0.497522	1	1	5	1030
0.497562	1	1	5	1030
0.497602	1	1	5	1030
0.497642	1	1	5	1030
0.497682	1	1	5	1030
0.497722	1	1	5	1030
0.497762	1	1	5	1030
0.497802	1	1	5	1030
0.497842	1	1	5	1030
0.497882	1	1	5	1030
0.497922	1	1	5	1030
0.497962	1	1	5	1030
0.498002	1	1	5	1030
0.498042	1	1	5	1030
0.498082	1	1	5	1030
0.498122	1	1	5	1030
0.498162	1	1	5	1030
0.498202	1	1	5	1030
0.498242	1	1	5	1030
0.498282	1	1	5	1030
0.498322	1	1	5	1030
0.498362	1	1	5	1030
0.498402	1	1	5	1030
0.498442	1	1	5	1030
0.498482	1	1	5	1030
0.498522	1	1	5	1030
0.498562	1	1	5	1030
0.498602	1	1	5	1030
0.498642	1	1	5	1030
0.498682	1	1	5	1030
0.498722	1	1	5	1030
0.498762	1	1	5	1030
0.498802	1	1	5	1030
0.498842	1	1	5	1030
0.498882	1	1	5	1030
0.498922	1	1	5	1030
0.498962	1	1	5	1030
0.499002	1	1	5	1030
0.499042	1	1	5	1030
0.499082	1	1	5	1030
0.499122	1	1	5	1030
0.499162	1	1	5	1030
0.499202	1	1	5	1030
0.499242	1	1	5	1030
0.499282	1	1	5	1030
0.499322	1	1	5	1030
0.499362	1	1	5	1030
0.499402	1	1	5	1030
0.499442	1	1	5	1030
0.499482	1	1	5	1030
0.499522	1	1	5	1030
0.499562	1	1	5	1030
0.499602	1	1	5	1030
0.499642	1	1	5	1030
0.499682	1	1	5	1030
0.499722	1	1	5	1030
0.499762	1	1	5	1030
0.499802	1	1	5	1030
0.499842	1	1	5	1030
0.499882	1	1	5	1030
0.499922	1	1	5	1030
0.499962	1	1	5	1030
0.500002	1	1	5	1030
0.500042	1	1	5	1030
0.500082	1	1	5	1030
0.500122	1	1	5	1030
0.500162	1	1	5	1030
0.500202	1	1	5	1030
0.500242	1	1	5	1030
0.500282	1	1	5	1030
0.500322	1	1	5	1030
0.500362	1	1	5	1030
0.500402	1	1	5	1030
0.500442	1	1	5	1030
0.500482	1	1	5	1030
0.500522	1	1	5	1030
0.500562	1	1	5	1030
0.500602	1	1	5	1030
0.500642	1	1	5	1030
0.500682	1	1	5	1030
0.500722	1	1	5	1030
0.500762	1	1	5	1030
0.500802	1	1	5	1030
0.500842	1	1	5	1030
0.500882	1	1	5	1030
0.500922	1	1	5	1030
0.500962	1	1	5	1030
0.501002	1	1	5	1030
0.501042	1	1	5	1030
0.501082	1	1	5	1030
0.501122	1	1	5	1030
0.501162	1	1	5	1030
0.501202	1	1	5	1030
0.501242	1	1	5	1030
0.501282	1	1	5	1030
0.501322	1	1	5	1030
0.501362	1	1	5	1030
0.501402	1	1	5	1030
0.501442	1	1	5	1030
0.501482	1	1	5	1030
0.501522	1	1	5	1030
0.501562	1	1	5	1030
0.501602	1	1	5	1030
0.501642	1	1	5	1030
0.501682	1	1	5	1030
0.501722	1	1	5	1030
0.501762	1	1	5	1030
0.501802	1	1	5	1030
0.501842	1	1	5	1030
0.501882	1	1	5	1030
0.501922	1	1	5	1030
0.501962	1	1	5	1030
0.502002	1	1	5	1030
0.502042	1	1	5	1030
0.502082	1	1	5	1030
0.502122	1	1	5	1030
0.502162	1	1	5	1030
0.502202	1	1	5	1030
0.502242	1	1	5	1030
0.502282	1	1	5	1030
0.502322	1	1	5	1030
0.502362	1	1	5	1030
0.502402	1	1	5	1030
0.502442	1	1	5	1030
0.502482	1	1	5	1030
0.502522	1	1	5	1030
0.502562	1	1	5	1030
0.502602	1	1	5	1030
0.502642	1	1	5	1030
0.502682	1	1	5	1030
0.502722	1	1	5	1030
0.502762	1	1	5	1030
0.502802	1	1	5	1030
0.502842	1	1	5	1030
0.502882	1	1	5	1030
0.502922	1	1	5	1030
0.502962	1	1	5	1030
0.503002	1	1	5	1030
0.503042	1	1	5	1030
0.503082	1	1	5	1030
0.503122	1	1	5	1030
0.503162	1	1	5	1030
0.503202	1	1	5	1030
0.503242	1	1	5	1030
0.503282	1	1	5	1030
0.503322	1	1	5	1030
0.503362	1	1	5	1030
0.503402	1	1	5	1030
0.503442	1	1	5	1030
0.503482	1	1	5	1030
0.503522	1	1	5	1030
0.503562	1	1	5	1030
0.503602	1	1	5	1030
0.503642	1	1	5	1030
0.503682	1	1	5	1030
0.503722	1	1	5	1030
0.503762	1	1	5	1030
0.503802	1	1	5	1030
0.503842	1	1	5	1030
0.503882	1	1	5	1030
0.503922	1	1	5	1030
0.503962	1	1	5	1030
0.504002	1	1	5	1030
0.504042	1	1	5	1030
0.504082	1	1	5	1030
0.504122	1	1	5	1030
0.504162	1	1	5	1030
0.504202	1	1	5	1030
0.504242	1	1	5	1030
0.504282	1	1	5	1030
0.504322	1	1	5	1030
0.504362	1	1	5	1030
0.504402	1	1	5	1030
0.504442	1	1	5	1030
0.504482	1	1	5	1030
0.504522	1	1	5	1030
0.504562	1	1	5	1030
0.504602	1	1	5	1030
0.504642	1	1	5	1030
0.504682	1	1	5	1030
0.504722	1	1	5	1030
0.504762	1	1	5	1030
0.504802	1	1	5	1030
0.504842	1	1	5	1030
0.504882	1	1	5	1030
0.504922	1	1	5	1030
0.504962	1	1	5	1030
0.505002	1	1	5	1030
0.505042	1	1	5	1030
0.505082	1	1	5	1030
0.505122	1	1	5	1030
0.505162	1	1	5	1030
0.505202	1	1	5	1030
0.505242	1	1	5	1030
0.505282	1	1	5	1030
0.505322	1	1	5	1030
0.505362	1	1	5	1030
0.505402	1	1	5	1030
0.505442	1	1	5	1030
0.505482	1	1	5	1030
0.505522	1	1	5	1030
0.505562	1	1	5	1030
0.505602	1	1	5	1030
0.505642	1	1	5	1030
0.505682	1	1	5	1030
0.505722	1	1	5	1030
0.505762	1	1	5	1030
0.505802	1	1	5	1030
0.505842	1	1	5	1030
0.505882	1	1	5	1030
0.505922	1	1	5	1030
0.505962	1	1	5	1030
0.506002	1	1	5	1030
0.506042	1	1	5	1030
0.506082	1	1	5	1030
0.506122	1	1	5	1030
0.506162	1	1	5	1030
0.506202	1	1	5	1030
0.506242	1	1	5	1030
0.506282	1	1	5	1030
0.506322	1	1	5	1030
0.506362	1	1	5	1030
0.506402	1	1	5	1030
0.506442	1	1	5	1030
0.506482	1	1	5	1030
0.506522	1	1	5	1030
0.506562	1	1	5	1030
0.506602	1	1	5	1030
0.506642	1	1	5	1030
0.506682	1	1	5	1030
0.506722	1	1	5	1030
0.506762	1	1	5	1030
0.506802	1	1	5	1030
0.506842	1	1	5	1030
0.506882	1	1	5	1030
0.506922	1	1	5	1030
0.506962	1	1	5	1030
0.507002	1	1	5	1030
0.507042	1	1	5	1030
0.507082	1	1	5	1030
0.507122	1	1	5	1030
0.507162	1	1	5	1030
0.507202	1	1	5	1030
0.507242	1	1	5	1030
0.507282	1	1	5	1030
0.507322	1	1	5	1030
0.507362	1	1	5	1030
0.507402	1	1	5	1030
0.507442	1	1	5	1030
0.507482	1	1	5	1030
0.507522	1	1	5	1030
0.507562	1	1	5	1030
0.507602	1	1	5	1030
0.507642	1	1	5	1030
0.507682	1	1	5	1030
0.507722	1	1	5	1030
0.507762	1	1	5	1030
0.507802	1	1	5	1030
0.507842	1	1	5	1030
0.507882	1	1	5	1030
0.507922	1	1	5	1030
0.507962	1	1	5	1030
0.508002	1	1	5	1030
0.508042	1	1	5	1030
0.508082	1	1	5	1030
0.508122	1	1	5	1030
0.508162	1	1	5	1030
0.508202	1	1	5	1030
0.508242	1	1	5	1030
0.508282	1	1	5	1030
0.508322	1	1	5	1030
0.508362	1	1	5	1030
0.508402	1	1	5	1030
0.508442	1	1	5	1030
0.508482	1	1	5	1030
0.508522	1	1	5	1030
0.508562	1	1	5	1030
0.508602	1	1	5	1030
0.508642	1	1	5	1030
0.508682	1	1	5	1030
0.508722	1	1	5	1030
0.508762	1	1	5	1030
0.508802	1	1	5	1030
0.508842	1	1	5	1030
0.508882	1	1	5	1030
0.508922	1	1	5	1030
0.508962	1	1	5	1030
0.509002	1	1	5	1030
0.509042	1	1	5	1030
0.509082	1	1	5	1030
0.509122	1	1	5	1030
0.509162	1	1	5	1030
0.509202	1	1	5	1030
0.509242	1	1	5	1030
0.509282	1	1	5	1030
0.509322	1	1	5	1030
0.509362	1	1	5	1030
0.509402	1	1	5	1030
0.509442	1	1	5	1030
0.509482	1	1	5	1030
0.509522	1	1	5	1030
0.509562	1	1	5	1030
0.509602	1	1	5	1030
0.509642	1	1	5	1030
0.509682	1	1	5	1030
0.509722	1	1	5	1030
0.509762	1	1	5	1030
0.509802	1	1	5	1030
0.509842	1	1	5	1030
0.509882	1	1	5	1030
0.509922	1	1	5	1030
0.509962	1	1	5	1030
0.510002	1	1	5	1030
0.510042	1	1	5	1030
0.510082	1	1	5	1030
0.510122	1	1	5	1030
0.510162	1	1	5	1030
0.510202	1	1	5	1030
0.510242	1	1	5	1030
0.510282	1	1	5	1030
0.510322	1	1	5	1030
0.510362	1	1	5	1030
0.510402	1	1	5	1030
0.510442	1	1	5	1030
0.510482	1	1	5	1030
0.510522	1	1	5	1030
0.510562	1	1	5	1030
0.510602	1	1	5	1030
0.510642	1	1	5	1030
0.510682	1	1	5	1030
0.510722	1	1	5	1030
0.510762	1	1	5	1030
0.510802	1	1	5	1030
0.510842	1	1	5	1030
0.510882	1	1	5	1030
0.510922	1	1	5	1030
0.510962	1	1	5	1030
0.511002	1	1	5	1030
0.511042	1	1	5	1030
0.511082	1	1	5	1030
0.511122	1	1	5	1030
0.511162	1	1	5	1030
0.511202	1	1	5	1030
0.511242	1	1	5	1030
0.511282	1	1	5	1030
0.511322	1	1	5	1030
0.511362	1	1	5	1030
0.511402	1	1	5	1030
0.511442	1	1	5	1030
0.511482	1	1	5	1030
0.511522	1	1	5	1030
0.511562	1	1	5	1030
0.511602	1	1	5	1030
0.511642	1	1	5	1030
0.511682	1	1	5	1030
0.511722	1	1	5	1030
0.511762	1	1	5	1030
0.511802	1	1	5	1030
0.511842	1	1	5	1030
0.511882	1	1	5	1030
0.511922	1	1	5	1030
0.511962	1	1	5	1030
0.512002	1	1	5	1030
0.512042	1	1	5	1030
0.512082	1	1	5	1030
0.512122	1	1	5	1030
0.512162	1	1	5	1030
0.512202	1	1	5	1030
0.512242	1	1	5	1030
0.512282	1	1	5	1030
0.512322	1	1	5	1030
0.512362	1	1	5	1030
0.512402	1	1	5	1030
0.512442	1	1	5	1030
0.512482	1	1	5	1030
0.512522	1	1	5	1030
0.512562	1	1	5	1030
0.512602	1	1	5	1030
0.512642	1	1	5	1030
0.512682	1	1	5	1030
0.512722	1	1	5	1030
0.512762	1	1	5	1030
0.512802	1	1	5	1030
0.512842	1	1	5	1030
0.512882	1	1	5	1030
0.512922	1	1	5	1030
0.512962	1	1	5	1030
0.513002	1	1	5	1030
0.513042	1	1	5	1030
0.513082	1	1	5	1030
0.513122	1	1	5	1030
0.513162	1	1	5	1030
0.513202	1	1	5	1030
0.513242	1	1	5	1030
0.513282	1	1	5	1030
0.513322	1	1	5	1030
0.513362	1	1	5	1030
0.513402	1	1	5	1030
0.513442	1	1	5	1030
0.513482	1	1	5	1030
0.513522	1	1	5	1030
0.513562	1	1	5	1030
0.513602	1	1	5	1030
0.513642	1	1	5	1030
0.513682	1	1	5	1030
0.513722	1	1	5	1030
0.513762	1	1	5	1030
0.513802	1	1	5	1030
0.513842	1	1	5	1030
0.513882	1	1	5	1030
0.513922	1	1	5	1030
0.513962	1	1	5	1030
0.514002	1	1	5	1030
0.514042	1	1	5	1030
0.514082	1	1	5	1030
0.514122	1	1	5	1030
0.514162	1	1	5	1030
0.514202	1	1	5	1030
0.514242	1	1	5	1030
0.514282	1	1	5	1030
0.514322	1	1	5	1030
0.514362	1	1	5	1030
0.514402	1	1	5	1030
0.514442	1	1	5	1030
0.514482	1	1	5	1030
0.514522	1	1	5	1030
0.514562	1	1	5	1030
0.514602	1	1	5	1030
0.514642	1	1	5	1030
0.514682	1	1	5	1030
0.514722	1	1	5	1030
0.514762	1	1	5	1030
0.514802	1	1	5	1030
0.514842	1	1	5	1030
0.514882	1	1	5	1030
0.514922	1	1	5	1030
0.514962	1	1	5	1030
0.515002	1	1	5	1030
0.515042	1	1	5	1030
0.515082	1	1	5	1030
0.515122	1	1	5	1030
0.515162	1	1	5	1030
0.515202	1	1	5	1030
0.515242	1	1	5	1030
0.515282	1	1	5	1030
0.515322	1	1	5	1030
0.515362	1	1	5	1030
0.515402	1	1	5	1030
0.515442	1	1	5	1030
0.515482	1	1	5	1030
0.515522	1	1	5	1030
0.515562	1	1	5	1030
0.515602	1	1	5	1030
0.515642	1	1	5	1030
0.515682	1	1	5	1030
0.515722	1	1	5	1030
0.515762	1	1	5	1030
0.515802	1	1	5	1030
0.515842	1	1	5	1030
0.515882	1	1	5	1030
0.515922	1	1	5	1030
0.515962	1	1	5	1030
0.516002	1	1	5	1030
0.516042	1	1	5	1030
0.516082	1	1	5	1030
0.516122	1	1	5	1030
0.516162	1	1	5	1030
0.516202	1	1	5	1030
0.516242	1	1	5	1030
0.516282	1	1	5	1030
0.516322	1	1	5	1030
0.516362	1	1	5	1030
0.516402	1	1	5	1030
0.516442	1	1	5	1030
0.516482	1	1	5	1030
0.516522	1	1	5	1030
0.516562	1	1	5	1030
0.516602	1	1	5	1030
0.516642	1	1	5	1030
0.516682	1	1	5	1030
0.516722	1	1	5	1030
0.516762	1	1	5	1030
0.516802	1	1	5	1030
0.516842	1	1	5	1030
0.516882	1	1	5	1030
0.516922	1	1	5	1030
0.516962	1	1	5	1030
0.517002	1	1	5	1030
0.517042	1	1	5	1030
0.517082	1	1	5	1030
0.517122	1	1	5	1030
0.517162	1	1	5	1030
0.517202	1	1	5	1030
0.517242	1	1	5	1030
0.517282	1	1	5	1030
0.517322	1	1	5	1030
0.517362	1	1	5	1030
0.517402	1	1	5	1030
0.517442	1	1	5	1030
0.517482	1	1	5	1030
0.517522	1	1	5	1030
0.517562	1	1	5	1030
0.517602	1	1	5	1030
0.517642	1	1	5	1030
0.517682	1	1	5	1030
0.517722	1	1	5	1030
0.517762	1	1	5	1030
0.517802	1	1	5	1030
0.517842	1	1	5	1030
0.517882	1	1	5	1030
0.517922	1	1	5	1030
0.517962	1	1	5	1030
0.518002	1	1	5	1030
0.518042	1	1	5	1030
0.518082	1	1	5	1030
0.518122	1	1	5	1030
0.518162	1	1	5	1030
0.518202	1	1	5	1030
0.518242	1	1	5	1030
0.518282	1	1	5	1030
0.518322	1	1	5	1030
0.518362	1	1	5	1030
0.518402	1	1	5	1030
0.518442	1	1	5	1030
0.518482	1	1	5	1030
0.518522	1	1	5	1030
0.518562	1	1	5	1030
0.518602	1	1	5	1030
0.518642	1	1	5	1030
0.518682	1	1	5	1030
0.518722	1	1	5	1030
0.518762	1	1	5	1030
0.518802	1	1	5	1030
0.518842	1	1	5	1030
0.518882	1	1	5	1030
0.518922	1	1	5	1030
0.518962	1	1	5	1030
0.519002	1	1	5	1030
0.519042	1	1	5	1030
0.519082	1	1	5	1030
0.519122	1	1	5	1030
0.519162	1	1	5	1030
0.519202	1	1	5	1030
0.519242	1	1	5	1030
0.519282	1	1	5	1030
0.519322	1	1	5	1030
0.519362	1	1	5	1030
0.519402	1	1	5	1030
0.519442	1	1	5	1030
0.519482	1	1	5	1030
0.519522	1	1	5	1030
0.519562	1	1	5	1030
0.519602	1	1	5	1030
0.519642	1	1	5	1030
0.519682	1	1	5	1030
0.519722	1	1	5	1030
0.519762	1	1	5	1030
0.519802	1	1	5	1030
0.519842	1	1	5	1030
0.519882	1	1	5	1030
0.519922	1	1	5	1030
0.519962	1	1	5	1030
0.520002	1	1	5	1030
0.520042	1	1	5	1030
0.520082	1	1	5	1030
0.520122	1	1	5	1030
0.520162	1	1	5	1030
0.520202	1	1	5	1030
0.520242	1	1	5	1030
0.520282	1	1	5	1030
0.520322	1	1	5	1030
0.520362	1	1	5	1030
0.520402	1	1	5	1030
0.520442	1	1	5	1030
0.520482	1	1	5	1030
0.520522	1	1	5	1030
0.520562	1	1	5	1030
0.520602	1	1	5	1030
0.520642	1	1	5	1030
0.520682	1	1	5	1030
0.520722	1	1	5	1030
0.520762	1	1	5	1030
0.520802	1	1	5	1030
0.520842	1	1	5	1030
0.520882	1	1	5	1030
0.520922	1	1	5	1030
0.520962	1	1	5	1030
0.521002	1	1	5	1030
0.521042	1	1	5	1030
0.521082	1	1	5	1030
0.521122	1	1	5	1030
0.521162	1	1	5	1030
0.521202	1	1	5	1030
0.521242	1	1	5	1030
0.521282	1	1	5	1030
0.521322	1	1	5	1030
0.521362	1	1	5	1030
0.521402	1	1	5	1030
0.521442	1	1	5	1030
0.521482	1	1	5	1030
0.521522	1	1	5	1030
0.521562	1	1	5	1030
0.521602	1	1	5	1030
0.521642	1	1	5	1030
0.521682	1	1	5	1030
0.521722	1	1	5	1030
0.521762	1	1	5	1030
0.521802	1	1	5	1030
0.521842	1	1	5	1030
0.521882	1	1	5	1030
0.521922	1	1	5	1030
0.521962	1	1	5	1030
0.522002	1	1	5	1030
0.522042	1	1	5	1030
0.522082	1	1	5	1030
0.522122	1	1	5	1030
0.522162	1	1	5	1030
0.522202	1	1	5	1030
0.522242	1	1	5	1030
0.522282	1	1	5	1030
0.522322	1	1	5	1030
0.522362	1	1	5	1030
0.522402	1	1	5	1030
0.522442	1	1	5	1030
0.522482	1	1	5	1030
0.522522	1	1	5	1030
0.522562	1	1	5	1030
0.522602	1	1	5	1030
0.522642	1	1	5	1030
0.522682	1	1	5	1030
0.522722	1	1	5	1030
0.522762	1	1	5	1030
0.522802	1	1	5	1030
0.522842	1	1	5	1030
0.522882	1	1	5	1030
0.522922	1	1	5	1030
0.522962	1	1	5	1030
0.523002	1	1	5	1030
0.523042	1	1	5	1030
0.523082	1	1	5	1030
0.523122	1	1	5	1030
0.523162	1	1	5	1030
0.523202	1	1	5	1030
0.523242	1	1	5	1030
0.523282	1	1	5	1030
0.523322	1	1	5	1030
0.523362	1	1	5	1030
0.523402	1	1	5	1030
0.523442	1	1	5	1030
0.523482	1	1	5	1030
0.523522	1	1	5	1030
0.523562	1	1	5	1030
0.523602	1	1	5	1030
0.523642	1	1	5	1030
0.523682	1	1	5	1030
0.523722	1	1	5	1030
0.523762	1	1	5	1030
0.523802	1	1	5	1030
0.523842	1	1	5	1030
0.523882	1	1	5	1030
0.523922	1	1	5	1030
0.523962	1	1	5	1030
0.524002	1	1	5	1030
0.524042	1	1	5	1030
0.524082	1	1	5	1030
0.524122	1	1	5	1030
0.524162	1	1	5	1030
0.524202	1	1	5	1030
0.524242	1	1	5	1030
0.524282	1	1	5	1030
0.524322	1	1	5	1030
0.524362	1	1	5	1030
0.524402	1	1	5	1030
0.524442	1	1	5	1030
0.524482	1	1	5	1030
0.524522	1	1	5	1030
0.524562	1	1	5	1030
0.524602	1	1	5	1030
0.524642	1	1	5	1030
0.524682	1	1	5	1030
0.524722	1	1	5	1030
0.524762	1	1	5	1030
0.524802	1	1	5	1030
0.524842	1	1	5	1030
0.524882	1	1	5	1030
0.524922	1	1	5	1030
0.524962	1	1	5	1030
0.525002	1	1	5	1030
0.525042	1	1	5	1030
0.525082	1	1	5	1030
0.525122	1	1	5	1030
0.525162	1	1	5	1030
0.525202	1	1	5	1030
0.525242	1	1	5	1030
0.525282	1	1	5	1030
0.525322	1	1	5	1030
0.525362	1	1	5	1030
0.525402	1	1	5	1030
0.525442	1	1	5	1030
0.525482	1	1	5	1030
0.525522	1	1	5	1030
0.525562	1	1	5	1030
0.525602	1	1	5	1030
0.525642	1	1	5	1030
0.525682	1	1	5	1030
0.525722	1	1	5	1030
0.525762	1	1	5	1030
0.525802	1	1	5	1030
0.525842	1	1	5	1030
0.525882	1	1	5	1030
0.525922	1	1	5	1030
0.525962	1	1	5	1030
0.526002	1	1	5	1030
0.526042	1	1	5	1030
0.526082	1	1	5	1030
0.526122	1	1	5	1030
0.526162	1	1	5	1030
0.526202	1	1	5	1030
0.526242	1	1	5	1030
0.526282	1	1	5	1030
0.526322	1	1	5	1030
0.526362	1	1	5	1030
0.526402	1	1	5	1030
0.526442	1	1	5	1030
0.526482	1	1	5	1030
0.526522	1	1	5	1030
0.526562	1	1	5	1030
0.526602	1	1	5	1030
0.526642	1	1	5	1030
0.526682	1	1	5	1030
0.526722	1	1	5	1030
0.526762	1	1	5	1030
0.526802	1	1	5	1030
0.526842	1	1	5	1030
0.526882	1	1	5	1030
0.526922	1	1	5	1030
0.526962	1	1	5	1030
0.527002	1	1	5	1030
0.527042	1	1	5	1030
0.527082	1	1	5	1030
0.527122	1	1	5	1030
0.527162	1	1	5	1030
0.527202	1	1	5	1030
0.527242	1	1	5	1030
0.527282	1	1	5	1030
0.527322	1	1	5	1030
0.527362	1	1	5	1030
0.527402	1	1	5	1030
0.527442	1	1	5	1030
0.527482	1	1	5	1030
0.527522	1	1	5	1030
0.527562	1	1	5	1030
0.527602	1	1	5	1030
0.527642	1	1	5	1030
0.527682	1	1	5	1030
0.527722	1	1	5	1030
0.527762	1	1	5	1030
0.527802	1	1	5	1030
0.527842	1	1	5	1030
0.527882	1	1	5	1030
0.527922	1	1	5	1030
0.527962	1	1	5	1030
0.528002	1	1	5	1030
0.528042	1	1	5	1030
0.528082	1	1	5	1030
0.528122	1	1	5	1030
0.528162	1	1	5	1030
0.528202	1	1	5	1030
0.528242	1	1	5	1030
0.528282	1	1	5	1030
0.528322	1	1	5	1030
0.528362	1	1	5	1030
0.528402	1	1	5	1030
0.528442	1	1	5	1030
0.528482	1	1	5	1030
0.528522	1	1	5	1030
0.528562	1	1	5	1030
0.528602	1	1	5	1030
0.528642	1	1	5	1030
0.528682	1	1	5	1030
0.528722	1	1	5	1030
0.528762	1	1	5	1030
0.528802	1	1	5	1030
0.528842	1	1	5	1030
0.528882	1	1	5	1030
0.528922	1	1	5	1030
0.528962	1	1	5	1030
0.529002	1	1	5	1030
0.529042	1	1	5	1030
0.529082	1	1	5	1030
0.529122	1	1	5	1030
0.529162	1	1	5	1030
0.529202	1	1	5	1030
0.529242	1	1	5	1030
0.529282	1	1	5	1030
0.529322	1	1	5	1030
0.529362	1	1	5	1030
0.529402	1	1	5	1030
0.529442	1	1	5	1030
0.529482	1	1	5	1030
0.529522	1	1	5	1030
0.529562	1	1	5	1030
0.529602	1	1	5	1030
0.529642	1	1	5	1030
0.529682	1	1	5	1030
0.529722	1	1	5	1030
0.529762	1	1	5	1030
0.529802	1	1	5	1030
0.529842	1	1	5	1030
0.529882	1	1	5	1030
0.529922	1	1	5	1030
0.529962	1	1	5	1030
0.530002	1	1	5	1030
0.530042	1	1	5	1030
0.530082	1	1	5	1030
0.530122	1	1	5	1030
0.530162	1	1	5	1030
0.530202	1	1	5	1030
0.530242	1	1	5	1030
0.530282	1	1	5	1030
0.530322	1	1	5	1030
0.530362	1	1	5	1030
0.530402	1	1	5	1030
0.530442	1	1	5	1030
0.530482	1	1	5	1030
0.530522	1	1	5	1030
0.530562	1	1	5	1030
0.530602	1	1	5	1030
0.530642	1	1	5	1030
0.530682	1	1	5	1030
0.530722	1	1	5	1030
0.530762	1	1	5	1030
0.530802	1	1	5	1030
0.530842	1	1	5	1030
0.530882	1	1	5	1030
0.530922	1	1	5	1030
0.530962	1	1	5	1030
0.531002	1	1	5	1030
0.531042	1	1	5	1030
0.531082	1	1	5	1030
0.531122	1	1	5	1030
0.531162	1	1	5	1030
0.531202	1	1	5	1030
0.531242	1	1	5	1030
0.531282	1	1	5	1030
0.531322	1	1	5	1030
0.531362	1	1	5	1030
0.531402	1	1	5	1030
0.531442	1	1	5	1030
0.531482	1	1	5	1030
0.531522	1	1	5	1030
0.531562	1	1	5	1030
0.531602	1	1	5	1030
0.531642	1	1	5	1030
0.531682	1	1	5	1030
0.531722	1	1	5	1030
0.531762	1	1	5	1030
0.531802	1	1	5	1030
0.531842	1	1	5	1030
0.531882	1	1	5	1030
0.531922	1	1	5	1030
0.531962	1	1	5	1030
0.532002	1	1	5	1030
0.532042	1	1	5	1030
0.532082	1	1	5	1030
0.532122	1	1	5	1030
0.532162	1	1	5	1030
0.532202	1	1	5	1030
0.532242	1	1	5	1030
0.532282	1	1	5	1030
0.532322	1	1	5	1030
0.532362	1	1	5	1030
0.532402	1	1	5	1030
0.532442	1	1	5	1030
0.532482	1	1	5	1030
0.532522	1	1	5	1030
0.532562	1	1	5	1030
0.532602	1	1	5	1030
0.532642	1	1	5	1030
0.532682	1	1	5	1030
0.532722	1	1	5	1030
0.532762	1	1	5	1030
0.532802	1	1	5	1030
0.532842	1	1	5	1030
0.532882	1	1	5	1030
0.532922	1	1	5	1030
0.532962	1	1	5	1030
0.533002	1	1	5	1030
0.533042	1	1	5	1030
0.533082	1	1	5	1030
0.533122	1	1	5	1030
0.533162	1	1	5	1030
0.533202	1	1	5	1030
0.533242	1	1	5	1030
0.533282	1	1	5	1030
0.533322	1	1	5	1030
0.533362	1	1	5	1030
0.533402	1	1	5	1030
0.533442	1	1	5	1030
0.533482	1	1	5	1030
0.533522	1	1	5	1030
0.533562	1	1	5	1030
0.533602	1	1	5	1030
0.533642	1	1	5	1030
0.533682	1	1	5	1030
0.533722	1	1	5	1030
0.533762	1	1	5	1030
0.533802	1	1	5	1030
0.533842	1	1	5	1030
0.533882	1	1	5	1030
0.533922	1	1	5	1030
0.533962	1	1	5	1030
0.534002	1	1	5	1030
0.534042	1	1	5	1030
0.534082	1	1	5	1030
0.534122	1	1	5	1030
0.534162	1	1	5	1030
0.534202	1	1	5	1030
0.534242	1	1	5	1030
0.534282	1	1	5	1030
0.534322	1	1	5	1030
0.534362	1	1	5	1030
0.534402	1	1	5	1030
0.534442	1	1	5	1030
0.534482	1	1	5	1030
0.534522	1	1	5	1030
0.534562	1	1	5	1030
0.534602	1	1	5	1030
0.534642	1	1	5	1030
0.534682	1	1	5	1030
0.534722	1	1	5	1030
0.534762	1	1	5	1030
0.534802	1	1	5	1030
0.534842	1	1	5	1030
0.534882	1	1	5	1030
0.534922	1	1	5	1030
0.534962	1	1	5	1030
0.535002	1	1	5	1030
0.535042	1	1	5	1030
0.535082	1	1	5	1030
0.535122	1	1	5	1030
0.535162	1	1	5	1030
0.535202	1	1	5	1030
0.535242	1	1	5	1030
0.535282	1	1	5	1030
0.535322	1	1	5	1030
0.535362	1	1	5	1030
0.535402	1	1	5	1030
0.535442	1	1	5	1030
0.535482	1	1	5	1030
0.535522	1	1	5	1030
0.535562	1	1	5	1030
0.535602	1	1	5	1030
0.535642	1	1	5	1030
0.535682	1	1	5	1030
0.535722	1	1	5	1030
0.535762	1	1	5	1030
0.535802	1	1	5	1030
0.535842	1	1	5	1030
0.535882	1	1	5	1030
0.535922	1	1	5	1030
0.535962	1	1	5	1030
0.536002	1	1	5	1030
0.536042	1	1	5	1030
0.536082	1	1	5	1030
0.536122	1	1	5	1030
0.536162	1	1	5	1030
0.536202	1	1	5	1030
0.536242	1	1	5	1030
0.536282	1	1	5	1030
0.536322	1	1	5	1030
0.536362	1	1	5	1030
0.536402	1	1	5	1030
0.536442	1	1	5	1030
0.536482	1	1	5	1030
0.536522	1	1	5	1030
0.536562	1	1	5	1030
0.536602	1	1	5	1030
0.536642	1	1	5	1030
0.536682	1	1	5	1030
0.536722	1	1	5	1030
0.536762	1	1	5	1030
0.536802	1	1	5	1030
0.536842	1	1	5	1030
0.536882	1	1	5	1030
0.536922	1	1	5	1030
0.536962	1	1	5	1030
0.537002	1	1	5	1030
0.537042	1	1	5	1030
0.537082	1	1	5	1030
0.537122	1	1	5	1030
0.537162	1	1	5	1030
0.537202	1	1	5	1030
0.537242	1	1	5	1030
0.537282	1	1	5	1030
0.537322	1	1	5	1030
0.537362	1	1	5	1030
0.537402	1	1	5	1030
0.537442	1	1	5	1030
0.537482	1	1	5	1030
0.537522	1	1	5	1030
0.537562	1	1	5	1030
0.537602	1	1	5	1030
0.537642	1	1	5	1030
0.537682	1	1	5	1030
0.537722	1	1	5	1030
0.537762	1	1	5	1030
0.537802	1	1	5	1030
0.537842	1	1	5	1030
0.537882	1	1	5	1030
0.537922	1	1	5	1030
0.537962	1	1	5	1030
0.538002	1	1	5	1030
0.538042	1	1	5	1030
0.538082	1	1	5	1030
0.538122	1	1	5	1030
0.538162	1	1	5	1030
0.538202	1	1	5	1030
0.538242	1	1	5	1030
0.538282	1	1	5	1030
0.538322	1	1	5	1030
0.538362	1	1	5	1030
0.538402	1	1	5	1030
0.538442	1	1	5	1030
0.538482	1	1	5	1030
0.538522	1	1	5	1030
0.538562	1	1	5	1030
0.538602	1	1	5	1030
0.538642	1	1	5	1030
0.538682	1	1	5	1030
0.538722	1	1	5	1030
0.538762	1	1	5	1030
0.538802	1	1	5	1030
0.538842	1	1	5	1030
0.538882	1	1	5	1030
0.538922	1	1	5	1030
0.538962	1	1	5	1030
0.539002	1	1	5	1030
0.539042	1	1	5	1030
0.539082	1	1	5	1030
0.539122	1	1	5	1030
0.539162	1	1	5	1030
0.539202	1	1	5	1030
0.539242	1	1	5	1030
0.539282	1	1	5	1030
0.539322	1	1	5	1030
0.539362	1	1	5	1030
0.539402	1	1	5	1030
0.539442	1	1	5	1030
0.539482	1	1	5	1030
0.539522	1	1	5	1030
0.539562	1	1	5	1030
0.539602	1	1	5	1030
0.539642	1	1	5	1030
0.539682	1	1	5	1030
0.539722	1	1	5	1030
0.539762	1	1	5	1030
0.539802	1	1	5	1030
0.539842	1	1	5	1030
0.539882	1	1	5	1030
0.539922	1	1	5	1030
0.539962	1	1	5	1030
0.540002	1	1	5	1030
0.540042	1	1	5	1030
0.540082	1	1	5	1030
0.540122	1	1	5	1030
0.540162	1	1	5	1030
0.540202	1	1	5	1030
0.540242	1	1	5	1030
0.540282	1	1	5	1030
0.540322	1	1	5	1030
0.540362	1	1	5	1030
0.540402	1	1	5	1030
0.540442	1	1	5	1030
0.540482	1	1	5	1030
0.540522	1	1	5	1030
0.540562	1	1	5	1030
0.540602	1	1	5	1030
0.540642	1	1	5	1030
0.540682	1	1	5	1030
0.540722	1	1	5	1030
0.540762	1	1	5	1030
0.540802	1	1	5	1030
0.540842	1	1	5	1030
0.540882	1	1	5	1030
0.540922	1	1	5	1030
0.540962	1	1	5	1030
0.541002	1	1	5	1030
0.541042	1	1	5	1030
0.541082	1	1	5	1030
0.541122	1	1	5	1030
0.541162	1	1	5	1030
0.541202	1	1	5	1030
0.541242	1	1	5	1030
0.541282	1	1	5	1030
0.541322	1	1	5	1030
0.541362	1	1	5	1030
0.541402	1	1	5	1030
0.541442	1	1	5	1030
0.541482	1	1	5	1030
0.541522	1	1	5	1030
0.541562	1	1	5	1030
0.541602	1	1	5	1030
0.541642	1	1	5	1030
0.541682	1	1	5	1030
0.541722	1	1	5	1030
0.541762	1	1	5	1030
0.541802	1	1	5	1030
0.541842	1	1	5	1030
0.541882	1	1	5	1030
0.541922	1	1	5	1030
0.541962	1	1	5	1030
0.542002	1	1	5	1030
0.542042	1	1	5	1030
0.542082	1	1	5	1030
0.542122	1	1	5	1030
0.542162	1	1	5	1030
0.542202	1	1	5	1030
0.542242	1	1	5	1030
0.542282	1	1	5	1030
0.542322	1	1	5	1030
0.542362	1	1	5	1030
0.542402	1	1	5	1030
0.542442	1	1	5	1030
0.542482	1	1	5	1030
0.542522	1	1	5	1030
0.542562	1	1	5	1030
0.542602	1	1	5	1030
0.542642	1	1	5	1030
0.542682	1	1	5	1030
0.542722	1	1	5	1030
0.542762	1	1	5	1030
0.542802	1	1	5	1030
0.542842	1	1	5	1030
0.542882	1	1	5	1030
0.542922	1	1	5	1030
0.542962	1	1	5	1030
0.543002	1	1	5	1030
0.543042	1	1	5	1030
0.543082	1	1	5	1030
0.543122	1	1	5	1030
0.543162	1	1	5	1030
0.543202	1	1	5	1030
0.543242	1	1	5	1030
0.543282	1	1	5	1030
0.543322	1	1	5	1030
0.543362	1	1	5	1030
0.543402	1	1	5	1030
0.543442	1	1	5	1030
0.543482	1	1	5	1030
0.543522	1	1	5	1030
0.543562	1	1	5	1030
0.543602	1	1	5	1030
0.543642	1	1	5	1030
0.543682	1	1	5	1030
0.543722	1	1	5	1030
0.543762	1	1	5	1030
0.543802	1	1	5	1030
0.543842	1	1	5	1030
0.543882	1	1	5	1030
0.543922	1	1	5	1030
0.543962	1	1	5	1030
0.544002	1	1	5	1030
0.544042	1	1	5	1030
0.544082	1	1	5	1030
0.544122	1	1	5	1030
0.544162	1	1	5	1030
0.544202	1	1	5	1030
0.544242	1	1	5	1030
0.544282	1	1	5	1030
0.544322	1	1	5	1030
0.544362	1	1	5	1030
0.544402	1	1	5	1030
0.544442	1	1	5	1030
0.544482	1	1	5	1030
0.544522	1	1	5	1030
0.544562	1	1	5	1030
0.544602	1	1	5	1030
0.544642	1	1	5	1030
0.544682	1	1	5	1030
0.544722	1	1	5	1030
0.544762	1	1	5	1030
0.544802	1	1	5	1030
0.544842	1	1	5	1030
0.544882	1	1	5	1030
0.544922	1	1	5	1030
0.544962	1	1	5	1030
0.545002	1	1	5	1030
0.545042	1	1	5	1030
0.545082	1	1	5	1030
0.545122	1	1	5	1030
0.545162	1	1	5	1030
0.545202	1	1	5	1030
0.545242	1	1	5	1030
0.545282	1	1	5	1030
0.545322	1	1	5	1030
0.545362	1	1	5	1030
0.545402	1	1	5	1030
0.545442	1	1	5	1030
0.545482	1	1	5	1030
0.545522	1	1	5	1030
0.545562	1	1	5	1030
0.545602	1	1	5	1030
0.545642	1	1	5	1030
0.545682	1	1	5	1030
0.545722	1	1	5	1030
0.545762	1	1	5	1030
0.545802	1	1	5	1030
0.545842	1	1	5	1030
0.545882	1	1	5	1030
0.545922	1	1	5	1030
0.545962	1	1	5	1030
0.546002	1	1	5	1030
0.546042	1	1	5	1030
0.546082	1	1	5	1030
0.546122	1	1	5	1030
0.546162	1	1	5	1030
0.546202	1	1	5	1030
0.546242	1	1	5	1030
0.546282	1	1	5	1030
0.546322	1	1	5	1030
0.546362	1	1	5	1030
0.546402	1	1	5	1030
0.546442	1	1	5	1030
0.546482	1	1	5	1030
0.546522	1	1	5	1030
0.546562	1	1	5	1030
0.546602	1	1	5	1030
0.546642	1	1	5	1030
0.546682	1	1	5	1030
0.546722	1	1	5	1030
0.546762	1	1	5	1030
0.546802	1	1	5	1030
0.546842	1	1	5	1030
0.546882	1	1	5	1030
0.546922	1	1	5	1030
0.546962	1	1	5	1030
0.547002	1	1	5	1030
0.547042	1	1	5	1030
0.547082	1	1	5	1030
0.547122	1	1	5	1030
0.547162	1	1	5	1030
0.547202	1	1	5	1030
0.547242	1	1	5	1030
0.547282	1	1	5	1030
0.547322	1	1	5	1030
0.547362	1	1	5	1030
0.547402	1	1	5	1030
0.547442	1	1	5	1030
0.547482	1	1	5	1030
0.547522	1	1	5	1030
0.547562	1	1	5	1030
0.547602	1	1	5	1030
0.547642	1	1	5	1030
0.547682	1	1	5	1030
0.547722	1	1	5	1030
0.547762	1	1	5	1030
0.547802	1	1	5	1030
0.547842	1	1	5	1030
0.547882	1	1	5	1030
0.547922	1	1	5	1030
0.547962	1	1	5	1030
0.548002	1	1	5	1030
0.548042	1	1	5	1030
0.548082	1	1	5	1030
0.548122	1	1	5	1030
0.548162	1	1	5	1030
0.548202	1	1	5	1030
0.548242	1	1	5	1030
0.548282	1	1	5	1030
0.548322	1	1	5	1030
0.548362	1	1	5	1030
0.548402	1	1	5	1030
0.548442	1	1	5	1030
0.548482	1	1	5	1030
0.548522	1	1	5	1030
0.548562	1	1	5	1030
0.548602	1	1	5	1030
0.548642	1	1	5	1030
0.548682	1	1	5	1030
0.548722	1	1	5	1030
0.548762	1	1	5	1030
0.548802	1	1	5	1030
0.548842	1	1	5	1030
0.548882	1	1	5	1030
0.548922	1	1	5	1030
0.548962	1	1	5	1030
0.549002	1	1	5	1030
0.549042	1	1	5	1030
0.549082	1	1	5	1030
0.549122	1	1	5	1030
0.549162	1	1	5	1030
0.549202	1	1	5	1030
0.549242	1	1	5	1030
0.549282	1	1	5	1030
0.549322	1	1	5	1030
0.549362	1	1	5	1030
0.549402	1	1	5	1030
0.549442	1	1	5	1030
0.549482	1	1	5	1030
0.549522	1	1	5	1030
0.549562	1	1	5	1030
0.549602	1	1	5	1030
0.549642	1	1	5	1030
0.549682	1	1	5	1030
0.549722	1	1	5	1030
0.549762	1	1	5	1030
0.549802	1	1	5	1030
0.549842	1	1	5	1030
0.549882	1	1	5	1030
0.549922	1	1	5	1030
0.549962	1	1	5	1030
0.550002	1	1	5	1030
0.550042	1	1	5	1030
0.550082	1	1	5	1030
0.550122	1	1	5	1030
0.550162	1	1	5	1030
0.550202	1	1	5	1030
0.550242	1	1	5	1030
0.550282	1	1	5	1030
0.550322	1	1	5	1030
0.550362	1	1	5	1030
0.550402	1	1	5	1030
0.550442	1	1	5	1030
0.550482	1	1	5	1030
0.550522	1	1	5	1030
0.550562	1	1	5	1030
0.550602	1	1	5	1030
0.550642	1	1	5	1030
0.550682	1	1	5	1030
0.550722	1	1	5	1030
0.550762	1	1	5	1030
0.550802	1	1	5	1030
0.550842	1	1	5	1030
0.550882	1	1	5	1030
0.550922	1	1	5	1030
0.550962	1	1	5	1030
0.551002	1	1	5	1030
0.551042	1	1	5	1030
0.551082	1	1	5	1030
0.551122	1	1	5	1030
0.551162	1	1	5	1030
0.551202	1	1	5	1030
0.551242	1	1	5	1030
0.551282	1	1	5	1030
0.551322	1	1	5	1030
0.551362	1	1	5	1030
0.551402	1	1	5	1030
0.551442	1	1	5	1030
0.551482	1	1	5	1030
0.551522	1	1	5	1030
0.551562	1	1	5	1030
0.551602	1	1	5	1030
0.551642	1	1	5	1030
0.551682	1	1	5	1030
0.551722	1	1	5	1030
0.551762	1	1	5	1030
0.551802	1	1	5	1030
0.551842	1	1	5	1030
0.551882	1	1	5	1030
0.551922	1	1	5	1030
0.551962	1	1	5	1030
0.552002	1	1	5	1030
0.552042	1	1	5	1030
0.552082	1	1	5	1030
0.552122	1	1	5	1030
0.552162	1	1	5	1030
0.552202	1	1	5	1030
0.552242	1	1	5	1030
0.552282	1	1	5	1030
0.552322	1	1	5	1030
0.552362	1	1	5	1030
0.552402	1	1	5	1030
0.552442	1	1	5	1030
0.552482	1	1	5	1030
0.552522	1	1	5	1030
0.552562	1	1	5	1030
0.552602	1	1	5	1030
0.552642	1	1	5	1030
0.552682	1	1	5	1030
0.552722	1	1	5	1030
0.552762	1	1	5	1030
0.552802	1	1	5	1030
0.552842	1	1	5	1030
0.552882	1	1	5	1030
0.552922	1	1	5	1030
0.552962	1	1	5	1030
0.553002	1	1	5	1030
0.553042	1	1	5	1030
0.553082	1	1	5	1030
0.553122	1	1	5	1030
0.553162	1	1	5	1030
0.553202	1	1	5	1030
0.553242	1	1	5	1030
0.553282	1	1	5	1030
0.553322	1	1	5	1030
0.553362	1	1	5	1030
0.553402	1	1	5	1030
0.553442	1	1	5	1030
0.553482	1	1	5	1030
0.553522	1	1	5	1030
0.553562	1	1	5	1030
0.553602	1	1	5	1030
0.553642	1	1	5	1030
0.553682	1	1	5	1030
0.553722	1	1	5	1030
0.553762	1	1	5	1030
0.553802	1	1	5	1030
0.553842	1	1	5	1030
0.553882	1	1	5	1030
0.553922	1	1	5	1030
0.553962	1	1	5	1030
0.554002	1	1	5	1030
0.554042	1	1	5	1030
0.554082	1	1	5	1030
0.554122	1	1	5	1030
0.554162	1	1	5	1030
0.554202	1	1	5	1030
0.554242	1	1	5	1030
0.554282	1	1	5	1030
0.554322	1	1	5	1030
0.554362	1	1	5	1030
0.554402	1	1	5	1030
0.554442	1	1	5	1030
0.554482	1	1	5	1030
0.554522	1	1	5	1030
0.554562	1	1	5	1030
0.554602	1	1	5	1030
0.554642	1	1	5	1030
0.554682	1	1	5	1030
0.554722	1	1	5	1030
0.554762	1	1	5	1030
0.554802	1	1	5	1030
0.554842	1	1	5	1030
0.554882	1	1	5	1030
0.554922	1	1	5	1030
0.554962	1	1	5	1030
0.555002	1	1	5	1030
0.555042	1	1	5	1030
0.555082	1	1	5	1030
0.555122	1	1	5	1030
0.555162	1	1	5	1030
0.555202	1	1	5	1030
0.555242	1	1	5	1030
0.555282	1	1	5	1030
0.555322	1	1	5	1030
0.555362	1	1	5	1030
0.555402	1	1	5	1030
0.555442	1	1	5	1030
0.555482	1	1	5	1030
0.555522	1	1	5	1030
0.555562	1	1	5	1030
0.555602	1	1	5	1030
0.555642	1	1	5	1030
0.555682	1	1	5	1030
0.555722	1	1	5	1030
0.555762	1	1	5	1030
0.555802	1	1	5	1030
0.555842	1	1	5	1030
0.555882	1	1	5	1030
0.555922	1	1	5	1030
0.555962	1	1	5	1030
0.556002	1	1	5	1030
0.556042	1	1	5	1030
0.556082	1	1	5	1030
0.556122	1	1	5	1030
0.556162	1	1	5	1030
0.556202	1	1	5	1030
0.556242	1	1	5	1030
0.556282	1	1	5	1030
0.556322	1	1	5	1030
0.556362	1	1	5	1030
0.556402	1	1	5	1030
0.556442	1	1	5	1030
0.556482	1	1	5	1030
0.556522	1	1	5	1030
0.556562	1	1	5	1030
0.556602	1	1	5	1030
0.556642	1	1	5	1030
0.556682	1	1	5	1030
0.556722	1	1	5	1030
0.556762	1	1	5	1030
0.556802	1	1	5	1030
0.556842	1	1	5	1030
0.556882	1	1	5	1030
0.556922	1	1	5	1030
0.556962	1	1	5	1030
0.557002	1	1	5	1030
0.557042	1	1	5	1030
0.557082	1	1	5	1030
0.557122	1	1	5	1030
0.557162	1	1	5	1030
0.557202	1	1	5	1030
0.557242	1	1	5	1030
0.557282	1	1	5	1030
0.557322	1	1	5	1030
0.557362	1	1	5	1030
0.557402	1	1	5	1030
0.557442	1	1	5	1030
0.557482	1	1	5	1030
0.557522	1	1	5	1030
0.557562	1	1	5	1030
0.557602	1	1	5	1030
0.557642	1	1	5	1030
0.557682	1	1	5	1030
0.557722	1	1	5	1030
0.557762	1	1	5	1030
0.557802	1	1	5	1030
0.557842	1	1	5	1030
0.557882	1	1	5	1030
0.557922	1	1	5	1030
0.557962	1	1	5	1030
0.558002	1	1	5	1030
0.558042	1	1	5	1030
0.558082	1	1	5	1030
0.558122	1	1	5	1030
0.558162	1	1	5	1030
0.558202	1	1	5	1030
0.558242	1	1	5	1030
0.558282	1	1	5	1030
0.558322	1	1	5	1030
0.558362	1	1	5	1030
0.558402	1	1	5	1030
0.558442	1	1	5	1030
0.558482	1	1	5	1030
0.558522	1	1	5	1030
0.558562	1	1	5	1030
0.558602	1	1	5	1030
0.558642	1	1	5	1030
0.558682	1	1	5	1030
0.558722	1	1	5	1030
0.558762	1	1	5	1030
0.558802	1	1	5	1030
0.558842	1	1	5	1030
0.558882	1	1	5	1030
0.558922	1	1	5	1030
0.558962	1	1	5	1030
0.559002	1	1	5	1030
0.559042	1	1	5	1030
0.559082	1	1	5	1030
0.559122	1	1	5	1030
0.559162	1	1	5	1030
0.559202	1	1	5	1030
0.559242	1	1	5	1030
0.559282	1	1	5	1030
0.559322	1	1	5	1030
0.559362	1	1	5	1030
0.559402	1	1	5	1030
0.559442	1	1	5	1030
0.559482	1	1	5	1030
0.559522	1	1	5	1030
0.559562	1	1	5	1030
0.559602	1	1	5	1030
0.559642	1	1	5	1030
0.559682	1	1	5	1030
0.559722	1	1	5	1030
0.559762	1	1	5	1030
0.559802	1	1	5	1030
0.559842	1	1	5	1030
0.559882	1	1	5	1030
0.559922	1	1	5	1030
0.559962	1	1	5	1030
0.560002	1	1	5	1030
0.560042	1	1	5	1030
0.560082	1	1	5	1030
0.560122	1	1	5	1030
0.560162	1	1	5	1030
0.560202	1	1	5	1030
0.560242	1	1	5	1030
0.560282	1	1	5	1030
0.560322	1	1	5	1030
0.560362	1	1	5	1030
0.560402	1	1	5	1030
0.560442	1	1	5	1030
0.560482	1	1	5	1030
0.560522	1	1	5	1030
0.560562	1	1	5	1030
0.560602	1	1	5	1030
0.560642	1	1	5	1030
0.560682	1	1	5	1030
0.560722	1	1	5	1030
0.560762	1	1	5	1030
0.560802	1	1	5	1030
0.560842	1	1	5	1030
0.560882	1	1	5	1030
0.560922	1	1	5	1030
0.560962	1	1	5	1030
0.561002	1	1	5	1030
0.561042	1	1	5	1030
0.561082	1	1	5	1030
0.561122	1	1	5	1030
0.561162	1	1	5	1030
0.561202	1	1	5	1030
0.561242	1	1	5	1030
0.561282	1	1	5	1030
0.561322	1	1	5	1030
0.561362	1	1	5	1030
0.561402	1	1	5	1030
0.561442	1	1	5	1030
0.561482	1	1	5	1030
0.561522	1	1	5	1030
0.561562	1	1	5	1030
0.561602	1	1	5	1030
0.561642	1	1	5	1030
0.561682	1	1	5	1030
0.561722	1	1	5	1030
0.561762	1	1	5	1030
0.561802	1	1	5	1030
0.561842	1	1	5	1030
0.561882	1	1	5	1030
0.561922	1	1	5	1030
0.561962	1	1	5	1030
0.562002	1	1	5	1030
0.562042	1	1	5	1030
0.562082	1	1	5	1030
0.562122	1	1	5	1030
0.562162	1	1	5	1030
0.562202	1	1	5	1030
0.562242	1	1	5	1030
0.562282	1	1	5	1030
0.562322	1	1	5	1030
0.562362	1	1	5	1030
0.562402	1	1	5	1030
0.562442	1	1	5	1030
0.562482	1	1	5	1030
0.562522	1	1	5	1030
0.562562	1	1	5	1030
0.562602	1	1	5	1030
0.562642	1	1	5	1030
0.562682	1	1	5	1030
0.562722	1	1	5	1030
0.562762	1	1	5	1030
0.562802	1	1	5	1030
0.562842	1	1	5	1030
0.562882	1	1	5	1030
0.562922	1	1	5	1030
0.562962	1	1	5	1030
0.563002	1	1	5	1030
0.563042	1	1	5	1030
0.563082	1	1	5	1030
0.563122	1	1	5	1030
0.563162	1	1	5	1030
0.563202	1	1	5	1030
0.563242	1	1	5	1030
0.563282	1	1	5	1030
0.563322	1	1	5	1030
0.563362	1	1	5	1030
0.563402	1	1	5	1030
0.563442	1	1	5	1030
0.563482	1	1	5	1030
0.563522	1	1	5	1030
0.563562	1	1	5	1030
0.563602	1	1	5	1030
0.563642	1	1	5	1030
0.563682	1	1	5	1030
0.563722	1	1	5	1030
0.563762	1	1	5	1030
0.563802	1	1	5	1030
0.563842	1	1	5	1030
0.563882	1	1	5	1030
0.563922	1	1	5	1030
0.563962	1	1	5	1030
0.564002	1	1	5	1030
0.564042	1	1	5	1030
0.564082	1	1	5	1030
0.564122	1	1	5	1030
0.564162	1	1	5	1030
0.564202	1	1	5	1030
0.564242	1	1	5	1030
0.564282	1	1	5	1030
0.564322	1	1	5	1030
0.564362	1	1	5	1030
0.564402	1	1	5	1030
0.564442	1	1	5	1030
0.564482	1	1	5	1030
0.564522	1	1	5	1030
0.564562	1	1	5	1030
0.564602	1	1	5	1030
0.564642	1	1	5	1030
0.564682	1	1	5	1030
0.564722	1	1	5	1030
0.564762	1	1	5	1030
0.564802	1	1	5	1030
0.564842	1	1	5	1030
0.564882	1	1	5	1030
0.564922	1	1	5	1030
0.564962	1	1	5	1030
0.565002	1	1	5	1030
0.565042	1	1	5	1030
0.565082	1	1	5	1030
0.565122	1	1	5	1030
0.565162	1	1	5	1030
0.565202	1	1	5	1030
0.565242	1	1	5	1030
0.565282	1	1	5	1030
0.565322	1	1	5	1030
0.565362	1	1	5	1030
0.565402	1	1	5	1030
0.565442	1	1	5	1030
0.565482	1	1	5	1030
0.565522	1	1	5	1030
0.565562	1	1	5	1030
0.565602	1	1	5	1030
0.565642	1	1	5	1030
0.565682	1	1	5	1030
0.565722	1	1	5	1030
0.565762	1	1	5	1030
0.565802	1	1	5	1030
0.565842	1	1	5	1030
0.565882	1	1	5	1030
0.565922	1	1	5	1030
0.565962	1	1	5	1030
0.566002	1	1	5	1030
0.566042	1	1	5	1030
0.566082	1	1	5	1030
0.566122	1	1	5	1030
0.566162	1	1	5	1030
0.566202	1	1	5	1030
0.566242	1	1	5	1030
0.566282	1	1	5	1030
0.566322	1	1	5	1030
0.566362	1	1	5	1030
0.566402	1	1	5	1030
0.566442	1	1	5	1030
0.566482	1	1	5	1030
0.566522	1	1	5	1030
0.566562	1	1	5	1030
0.566602	1	1	5	1030
0.566642	1	1	5	1030
0.566682	1	1	5	1030
0.566722	1	1	5	1030
0.566762	1	1	5	1030
0.566802	1	1	5	1030
0.566842	1	1	5	1030
0.566882	1	1	5	1030
0.566922	1	1	5	1030
0.566962	1	1	5	1030
0.567002	1	1	5	1030
0.567042	1	1	5	1030
0.567082	1	1	5	1030
0.567122	1	1	5	1030
0.567162	1	1	5	1030
0.567202	1	1	5	1030
0.567242	1	1	5	1030
0.567282	1	1	5	1030
0.567322	1	1	5	1030
0.567362	1	1	5	1030
0.567402	1	1	5	1030
0.567442	1	1	5	1030
0.567482	1	1	5	1030
0.567522	1	1	5	1030
0.567562	1	1	5	1030
0.567602	1	1	5	1030
0.567642	1	1	5	1030
0.567682	1	1	5	1030
0.567722	1	1	5	1030
0.567762	1	1	5	1030
0.567802	1	1	5	1030
0.567842	1	1	5	1030
0.567882	1	1	5	1030
0.567922	1	1	5	1030
0.567962	1	1	5	1030
0.568002	1	1	5	1030
0.568042	1	1	5	1030
0.568082	1	1	5	1030
0.568122	1	1	5	1030
0.568162	1	1	5	1030
0.568202	1	1	5	1030
0.568242	1	1	5	1030
0.568282	1	1	5	1030
0.568322	1	1	5	1030
0.568362	1	1	5	1030
0.568402	1	1	5	1030
0.568442	1	1	5	1030
0.568482	1	1	5	1030
0.568522	1	1	5	1030
0.568562	1	1	5	1030
0.568602	1	1	5	1030
0.568642	1	1	5	1030
0.568682	1	1	5	1030
0.568722	1	1	5	1030
0.568762	1	1	5	1030
0.568802	1	1	5	1030
0.568842	1	1	5	1030
0.568882	1	1	5	1030
0.568922	1	1	5	1030
0.568962	1	1	5	1030
0.569002	1	1	5	1030
0.569042	1	1	5	1030
0.569082	1	1	5	1030
0.569122	1	1	5	1030
0.569162	1	1	5	1030
0.569202	1	1	5	1030
0.569242	1	1	5	1030
0.569282	1	1	5	1030
0.569322	1	1	5	1030
0.569362	1	1	5	1030
0.569402	1	1	5	1030
0.569442	1	1	5	1030
0.569482	1	1	5	1030
0.569522	1	1	5	1030
0.569562	1	1	5	1030
0.569602	1	1	5	1030
0.569642	1	1	5	1030
0.569682	1	1	5	1030
0.569722	1	1	5	1030
0.569762	1	1	5	1030
0.569802	1	1	5	1030
0.569842	1	1	5	1030
0.569882	1	1	5	1030
0.569922	1	1	5	1030
0.569962	1	1	5	1030
0.570002	1	1	5	1030
0.570042	1	1	5	1030
0.570082	1	1	5	1030
0.570122	1	1	5	1030
0.570162	1	1	5	1030
0.570202	1	1	5	1030
0.570242	1	1	5	1030
0.570282	1	1	5	1030
0.570322	1	1	5	1030
0.570362	1	1	5	1030
0.570402	1	1	5	1030
0.570442	1	1	5	1030
0.570482	1	1	5	1030
0.570522	1	1	5	1030
0.570562	1	1	5	1030
0.570602	1	1	5	1030
0.570642	1	1	5	1030
0.570682	1	1	5	1030
0.570722	1	1	5	1030
0.570762	1	1	5	1030
0.570802	1	1	5	1030
0.570842	1	1	5	1030
0.570882	1	1	5	1030
0.570922	1	1	5	1030
0.570962	1	1	5	1030
0.571002	1	1	5	1030
0.571042	1	1	5	1030
0.571082	1	1	5	1030
0.571122	1	1	5	1030
0.571162	1	1	5	1030
0.571202	1	1	5	1030
0.571242	1	1	5	1030
0.571282	1	1	5	1030
0.571322	1	1	5	1030
0.571362	1	1	5	1030
0.571402	1	1	5	1030
0.571442	1	1	5	1030
0.571482	1	1	5	1030
0.571522	1	1	5	1030
0.571562	1	1	5	1030
0.571602	1	1	5	1030
0.571642	1	1	5	1030
0.571682	1	1	5	1030
0.571722	1	1	5	1030
0.571762	1	1	5	1030
0.571802	1	1	5	1030
0.571842	1	1	5	1030
0.571882	1	1	5	1030
0.571922	1	1	5	1030
0.571962	1	1	5	1030
0.572002	1	1	5	1030
0.572042	1	1	5	1030
0.572082	1	1	5	1030
0.572122	1	1	5	1030
0.572162	1	1	5	1030
0.572202	1	1	5	1030
0.572242	1	1	5	1030
0.572282	1	1	5	1030
0.572322	1	1	5	1030
0.572362	1	1	5	1030
0.572402	1	1	5	1030
0.572442	1	1	5	1030
0.572482	1	1	5	1030
0.572522	1	1	5	1030
0.572562	1	1	5	1030
0.572602	1	1	5	1030
0.572642	1	1	5	1030
0.572682	1	1	5	1030
0.572722	1	1	5	1030
0.572762	1	1	5	1030
0.572802	1	1	5	1030
0.572842	1	1	5	1030
0.572882	1	1	5	1030
0.572922	1	1	5	1030
0.572962	1	1	5	1030
0.573002	1	1	5	1030
0.573042	1	1	5	1030
0.573082	1	1	5	1030
0.573122	1	1	5	1030
0.573162	1	1	5	1030
0.573202	1	1	5	1030
0.573242	1	1	5	1030
0.573282	1	1	5	1030
0.573322	1	1	5	1030
0.573362	1	1	5	1030
0.573402	1	1	5	1030
0.573442	1	1	5	1030
0.573482	1	1	5	1030
0.573522	1	1	5	1030
0.573562	1	1	5	1030
0.573602	1	1	5	1030
0.573642	1	1	5	1030
0.573682	1	1	5	1030
0.573722	1	1	5	1030
0.573762	1	1	5	1030
0.573802	1	1	5	1030
0.573842	1	1	5	1030
0.573882	1	1	5	1030
0.573922	1	1	5	1030
0.573962	1	1	5	1030
0.574002	1	1	5	1030
0.574042	1	1	5	1030
0.574082	1	1	5	1030
0.574122	1	1	5	1030
0.574162	1	1	5	1030
0.574202	1	1	5	1030
0.574242	1	1	5	1030
0.574282	1	1	5	1030
0.574322	1	1	5	1030
0.574362	1	1	5	1030
0.574402	1	1	5	1030
0.574442	1	1	5	1030
0.574482	1	1	5	1030
0.574522	1	1	5	1030
0.574562	1	1	5	1030
0.574602	1	1	5	1030
0.574642	1	1	5	1030
0.574682	1	1	5	1030
0.574722	1	1	5	1030
0.574762	1	1	5	1030
0.574802	1	1	5	1030
0.574842	1	1	5	1030
0.574882	1	1	5	1030
0.574922	1	1	5	1030
0.574962	1	1	5	1030
0.575002	1	1	5	1030
0.575042	1	1	5	1030
0.575082	1	1	5	1030
0.575122	1	1	5	1030
0.575162	1	1	5	1030
0.575202	1	1	5	1030
0.575242	1	1	5	1030
0.575282	1	1	5	1030
0.575322	1	1	5	1030
0.575362	1	1	5	1030
0.575402	1	1	5	1030
0.575442	1	1	5	1030
0.575482	1	1	5	1030
0.575522	1	1	5	1030
0.575562	1	1	5	1030
0.575602	1	1	5	1030
0.575642	1	1	5	1030
0.575682	1	1	5	1030
0.575722	1	1	5	1030
0.575762	1	1	5	1030
0.575802	1	1	5	1030
0.575842	1	1	5	1030
0.575882	1	1	5	1030
0.575922	1	1	5	1030
0.575962	1	1	5	1030
0.576002	1	1	5	1030
0.576042	1	1	5	1030
0.576082	1	1	5	1030
0.576122	1	1	5	1030
0.576162	1	1	5	1030
0.576202	1	1	5	1030
0.576242	1	1	5	1030
0.576282	1	1	5	1030
0.576322	1	1	5	1030
0.576362	1	1	5	1030
0.576402	1	1	5	1030
0.576442	1	1	5	1030
0.576482	1	1	5	1030
0.576522	1	1	5	1030
0.576562	1	1	5	1030
0.576602	1	1	5	1030
0.576642	1	1	5	1030
0.576682	1	1	5	1030
0.576722	1	1	5	1030
0.576762	1	1	5	1030
0.576802	1	1	5	1030
0.576842	1	1	5	1030
0.576882	1	1	5	1030
0.576922	1	1	5	1030
0.576962	1	1	5	1030
0.577002	1	1	5	1030
0.577042	1	1	5	1030
0.577082	1	1	5	1030
0.577122	1	1	5	1030
0.577162	1	1	5	1030
0.577202	1	1	5	1030
0.577242	1	1	5	1030
0.577282	1	1	5	1030
0.577322	1	1	5	1030
0.577362	1	1	5	1030
0.577402	1	1	5	1030
0.577442	1	1	5	1030
0.577482	1	1	5	1030
0.577522	1	1	5	1030
0.577562	1	1	5	1030
0.577602	1	1	5	1030
0.577642	1	1	5	1030
0.577682	1	1	5	1030
0.577722	1	1	5	1030
0.577762	1	1	5	1030
0.577802	1	1	5	1030
0.577842	1	1	5	1030
0.577882	1	1	5	1030
0.577922	1	1	5	1030
0.577962	1	1	5	1030
0.578002	1	1	5	1030
0.578042	1	1	5	1030
0.578082	1	1	5	1030
0.578122	1	1	5	1030
0.578162	1	1	5	1030
0.578202	1	1	5	1030
0.578242	1	1	5	1030
0.578282	1	1	5	1030
0.578322	1	1	5	1030
0.578362	1	1	5	1030
0.578402	1	1	5	1030
0.578442	1	1	5	1030
0.578482	1	1	5	1030
0.578522	1	1	5	1030
0.578562	1	1	5	1030
0.578602	1	1	5	1030
0.578642	1	1	5	1030
0.578682	1	1	5	1030
0.578722	1	1	5	1030
0.578762	1	1	5	1030
0.578802	1	1	5	1030
0.578842	1	1	5	1030
0.578882	1	1	5	1030
0.578922	1	1	5	1030
0.578962	1	1	5	1030
0.579002	1	1	5	1030
0.579042	1	1	5	1030
0.579082	1	1	5	1030
0.579122	1	1	5	1030
0.579162	1	1	5	1030
0.579202	1	1	5	1030
0.579242	1	1	5	1030
0.579282	1	1	5	1030
0.579322	1	1	5	1030
0.579362	1	1	5	1030
0.579402	1	1	5	1030
0.579442	1	1	5	1030
0.579482	1	1	5	1030
0.579522	1	1	5	1030
0.579562	1	1	5	1030
0.579602	1	1	5	1030
0.579642	1	1	5	1030
0.579682	1	1	5	1030
0.579722	1	1	5	1030
0.579762	1	1	5	1030
0.579802	1	1	5	1030
0.579842	1	1	5	1030
0.579882	1	1	5	1030
0.579922	1	1	5	1030
0.579962	1	1	5	1030
0.580002	1	1	5	1030
0.580042	1	1	5	1030
0.580082	1	1	5	1030
0.580122	1	1	5	1030
0.580162	1	1	5	1030
0.580202	1	1	5	1030
0.580242	1	1	5	1030
0.580282	1	1	5	1030
0.580322	1	1	5	1030
0.580362	1	1	5	1030
0.580402	1	1	5	1030
0.580442	1	1	5	1030
0.580482	1	1	5	1030
0.580522	1	1	5	1030
0.580562	1	1	5	1030
0.580602	1	1	5	1030
0.580642	1	1	5	1030
0.580682	1	1	5	1030
0.580722	1	1	5	1030
0.580762	1	1	5	1030
0.580802	1	1	5	1030
0.580842	1	1	5	1030
0.580882	1	1	5	1030
0.580922	1	1	5	1030
0.580962	1	1	5	1030
0.581002	1	1	5	1030
0.581042	1	1	5	1030
0.581082	1	1	5	1030
0.581122	1	1	5	1030
0.581162	1	1	5	1030
0.581202	1	1	5	1030
0.581242	1	1	5	1030
0.581282	1	1	5	1030
0.581322	1	1	5	1030
0.581362	1	1	5	1030
0.581402	1	1	5	1030
0.581442	1	1	5	1030
0.581482	1	1	5	1030
0.581522	1	1	5	1030
0.581562	1	1	5	1030
0.581602	1	1	5	1030
0.581642	1	1	5	1030
0.581682	1	1	5	1030
0.581722	1	1	5	1030
0.581762	1	1	5	1030
0.581802	1	1	5	1030
0.581842	1	1	5	1030
0.581882	1	1	5	1030
0.581922	1	1	5	1030
0.581962	1	1	5	1030
0.582002	1	1	5	1030
0.582042	1	1	5	1030
0.582082	1	1	5	1030
0.582122	1	1	5	1030
0.582162	1	1	5	1030
0.582202	1	1	5	1030
0.582242	1	1	5	1030
0.582282	1	1	5	1030
0.582322	1	1	5	1030
0.582362	1	1	5	1030
0.582402	1	1	5	1030
0.582442	1	1	5	1030
0.582482	1	1	5	1030
0.582522	1	1	5	1030
0.582562	1	1	5	1030
0.582602	1	1	5	1030
0.582642	1	1	5	1030
0.582682	1	1	5	1030
0.582722	1	1	5	1030
0.582762	1	1	5	1030
0.582802	1	1	5	1030
0.582842	1	1	5	1030
0.582882	1	1	5	1030
0.582922	1	1	5	1030
0.582962	1	1	5	1030
0.583002	1	1	5	1030
0.583042	1	1	5	1030
0.583082	1	1	5	1030
0.583122	1	1	5	1030
0.583162	1	1	5	1030
0.583202	1	1	5	1030
0.583242	1	1	5	1030
0.583282	1	1	5	1030
0.583322	1	1	5	1030
0.583362	1	1	5	1030
0.583402	1	1	5	1030
0.583442	1	1	5	1030
0.583482	1	1	5	1030
0.583522	1	1	5	1030
0.583562	1	1	5	1030
0.583602	1	1	5	1030
0.583642	1	1	5	1030
0.583682	1	1	5	1030
0.583722	1	1	5	1030
0.583762	1	1	5	1030
0.583802	1	1	5	1030
0.583842	1	1	5	1030
0.583882	1	1	5	1030
0.583922	1	1	5	1030
0.583962	1	1	5	1030
0.584002	1	1	5	1030
0.584042	1	1	5	1030
0.584082	1	1	5	1030
0.584122	1	1	5	1030
0.584162	1	1	5	1030
0.584202	1	1	5	1030
0.584242	1	1	5	1030
0.584282	1	1	5	1030
0.584322	1	1	5	1030
0.584362	1	1	5	1030
0.584402	1	1	5	1030
0.584442	1	1	5	1030
0.584482	1	1	5	1030
0.584522	1	1	5	1030
0.584562	1	1	5	1030
0.584602	1	1	5	1030
0.584642	1	1	5	1030
0.584682	1	1	5	1030
0.584722	1	1	5	1030
0.584762	1	1	5	1030
0.584802	1	1	5	1030
0.584842	1	1	5	1030
0.584882	1	1	5	1030
0.584922	1	1	5	1030
0.584962	1	1	5	1030
0.585002	1	1	5	1030
0.585042	1	1	5	1030
0.585082	1	1	5	1030
0.585122	1	1	5	1030
0.585162	1	1	5	1030
0.585202	1	1	5	1030
0.585242	1	1	5	1030
0.585282	1	1	5	1030
0.585322	1	1	5	1030
0.585362	1	1	5	1030
0.585402	1	1	5	1030
0.585442	1	1	5	1030
0.585482	1	1	5	1030
0.585522	1	1	5	1030
0.585562	1	1	5	1030
0.585602	1	1	5	1030
0.585642	1	1	5	1030
0.585682	1	1	5	1030
0.585722	1	1	5	1030
0.585762	1	1	5	1030
0.585802	1	1	5	1030
0.585842	1	1	5	1030
0.585882	1	1	5	1030
0.585922	1	1	5	1030
0.585962	1	1	5	1030
0.586002	1	1	5	1030
0.586042	1	1	5	1030
0.586082	1	1	5	1030
0.586122	1	1	5	1030
0.586162	1	1	5	1030
0.586202	1	1	5	1030
0.586242	1	1	5	1030
0.586282	1	1	5	1030
0.586322	1	1	5	1030
0.586362	1	1	5	1030
0.586402	1	1	5	1030
0.586442	1	1	5	1030
0.586482	1	1	5	1030
0.586522	1	1	5	1030
0.586562	1	1	5	1030
0.586602	1	1	5	1030
0.586642	1	1	5	1030
0.586682	1	1	5	1030
0.586722	1	1	5	1030
0.586762	1	1	5	1030
0.586802	1	1	5	1030
0.586842	1	1	5	1030
0.586882	1	1	5	1030
0.586922	1	1	5	1030
0.586962	1	1	5	1030
0.587002	1	1	5	1030
0.587042	1	1	5	1030
0.587082	1	1	5	1030
0.587122	1	1	5	1030
0.587162	1	1	5	1030
0.587202	1	1	5	1030
0.587242	1	1	5	1030
0.587282	1	1	5	1030
0.587322	1	1	5	1030
0.587362	1	1	5	1030
0.587402	1	1	5	1030
0.587442	1	1	5	1030
0.587482	1	1	5	1030
0.587522	1	1	5	1030
0.587562	1	1	5	1030
0.587602	1	1	5	1030
0.587642	1	1	5	1030
0.587682	1	1	5	1030
0.587722	1	1	5	1030
0.587762	1	1	5	1030
0.587802	1	1	5	1030
0.587842	1	1	5	1030
0.587882	1	1	5	1030
0.587922	1	1	5	1030
0.587962	1	1	5	1030
0.588002	1	1	5	1030
0.588042	1	1	5	1030
0.588082	1	1	5	1030
0.588122	1	1	5	1030
0.588162	1	1	5	1030
0.588202	1	1	5	1030
0.588242	1	1	5	1030
0.588282	1	1	5	1030
0.588322	1	1	5	1030
0.588362	1	1	5	1030
0.588402	1	1	5	1030
0.588442	1	1	5	1030
0.588482	1	1	5	1030
0.588522	1	1	5	1030
0.588562	1	1	5	1030
0.588602	1	1	5	1030
0.588642	1	1	5	1030
0.588682	1	1	5	1030
0.588722	1	1	5	1030
0.588762	1	1	5	1030
0.588802	1	1	5	1030
0.588842	1	1	5	1030
0.588882	1	1	5	1030
0.588922	1	1	5	1030
0.588962	1	1	5	1030
0.589002	1	1	5	1030
0.589042	1	1	5	1030
0.589082	1	1	5	1030
0.589122	1	1	5	1030
0.589162	1	1	5	1030
0.589202	1	1	5	1030
0.589242	1	1	5	1030
0.589282	1	1	5	1030
0.589322	1	1	5	1030
0.589362	1	1	5	1030
0.589402	1	1	5	1030
0.589442	1	1	5	1030
0.589482	1	1	5	1030
0.589522	1	1	5	1030
0.589562	1	1	5	1030
0.589602	1	1	5	1030
0.589642	1	1	5	1030
0.589682	1	1	5	1030
0.589722	1	1	5	1030
0.589762	1	1	5	1030
0.589802	1	1	5	1030
0.589842	1	1	5	1030
0.589882	1	1	5	1030
0.589922	1	1	5	1030
0.589962	1	1	5	1030
0.590002	1	1	5	1030
0.590042	1	1	5	1030
0.590082	1	1	5	1030
0.590122	1	1	5	1030
0.590162	1	1	5	1030
0.590202	1	1	5	1030
0.590242	1	1	5	1030
0.590282	1	1	5	1030
0.590322	1	1	5	1030
0.590362	1	1	5	1030
0.590402	1	1	5	1030
0.590442	1	1	5	1030
0.590482	1	1	5	1030
0.590522	1	1	5	1030
0.590562	1	1	5	1030
0.590602	1	1	5	1030
0.590642	1	1	5	1030
0.590682	1	1	5	1030
0.590722	1	1	5	1030
0.590762	1	1	5	1030
0.590802	1	1	5	1030
0.590842	1	1	5	1030
0.590882	1	1	5	1030
0.590922	1	1	5	1030
0.590962	1	1	5	1030
0.591002	1	1	5	1030
0.591042	1	1	5	1030
0.591082	1	1	5	1030
0.591122	1	1	5	1030
0.591162	1	1	5	1030
0.591202	1	1	5	1030
0.591242	1	1	5	1030
0.591282	1	1	5	1030
0.591322	1	1	5	1030
0.591362	1	1	5	1030
0.591402	1	1	5	1030
0.591442	1	1	5	1030
0.591482	1	1	5	1030
0.591522	1	1	5	1030
0.591562	1	1	5	1030
0.591602	1	1	5	1030
0.591642	1	1	5	1030
0.591682	1	1	5	1030
0.591722	1	1	5	1030
0.591762	1	1	5	1030
0.591802	1	1	5	1030
0.591842	1	1	5	1030
0.591882	1	1	5	1030
0.591922	1	1	5	1030
0.591962	1	1	5	1030
0.592002	1	1	5	1030
0.592042	1	1	5	1030
0.592082	1	1	5	1030
0.592122	1	1	5	1030
0.592162	1	1	5	1030
0.592202	1	1	5	1030
0.592242	1	1	5	1030
0.592282	1	1	5	1030
0.592322	1	1	5	1030
0.592362	1	1	5	1030
0.592402	1	1	5	1030
0.592442	1	1	5	1030
0.592482	1	1	5	1030
0.592522	1	1	5	1030
0.592562	1	1	5	1030
0.592602	1	1	5	1030
0.592642	1	1	5	1030
0.592682	1	1	5	1030
0.592722	1	1	5	1030
0.592762	1	1	5	1030
0.592802	1	1	5	1030
0.592842	1	1	5	1030
0.592882	1	1	5	1030
0.592922	1	1	5	1030
0.592962	1	1	5	1030
0.593002	1	1	5	1030
0.593042	1	1	5	1030
0.593082	1	1	5	1030
0.593122	1	1	5	1030
0.593162	1	1	5	1030
0.593202	1	1	5	1030
0.593242	1	1	5	1030
0.593282	1	1	5	1030
0.593322	1	1	5	1030
0.593362	1	1	5	1030
0.593402	1	1	5	1030
0.593442	1	1	5	1030
0.593482	1	1	5	1030
0.593522	1	1	5	1030
0.593562	1	1	5	1030
0.593602	1	1	5	1030
0.593642	1	1	5	1030
0.593682	1	1	5	1030
0.593722	1	1	5	1030
0.593762	1	1	5	1030
0.593802	1	1	5	1030
0.593842	1	1	5	1030
0.593882	1	1	5	1030
0.593922	1	1	5	1030
0.593962	1	1	5	1030
0.594002	1	1	5	1030
0.594042	1	1	5	1030
0.594082	1	1	5	1030
0.594122	1	1	5	1030
0.594162	1	1	5	1030
0.594202	1	1	5	1030
0.594242	1	1	5	1030
0.594282	1	1	5	1030
0.594322	1	1	5	1030
0.594362	1	1	5	1030
0.594402	1	1	5	1030
0.594442	1	1	5	1030
0.594482	1	1	5	1030
0.594522	1	1	5	1030
0.594562	1	1	5	1030
0.594602	1	1	5	1030
0.594642	1	1	5	1030
0.594682	1	1	5	1030
0.594722	1	1	5	1030
0.594762	1	1	5	1030
0.594802	1	1	5	1030
0.594842	1	1	5	1030
0.594882	1	1	5	1030
0.594922	1	1	5	1030
0.594962	1	1	5	1030
0.595002	1	1	5	1030
0.595042	1	1	5	1030
0.595082	1	1	5	1030
0.595122	1	1	5	1030
0.595162	1	1	5	1030
0.595202	1	1	5	1030
0.595242	1	1	5	1030
0.595282	1	1	5	1030
0.595322	1	1	5	1030
0.595362	1	1	5	1030
0.595402	1	1	5	1030
0.595442	1	1	5	1030
0.595482	1	1	5	1030
0.595522	1	1	5	1030
0.595562	1	1	5	1030
0.595602	1	1	5	1030
0.595642	1	1	5	1030
0.595682	1	1	5	1030
0.595722	1	1	5	1030
0.595762	1	1	5	1030
0.595802	1	1	5	1030
0.595842	1	1	5	1030
0.595882	1	1	5	1030
0.595922	1	1	5	1030
0.595962	1	1	5	1030
0.596002	1	1	5	1030
0.596042	1	1	5	1030
0.596082	1	1	5	1030
0.596122	1	1	5	1030
0.596162	1	1	5	1030
0.596202	1	1	5	1030
0.596242	1	1	5	1030
0.596282	1	1	5	1030
0.596322	1	1	5	1030
0.596362	1	1	5	1030
0.596402	1	1	5	1030
0.596442	1	1	5	1030
0.596482	1	1	5	1030
0.596522	1	1	5	1030
0.596562	1	1	5	1030
0.596602	1	1	5	1030
0.596642	1	1	5	1030
0.596682	1	1	5	1030
0.596722	1	1	5	1030
0.596762	1	1	5	1030
0.596802	1	1	5	1030
0.596842	1	1	5	1030
0.596882	1	1	5	1030
0.596922	1	1	5	1030
0.596962	1	1	5	1030
0.597002	1	1	5	1030
0.597042	1	1	5	1030
0.597082	1	1	5	1030
0.597122	1	1	5	1030
0.597162	1	1	5	1030
0.597202	1	1	5	1030
0.597242	1	1	5	1030
0.597282	1	1	5	1030
0.597322	1	1	5	1030
0.597362	1	1	5	1030
0.597402	1	1	5	1030
0.597442	1	1	5	1030
0.597482	1	1	5	1030
0.597522	1	1	5	1030
0.597562	1	1	5	1030
0.597602	1	1	5	1030
0.597642	1	1	5	1030
0.597682	1	1	5	1030
0.597722	1	1	5	1030
0.597762	1	1	5	1030
0.597802	1	1	5	1030
0.597842	1	1	5	1030
0.597882	1	1	5	1030
0.597922	1	1	5	1030
0.597962	1	1	5	1030
0.598002	1	1	5	1030
0.598042	1	1	5	1030
0.598082	1	1	5	1030
0.598122	1	1	5	1030
0.598162	1	1	5	1030
0.598202	1	1	5	1030
0.598242	1	1	5	1030
0.598282	1	1	5	1030
0.598322	1	1	5	1030
0.598362	1	1	5	1030
0.598402	1	1	5	1030
0.598442	1	1	5	1030
0.598482	1	1	5	1030
0.598522	1	1	5	1030
0.598562	1	1	5	1030
0.598602	1	1	5	1030
0.598642	1	1	5	1030
0.598682	1	1	5	1030
0.598722	1	1	5	1030
0.598762	1	1	5	1030
0.598802	1	1	5	1030
0.598842	1	1	5	1030
0.598882	1	1	5	1030
0.598922	1	1	5	1030
0.598962	1	1	5	1030
0.599002	1	1	5	1030
0.599042	1	1	5	1030
0.599082	1	1	5	1030
0.599122	1	1	5	1030
0.599162	1	1	5	1030
0.599202	1	1	5	1030
0.599242	1	1	5	1030
0.599282	1	1	5	1030
0.599322	1	1	5	1030
0.599362	1	1	5	1030
0.599402	1	1	5	1030
0.599442	1	1	5	1030
0.599482	1	1	5	1030
0.599522	1	1	5	1030
0.599562	1	1	5	1030
0.599602	1	1	5	1030
0.599642	1	1	5	1030
0.599682	1	1	5	1030
0.599722	1	1	5	1030
0.599762	1	1	5	1030
0.599802	1	1	5	1030
0.599842	1	1	5	1030
0.599882	1	1	5	1030
0.599922	1	1	5	1030
0.599962	1	1	5	1030
0.600002	1	1	5	1030
0.600042	1	1	5	1030
0.600082	1	1	5	1030
0.600122	1	1	5	1030
0.600162	1	1	5	1030
0.600202	1	1	5	1030
0.600242	1	1	5	1030
0.600282	1	1	5	1030
0.600322	1	1	5	1030
0.600362	1	1	5	1030
0.600402	1	1	5	1030
0.600442	1	1	5	1030
0.600482	1	1	5	1030
0.600522	1	1	5	1030
0.600562	1	1	5	1030
0.600602	1	1	5	1030
0.600642	1	1	5	1030
0.600682	1	1	5	1030
0.600722	1	1	5	1030
0.600762	1	1	5	1030
0.600802	1	1	5	1030
0.600842	1	1	5	1030
0.600882	1	1	5	1030
0.600922	1	1	5	1030
0.600962	1	1	5	1030
0.601002	1	1	5	1030
0.601042	1	1	5	1030
0.601082	1	1	5	1030
0.601122	1	1	5	1030
0.601162	1	1	5	1030
0.601202	1	1	5	1030
0.601242	1	1	5	1030
0.601282	1	1	5	1030
0.601322	1	1	5	1030
0.601362	1	1	5	1030
0.601402	1	1	5	1030
0.601442	1	1	5	1030
0.601482	1	1	5	1030
0.601522	1	1	5	1030
0.601562	1	1	5	1030
0.601602	1	1	5	1030
0.601642	1	1	5	1030
0.601682	1	1	5	1030
0.601722	1	1	5	1030
0.601762	1	1	5	1030
0.601802	1	1	5	1030
0.601842	1	1	5	1030
0.601882	1	1	5	1030
0.601922	1	1	5	1030
0.601962	1	1	5	1030
0.602002	1	1	5	1030
0.602042	1	1	5	1030
0.602082	1	1	5	1030
0.602122	1	1	5	1030
0.602162	1	1	5	1030
0.602202	1	1	5	1030
0.602242	1	1	5	1030
0.602282	1	1	5	1030
0.602322	1	1	5	1030
0.602362	1	1	5	1030
0.602402	1	1	5	1030
0.602442	1	1	5	1030
0.602482	1	1	5	1030
0.602522	1	1	5	1030
0.602562	1	1	5	1030
0.602602	1	1	5	1030
0.602642	1	1	5	1030
0.602682	1	1	5	1030
0.602722	1	1	5	1030
0.602762	1	1	5	1030
0.602802	1	1	5	1030
0.602842	1	1	5	1030
0.602882	1	1	5	1030
0.602922	1	1	5	1030
0.602962	1	1	5	1030
0.603002	1	1	5	1030
0.603042	1	1	5	1030
0.603082	1	1	5	1030
0.603122	1	1	5	1030
0.603162	1	1	5	1030
0.603202	1	1	5	1030
0.603242	1	1	5	1030
0.603282	1	1	5	1030
0.603322	1	1	5	1030
0.603362	1	1	5	1030
0.603402	1	1	5	1030
0.603442	1	1	5	1030
0.603482	1	1	5	1030
0.603522	1	1	5	1030
0.603562	1	1	5	1030
0.603602	1	1	5	1030
0.603642	1	1	5	1030
0.603682	1	1	5	1030
0.603722	1	1	5	1030
0.603762	1	1	5	1030
0.603802	1	1	5	1030
0.603842	1	1	5	1030
0.603882	1	1	5	1030
0.603922	1	1	5	1030
0.603962	1	1	5	1030
0.604002	1	1	5	1030
0.604042	1	1	5	1030
0.604082	1	1	5	1030
0.604122	1	1	5	1030
0.604162	1	1	5	1030
0.604202	1	1	5	1030
0.604242	1	1	5	1030
0.604282	1	1	5	1030
0.604322	1	1	5	1030
0.604362	1	1	5	1030
0.604402	1	1	5	1030
0.604442	1	1	5	1030
0.604482	1	1	5	1030
0.604522	1	1	5	1030
0.604562	1	1	5	1030
0.604602	1	1	5	1030
0.604642	1	1	5	1030
0.604682	1	1	5	1030
0.604722	1	1	5	1030
0.604762	1	1	5	1030
0.604802	1	1	5	1030
0.604842	1	1	5	1030
0.604882	1	1	5	1030
0.604922	1	1	5	1030
0.604962	1	1	5	1030
0.605002	1	1	5	1030
0.605042	1	1	5	1030
0.605082	1	1	5	1030
0.605122	1	1	5	1030
0.605162	1	1	5	1030
0.605202	1	1	5	1030
0.605242	1	1	5	1030
0.605282	1	1	5	1030
0.605322	1	1	5	1030
0.605362	1	1	5	1030
0.605402	1	1	5	1030
0.605442	1	1	5	1030
0.605482	1	1	5	1030
0.605522	1	1	5	1030
0.605562	1	1	5	1030
0.605602	1	1	5	1030
0.605642	1	1	5	1030
0.605682	1	1	5	1030
0.605722	1	1	5	1030
0.605762	1	1	5	1030
0.605802	1	1	5	1030
0.605842	1	1	5	1030
0.605882	1	1	5	1030
0.605922	1	1	5	1030
0.605962	1	1	5	1030
0.606002	1	1	5	1030
0.606042	1	1	5	1030
0.606082	1	1	5	1030
0.606122	1	1	5	1030
0.606162	1	1	5	1030
0.606202	1	1	5	1030
0.606242	1	1	5	1030
0.606282	1	1	5	1030
0.606322	1	1	5	1030
0.606362	1	1	5	1030
0.606402	1	1	5	1030
0.606442	1	1	5	1030
0.606482	1	1	5	1030
0.606522	1	1	5	1030
0.606562	1	1	5	1030
0.606602	1	1	5	1030
0.606642	1	1	5	1030
0.606682	1	1	5	1030
0.606722	1	1	5	1030
0.606762	1	1	5	1030
0.606802	1	1	5	1030
0.606842	1	1	5	1030
0.606882	1	1	5	1030
0.606922	1	1	5	1030
0.606962	1	1	5	1030
0.607002	1	1	5	1030
0.607042	1	1	5	1030
0.607082	1	1	5	1030
0.607122	1	1	5	1030
0.607162	1	1	5	1030
0.607202	1	1	5	1030
0.607242	1	1	5	1030
0.607282	1	1	5	1030
0.607322	1	1	5	1030
0.607362	1	1	5	1030
0.607402	1	1	5	1030
0.607442	1	1	5	1030
0.607482	1	1	5	1030
0.607522	1	1	5	1030
0.607562	1	1	5	1030
0.607602	1	1	5	1030
0.607642	1	1	5	1030
0.607682	1	1	5	1030
0.607722	1	1	5	1030
0.607762	1	1	5	1030
0.607802	1	1	5	1030
0.607842	1	1	5	1030
0.607882	1	1	5	1030
0.607922	1	1	5	1030
0.607962	1	1	5	1030
0.608002	1	1	5	1030
0.608042	1	1	5	1030
0.608082	1	1	5	1030
0.608122	1	1	5	1030
0.608162	1	1	5	1030
0.608202	1	1	5	1030
0.608242	1	1	5	1030
0.608282	1	1	5	1030
0.608322	1	1	5	1030
0.608362	1	1	5	1030
0.608402	1	1	5	1030
0.608442	1	1	5	1030
0.608482	1	1	5	1030
0.608522	1	1	5	1030
0.608562	1	1	5	1030
0.608602	1	1	5	1030
0.608642	1	1	5	1030
0.608682	1	1	5	1030
0.608722	1	1	5	1030
0.608762	1	1	5	1030
0.608802	1	1	5	1030
0.608842	1	1	5	1030
0.608882	1	1	5	1030
0.608922	1	1	5	1030
0.608962	1	1	5	1030
0.609002	1	1	5	1030
0.609042	1	1	5	1030
0.609082	1	1	5	1030
0.609122	1	1	5	1030
0.609162	1	1	5	1030
0.609202	1	1	5	1030
0.609242	1	1	5	1030
0.609282	1	1	5	1030
0.609322	1	1	5	1030
0.609362	1	1	5	1030
0.609402	1	1	5	1030
0.609442	1	1	5	1030
0.609482	1	1	5	1030
0.609522	1	1	5	1030
0.609562	1	1	5	1030
0.609602	1	1	5	1030
0.609642	1	1	5	1030
0.609682	1	1	5	1030
0.609722	1	1	5	1030
0.609762	1	1	5	1030
0.609802	1	1	5	1030
0.609842	1	1	5	1030
0.609882	1	1	5	1030
0.609922	1	1	5	1030
0.609962	1	1	5	1030
0.610002	1	1	5	1030
0.610042	1	1	5	1030
0.610082	1	1	5	1030
0.610122	1	1	5	1030
0.610162	1	1	5	1030
0.610202	1	1	5	1030
0.610242	1	1	5	1030
0.610282	1	1	5	1030
0.610322	1	1	5	1030
0.610362	1	1	5	1030
0.610402	1	1	5	1030
0.610442	1	1	5	1030
0.610482	1	1	5	1030
0.610522	1	1	5	1030
0.610562	1	1	5	1030
0.610602	1	1	5	1030
0.610642	1	1	5	1030
0.610682	1	1	5	1030
0.610722	1	1	5	1030
0.610762	1	1	5	1030
0.610802	1	1	5	1030
0.610842	1	1	5	1030
0.610882	1	1	5	1030
0.610922	1	1	5	1030
0.610962	1	1	5	1030
0.611002	1	1	5	1030
0.611042	1	1	5	1030
0.611082	1	1	5	1030
0.611122	1	1	5	1030
0.611162	1	1	5	1030
0.611202	1	1	5	1030
0.611242	1	1	5	1030
0.611282	1	1	5	1030
0.611322	1	1	5	1030
0.611362	1	1	5	1030
0.611402	1	1	5	1030
0.611442	1	1	5	1030
0.611482	1	1	5	1030
0.611522	1	1	5	1030
0.611562	1	1	5	1030
0.611602	1	1	5	1030
0.611642	1	1	5	1030
0.611682	1	1	5	1030
0.611722	1	1	5	1030
0.611762	1	1	5	1030
0.611802	1	1	5	1030
0.611842	1	1	5	1030
0.611882	1	1	5	1030
0.611922	1	1	5	1030
0.611962	1	1	5	1030
0.612002	1	1	5	1030
0.612042	1	1	5	1030
0.612082	1	1	5	1030
0.612122	1	1	5	1030
0.612162	1	1	5	1030
0.612202	1	1	5	1030
0.612242	1	1	5	1030
0.612282	1	1	5	1030
0.612322	1	1	5	1030
0.612362	1	1	5	1030
0.612402	1	1	5	1030
0.612442	1	1	5	1030
0.612482	1	1	5	1030
0.612522	1	1	5	1030
0.612562	1	1	5	1030
0.612602	1	1	5	1030
0.612642	1	1	5	1030
0.612682	1	1	5	1030
0.612722	1	1	5	1030
0.612762	1	1	5	1030
0.612802	1	1	5	1030
0.612842	1	1	5	1030
0.612882	1	1	5	1030
0.612922	1	1	5	1030
0.612962	1	1	5	1030
0.613002	1	1	5	1030
0.613042	1	1	5	1030
0.613082	1	1	5	1030
0.613122	1	1	5	1030
0.613162	1	1	5	1030
0.613202	1	1	5	1030
0.613242	1	1	5	1030
0.613282	1	1	5	1030
0.613322	1	1	5	1030
0.613362	1	1	5	1030
0.613402	1	1	5	1030
0.613442	1	1	5	1030
0.613482	1	1	5	1030
0.613522	1	1	5	1030
0.613562	1	1	5	1030
0.613602	1	1	5	1030
0.613642	1	1	5	1030
0.613682	1	1	5	1030
0.613722	1	1	5	1030
0.613762	1	1	5	1030
0.613802	1	1	5	1030
0.613842	1	1	5	1030
0.613882	1	1	5	1030
0.613922	1	1	5	1030
0.613962	1	1	5	1030
0.614002	1	1	5	1030
0.614042	1	1	5	1030
0.614082	1	1	5	1030
0.614122	1	1	5	1030
0.614162	1	1	5	1030
0.614202	1	1	5	1030
0.614242	1	1	5	1030
0.614282	1	1	5	1030
0.614322	1	1	5	1030
0.614362	1	1	5	1030
0.614402	1	1	5	1030
0.614442	1	1	5	1030
0.614482	1	1	5	1030
0.614522	1	1	5	1030
0.614562	1	1	5	1030
0.614602	1	1	5	1030
0.614642	1	1	5	1030
0.614682	1	1	5	1030
0.614722	1	1	5	1030
0.614762	1	1	5	1030
0.614802	1	1	5	1030
0.614842	1	1	5	1030
0.614882	1	1	5	1030
0.614922	1	1	5	1030
0.614962	1	1	5	1030
0.615002	1	1	5	1030
0.615042	1	1	5	1030
0.615082	1	1	5	1030
0.615122	1	1	5	1030
0.615162	1	1	5	1030
0.615202	1	1	5	1030
0.615242	1	1	5	1030
0.615282	1	1	5	1030
0.615322	1	1	5	1030
0.615362	1	1	5	1030
0.615402	1	1	5	1030
0.615442	1	1	5	1030
0.615482	1	1	5	1030
0.615522	1	1	5	1030
0.615562	1	1	5	1030
0.615602	1	1	5	1030
0.615642	1	1	5	1030
0.615682	1	1	5	1030
0.615722	1	1	5	1030
0.615762	1	1	5	1030
0.615802	1	1	5	1030
0.615842	1	1	5	1030
0.615882	1	1	5	1030
0.615922	1	1	5	1030
0.615962	1	1	5	1030
0.616002	1	1	5	1030
0.616042	1	1	5	1030
0.616082	1	1	5	1030
0.616122	1	1	5	1030
0.616162	1	1	5	1030
0.616202	1	1	5	1030
0.616242	1	1	5	1030
0.616282	1	1	5	1030
0.616322	1	1	5	1030
0.616362	1	1	5	1030
0.616402	1	1	5	1030
0.616442	1	1	5	1030
0.616482	1	1	5	1030
0.616522	1	1	5	1030
0.616562	1	1	5	1030
0.616602	1	1	5	1030
0.616642	1	1	5	1030
0.616682	1	1	5	1030
0.616722	1	1	5	1030
0.616762	1	1	5	1030
0.616802	1	1	5	1030
0.616842	1	1	5	1030
0.616882	1	1	5	1030
0.616922	1	1	5	1030
0.616962	1	1	5	1030
0.617002	1	1	5	1030
0.617042	1	1	5	1030
0.617082	1	1	5	1030
0.617122	1	1	5	1030
0.617162	1	1	5	1030
0.617202	1	1	5	1030
0.617242	1	1	5	1030
0.617282	1	1	5	1030
0.617322	1	1	5	1030
0.617362	1	1	5	1030
0.617402	1	1	5	1030
0.617442	1	1	5	1030
0.617482	1	1	5	1030
0.617522	1	1	5	1030
0.617562	1	1	5	1030
0.617602	1	1	5	1030
0.617642	1	1	5	1030
0.617682	1	1	5	1030
0.617722	1	1	5	1030
0.617762	1	1	5	1030
0.617802	1	1	5	1030
0.617842	1	1	5	1030
0.617882	1	1	5	1030
0.617922	1	1	5	1030
0.617962	1	1	5	1030
0.618002	1	1	5	1030
0.618042	1	1	5	1030
0.618082	1	1	5	1030
0.618122	1	1	5	1030
0.618162	1	1	5	1030
0.618202	1	1	5	1030
0.618242	1	1	5	1030
0.618282	1	1	5	1030
0.618322	1	1	5	1030
0.618362	1	1	5	1030
0.618402	1	1	5	1030
0.618442	1	1	5	1030
0.618482	1	1	5	1030
0.618522	1	1	5	1030
0.618562	1	1	5	1030
0.618602	1	1	5	1030
0.618642	1	1	5	1030
0.618682	1	1	5	1030
0.618722	1	1	5	1030
0.618762	1	1	5	1030
0.618802	1	1	5	1030
0.618842	1	1	5	1030
0.618882	1	1	5	1030
0.618922	1	1	5	1030
0.618962	1	1	5	1030
0.619002	1	1	5	1030
0.619042	1	1	5	1030
0.619082	1	1	5	1030
0.619122	1	1	5	1030
0.619162	1	1	5	1030
0.619202	1	1	5	1030
0.619242	1	1	5	1030
0.619282	1	1	5	1030
0.619322	1	1	5	1030
0.619362	1	1	5	1030
0.619402	1	1	5	1030
0.619442	1	1	5	1030
0.619482	1	1	5	1030
0.619522	1	1	5	1030
0.619562	1	1	5	1030
0.619602	1	1	5	1030
0.619642	1	1	5	1030
0.619682	1	1	5	1030
0.619722	1	1	5	1030
0.619762	1	1	5	1030
0.619802	1	1	5	1030
0.619842	1	1	5	1030
0.619882	1	1	5	1030
0.619922	1	1	5	1030
0.619962	1	1	5	1030
0.620002	1	1	5	1030
0.620042	1	1	5	1030
0.620082	1	1	5	1030
0.620122	1	1	5	1030
0.620162	1	1	5	1030
0.620202	1	1	5	1030
0.620242	1	1	5	1030
0.620282	1	1	5	1030
0.620322	1	1	5	1030
0.620362	1	1	5	1030
0.620402	1	1	5	1030
0.620442	1	1	5	1030
0.620482	1	1	5	1030
0.620522	1	1	5	1030
0.620562	1	1	5	1030
0.620602	1	1	5	1030
0.620642	1	1	5	1030
0.620682	1	1	5	1030
0.620722	1	1	5	1030
0.620762	1	1	5	1030
0.620802	1	1	5	1030
0.620842	1	1	5	1030
0.620882	1	1	5	1030
0.620922	1	1	5	1030
0.620962	1	1	5	1030
0.621002	1	1	5	1030
0.621042	1	1	5	1030
0.621082	1	1	5	1030
0.621122	1	1	5	1030
0.621162	1	1	5	1030
0.621202	1	1	5	1030
0.621242	1	1	5	1030
0.621282	1	1	5	1030
0.621322	1	1	5	1030
0.621362	1	1	5	1030
0.621402	1	1	5	1030
0.621442	1	1	5	1030
0.621482	1	1	5	1030
0.621522	1	1	5	1030
0.621562	1	1	5	1030
0.621602	1	1	5	1030
0.621642	1	1	5	1030
0.621682	1	1	5	1030
0.621722	1	1	5	1030
0.621762	1	1	5	1030
0.621802	1	1	5	1030
0.621842	1	1	5	1030
0.621882	1	1	5	1030
0.621922	1	1	5	1030
0.621962	1	1	5	1030
0.622002	1	1	5	1030
0.622042	1	1	5	1030
0.622082	1	1	5	1030
0.622122	1	1	5	1030
0.622162	1	1	5	1030
0.622202	1	1	5	1030
0.622242	1	1	5	1030
0.622282	1	1	5	1030
0.622322	1	1	5	1030
0.622362	1	1	5	1030
0.622402	1	1	5	1030
0.622442	1	1	5	1030
0.622482	1	1	5	1030
0.622522	1	1	5	1030
0.622562	1	1	5	1030
0.622602	1	1	5	1030
0.622642	1	1	5	1030
0.622682	1	1	5	1030
0.622722	1	1	5	1030
0.622762	1	1	5	1030
0.622802	1	1	5	1030
0.622842	1	1	5	1030
0.622882	1	1	5	1030
0.622922	1	1	5	1030
0.622962	1	1	5	1030
0.623002	1	1	5	1030
0.623042	1	1	5	1030
0.623082	1	1	5	1030
0.623122	1	1	5	1030
0.623162	1	1	5	1030
0.623202	1	1	5	1030
0.623242	1	1	5	1030
0.623282	1	1	5	1030
0.623322	1	1	5	1030
0.623362	1	1	5	1030
0.623402	1	1	5	1030
0.623442	1	1	5	1030
0.623482	1	1	5	1030
0.623522	1	1	5	1030
0.623562	1	1	5	1030
0.623602	1	1	5	1030
0.623642	1	1	5	1030
0.623682	1	1	5	1030
0.623722	1	1	5	1030
0.623762	1	1	5	1030
0.623802	1	1	5	1030
0.623842	1	1	5	1030
0.623882	1	1	5	1030
0.623922	1	1	5	1030
0.623962	1	1	5	1030
0.624002	1	1	5	1030
0.624042	1	1	5	1030
0.624082	1	1	5	1030
0.624122	1	1	5	1030
0.624162	1	1	5	1030
0.624202	1	1	5	1030
0.624242	1	1	5	1030
0.624282	1	1	5	1030
0.624322	1	1	5	1030
0.624362	1	1	5	1030
0.624402	1	1	5	1030
0.624442	1	1	5	1030
0.624482	1	1	5	1030
0.624522	1	1	5	1030
0.624562	1	1	5	1030
0.624602	1	1	5	1030
0.624642	1	1	5	1030
0.624682	1	1	5	1030
0.624722	1	1	5	1030
0.624762	1	1	5	1030
0.624802	1	1	5	1030
0.624842	1	1	5	1030
0.624882	1	1	5	1030
0.624922	1	1	5	1030
0.624962	1	1	5	1030
0.625002	1	1	5	1030
0.625042	1	1	5	1030
0.625082	1	1	5	1030
0.625122	1	1	5	1030
0.625162	1	1	5	1030
0.625202	1	1	5	1030
0.625242	1	1	5	1030
0.625282	1	1	5	1030
0.625322	1	1	5	1030
0.625362	1	1	5	1030
0.625402	1	1	5	1030
0.625442	1	1	5	1030
0.625482	1	1	5	1030
0.625522	1	1	5	1030
0.625562	1	1	5	1030
0.625602	1	1	5	1030
0.625642	1	1	5	1030
0.625682	1	1	5	1030
0.625722	1	1	5	1030
0.625762	1	1	5	1030
0.625802	1	1	5	1030
0.625842	1	1	5	1030
0.625882	1	1	5	1030
0.625922	1	1	5	1030
0.625962	1	1	5	1030
0.626002	1	1	5	1030
0.626042	1	1	5	1030
0.626082	1	1	5	1030
0.626122	1	1	5	1030
0.626162	1	1	5	1030
0.626202	1	1	5	1030
0.626242	1	1	5	1030
0.626282	1	1	5	1030
0.626322	1	1	5	1030
0.626362	1	1	5	1030
0.626402	1	1	5	1030
0.626442	1	1	5	1030
0.626482	1	1	5	1030
0.626522	1	1	5	1030
0.626562	1	1	5	1030
0.626602	1	1	5	1030
0.626642	1	1	5	1030
0.626682	1	1	5	1030
0.626722	1	1	5	1030
0.626762	1	1	5	1030
0.626802	1	1	5	1030
0.626842	1	1	5	1030
0.626882	1	1	5	1030
0.626922	1	1	5	1030
0.626962	1	1	5	1030
0.627002	1	1	5	1030
0.627042	1	1	5	1030
0.627082	1	1	5	1030
0.627122	1	1	5	1030
0.627162	1	1	5	1030
0.627202	1	1	5	1030
0.627242	1	1	5	1030
0.627282	1	1	5	1030
0.627322	1	1	5	1030
0.627362	1	1	5	1030
0.627402	1	1	5	1030
0.627442	1	1	5	1030
0.627482	1	1	5	1030
0.627522	1	1	5	1030
0.627562	1	1	5	1030
0.627602	1	1	5	1030
0.627642	1	1	5	1030
0.627682	1	1	5	1030
0.627722	1	1	5	1030
0.627762	1	1	5	1030
0.627802	1	1	5	1030
0.627842	1	1	5	1030
0.627882	1	1	5	1030
0.627922	1	1	5	1030
0.627962	1	1	5	1030
0.628002	1	1	5	1030
0.628042	1	1	5	1030
0.628082	1	1	5	1030
0.628122	1	1	5	1030
0.628162	1	1	5	1030
0.628202	1	1	5	1030
0.628242	1	1	5	1030
0.628282	1	1	5	1030
0.628322	1	1	5	1030
0.628362	1	1	5	1030
0.628402	1	1	5	1030
0.628442	1	1	5	1030
0.628482	1	1	5	1030
0.628522	1	1	5	1030
0.628562	1	1	5	1030
0.628602	1	1	5	1030
0.628642	1	1	5	1030
0.628682	1	1	5	1030
0.628722	1	1	5	1030
0.628762	1	1	5	1030
0.628802	1	1	5	1030
0.628842	1	1	5	1030
0.628882	1	1	5	1030
0.628922	1	1	5	1030
0.628962	1	1	5	1030
0.629002	1	1	5	1030
0.629042	1	1	5	1030
0.629082	1	1	5	1030
0.629122	1	1	5	1030
0.629162	1	1	5	1030
0.629202	1	1	5	1030
0.629242	1	1	5	1030
0.629282	1	1	5	1030
0.629322	1	1	5	1030
0.629362	1	1	5	1030
0.629402	1	1	5	1030
0.629442	1	1	5	1030
0.629482	1	1	5	1030
0.629522	1	1	5	1030
0.629562	1	1	5	1030
0.629602	1	1	5	1030
0.629642	1	1	5	1030
0.629682	1	1	5	1030
0.629722	1	1	5	1030
0.629762	1	1	5	1030
0.629802	1	1	5	1030
0.629842	1	1	5	1030
0.629882	1	1	5	1030
0.629922	1	1	5	1030
0.629962	1	1	5	1030
0.630002	1	1	5	1030
0.630042	1	1	5	1030
0.630082	1	1	5	1030
0.630122	1	1	5	1030
0.630162	1	1	5	1030
0.630202	1	1	5	1030
0.630242	1	1	5	1030
0.630282	1	1	5	1030
0.630322	1	1	5	1030
0.630362	1	1	5	1030
0.630402	1	1	5	1030
0.630442	1	1	5	1030
0.630482	1	1	5	1030
0.630522	1	1	5	1030
0.630562	1	1	5	1030
0.630602	1	1	5	1030
0.630642	1	1	5	1030
0.630682	1	1	5	1030
0.630722	1	1	5	1030
0.630762	1	1	5	1030
0.630802	1	1	5	1030
0.630842	1	1	5	1030
0.630882	1	1	5	1030
0.630922	1	1	5	1030
0.630962	1	1	5	1030
0.631002	1	1	5	1030
0.631042	1	1	5	1030
0.631082	1	1	5	1030
0.631122	1	1	5	1030
0.631162	1	1	5	1030
0.631202	1	1	5	1030
0.631242	1	1	5	1030
0.631282	1	1	5	1030
0.631322	1	1	5	1030
0.631362	1	1	5	1030
0.631402	1	1	5	1030
0.631442	1	1	5	1030
0.631482	1	1	5	1030
0.631522	1	1	5	1030
0.631562	1	1	5	1030
0.631602	1	1	5	1030
0.631642	1	1	5	1030
0.631682	1	1	5	1030
0.631722	1	1	5	1030
0.631762	1	1	5	1030
0.631802	1	1	5	1030
0.631842	1	1	5	1030
0.631882	1	1	5	1030
0.631922	1	1	5	1030
0.631962	1	1	5	1030
0.632002	1	1	5	1030
0.632042	1	1	5	1030
0.632082	1	1	5	1030
0.632122	1	1	5	1030
0.632162	1	1	5	1030
0.632202	1	1	5	1030
0.632242	1	1	5	1030
0.632282	1	1	5	1030
0.632322	1	1	5	1030
0.632362	1	1	5	1030
0.632402	1	1	5	1030
0.632442	1	1	5	1030
0.632482	1	1	5	1030
0.632522	1	1	5	1030
0.632562	1	1	5	1030
0.632602	1	1	5	1030
0.632642	1	1	5	1030
0.632682	1	1	5	1030
0.632722	1	1	5	1030
0.632762	1	1	5	1030
0.632802	1	1	5	1030
0.632842	1	1	5	1030
0.632882	1	1	5	1030
0.632922	1	1	5	1030
0.632962	1	1	5	1030
0.633002	1	1	5	1030
0.633042	1	1	5	1030
0.633082	1	1	5	1030
0.633122	1	1	5	1030
0.633162	1	1	5	1030
0.633202	1	1	5	1030
0.633242	1	1	5	1030
0.633282	1	1	5	1030
0.633322	1	1	5	1030
0.633362	1	1	5	1030
0.633402	1	1	5	1030
0.633442	1	1	5	1030
0.633482	1	1	5	1030
0.633522	1	1	5	1030
0.633562	1	1	5	1030
0.633602	1	1	5	1030
0.633642	1	1	5	1030
0.633682	1	1	5	1030
0.633722	1	1	5	1030
0.633762	1	1	5	1030
0.633802	1	1	5	1030
0.633842	1	1	5	1030
0.633882	1	1	5	1030
0.633922	1	1	5	1030
0.633962	1	1	5	1030
0.634002	1	1	5	1030
0.634042	1	1	5	1030
0.634082	1	1	5	1030
0.634122	1	1	5	1030
0.634162	1	1	5	1030
0.634202	1	1	5	1030
0.634242	1	1	5	1030
0.634282	1	1	5	1030
0.634322	1	1	5	1030
0.634362	1	1	5	1030
0.634402	1	1	5	1030
0.634442	1	1	5	1030
0.634482	1	1	5	1030
0.634522	1	1	5	1030
0.634562	1	1	5	1030
0.634602	1	1	5	1030
0.634642	1	1	5	1030
0.634682	1	1	5	1030
0.634722	1	1	5	1030
0.634762	1	1	5	1030
0.634802	1	1	5	1030
0.634842	1	1	5	1030
0.634882	1	1	5	1030
0.634922	1	1	5	1030
0.634962	1	1	5	1030
0.635002	1	1	5	1030
0.635042	1	1	5	1030
0.635082	1	1	5	1030
0.635122	1	1	5	1030
0.635162	1	1	5	1030
0.635202	1	1	5	1030
0.635242	1	1	5	1030
0.635282	1	1	5	1030
0.635322	1	1	5	1030
0.635362	1	1	5	1030
0.635402	1	1	5	1030
0.635442	1	1	5	1030
0.635482	1	1	5	1030
0.635522	1	1	5	1030
0.635562	1	1	5	1030
0.635602	1	1	5	1030
0.635642	1	1	5	1030
0.635682	1	1	5	1030
0.635722	1	1	5	1030
0.635762	1	1	5	1030
0.635802	1	1	5	1030
0.635842	1	1	5	1030
0.635882	1	1	5	1030
0.635922	1	1	5	1030
0.635962	1	1	5	1030
0.636002	1	1	5	1030
0.636042	1	1	5	1030
0.636082	1	1	5	1030
0.636122	1	1	5	1030
0.636162	1	1	5	1030
0.636202	1	1	5	1030
0.636242	1	1	5	1030
0.636282	1	1	5	1030
0.636322	1	1	5	1030
0.636362	1	1	5	1030
0.636402	1	1	5	1030
0.636442	1	1	5	1030
0.636482	1	1	5	1030
0.636522	1	1	5	1030
0.636562	1	1	5	1030
0.636602	1	1	5	1030
0.636642	1	1	5	1030
0.636682	1	1	5	1030
0.636722	1	1	5	1030
0.636762	1	1	5	1030
0.636802	1	1	5	1030
0.636842	1	1	5	1030
0.636882	1	1	5	1030
0.636922	1	1	5	1030
0.636962	1	1	5	1030
0.637002	1	1	5	1030
0.637042	1	1	5	1030
0.637082	1	1	5	1030
0.637122	1	1	5	1030
0.637162	1	1	5	1030
0.637202	1	1	5	1030
0.637242	1	1	5	1030
0.637282	1	1	5	1030
0.637322	1	1	5	1030
0.637362	1	1	5	1030
0.637402	1	1	5	1030
0.637442	1	1	5	1030
0.637482	1	1	5	1030
0.637522	1	1	5	1030
0.637562	1	1	5	1030
0.637602	1	1	5	1030
0.637642	1	1	5	1030
0.637682	1	1	5	1030
0.637722	1	1	5	1030
0.637762	1	1	5	1030
0.637802	1	1	5	1030
0.637842	1	1	5	1030
0.637882	1	1	5	1030
0.637922	1	1	5	1030
0.637962	1	1	5	1030
0.638002	1	1	5	1030
0.638042	1	1	5	1030
0.638082	1	1	5	1030
0.638122	1	1	5	1030
0.638162	1	1	5	1030
0.638202	1	1	5	1030
0.638242	1	1	5	1030
0.638282	1	1	5	1030
0.638322	1	1	5	1030
0.638362	1	1	5	1030
0.638402	1	1	5	1030
0.638442	1	1	5	1030
0.638482	1	1	5	1030
0.638522	1	1	5	1030
0.638562	1	1	5	1030
0.638602	1	1	5	1030
0.638642	1	1	5	1030
0.638682	1	1	5	1030
0.638722	1	1	5	1030
0.638762	1	1	5	1030
0.638802	1	1	5	1030
0.638842	1	1	5	1030
0.638882	1	1	5	1030
0.638922	1	1	5	1030
0.638962	1	1	5	1030
0.639002	1	1	5	1030
0.639042	1	1	5	1030
0.639082	1	1	5	1030
0.639122	1	1	5	1030
0.639162	1	1	5	1030
0.639202	1	1	5	1030
0.639242	1	1	5	1030
0.639282	1	1	5	1030
0.639322	1	1	5	1030
0.639362	1	1	5	1030
0.639402	1	1	5	1030
0.639442	1	1	5	1030
0.639482	1	1	5	1030
0.639522	1	1	5	1030
0.639562	1	1	5	1030
0.639602	1	1	5	1030
0.639642	1	1	5	1030
0.639682	1	1	5	1030
0.639722	1	1	5	1030
0.639762	1	1	5	1030
0.639802	1	1	5	1030
0.639842	1	1	5	1030
0.639882	1	1	5	1030
0.639922	1	1	5	1030
0.639962	1	1	5	1030
0.640002	1	1	5	1030
0.640042	1	1	5	1030
0.640082	1	1	5	1030
0.640122	1	1	5	1030
0.640162	1	1	5	1030
0.640202	1	1	5	1030
0.640242	1	1	5	1030
0.640282	1	1	5	1030
0.640322	1	1	5	1030
0.640362	1	1	5	1030
0.640402	1	1	5	1030
0.640442	1	1	5	1030
0.640482	1	1	5	1030
0.640522	1	1	5	1030
0.640562	1	1	5	1030
0.640602	1	1	5	1030
0.640642	1	1	5	1030
0.640682	1	1	5	1030
0.640722	1	1	5	1030
0.640762	1	1	5	1030
0.640802	1	1	5	1030
0.640842	1	1	5	1030
0.640882	1	1	5	1030
0.640922	1	1	5	1030
0.640962	1	1	5	1030
0.641002	1	1	5	1030
0.641042	1	1	5	1030
0.641082	1	1	5	1030
0.641122	1	1	5	1030
0.641162	1	1	5	1030
0.641202	1	1	5	1030
0.641242	1	1	5	1030
0.641282	1	1	5	1030
0.641322	1	1	5	1030
0.641362	1	1	5	1030
0.641402	1	1	5	1030
0.641442	1	1	5	1030
0.641482	1	1	5	1030
0.641522	1	1	5	1030
0.641562	1	1	5	1030
0.641602	1	1	5	1030
0.641642	1	1	5	1030
0.641682	1	1	5	1030
0.641722	1	1	5	1030
0.641762	1	1	5	1030
0.641802	1	1	5	1030
0.641842	1	1	5	1030
0.641882	1	1	5	1030
0.641922	1	1	5	1030
0.641962	1	1	5	1030
0.642002	1	1	5	1030
0.642042	1	1	5	1030
0.642082	1	1	5	1030
0.642122	1	1	5	1030
0.642162	1	1	5	1030
0.642202	1	1	5	1030
0.642242	1	1	5	1030
0.642282	1	1	5	1030
0.642322	1	1	5	1030
0.642362	1	1	5	1030
0.642402	1	1	5	1030
0.642442	1	1	5	1030
0.642482	1	1	5	1030
0.642522	1	1	5	1030
0.642562	1	1	5	1030
0.642602	1	1	5	1030
0.642642	1	1	5	1030
0.642682	1	1	5	1030
0.642722	1	1	5	1030
0.642762	1	1	5	1030
0.642802	1	1	5	1030
0.642842	1	1	5	1030
0.642882	1	1	5	1030
0.642922	1	1	5	1030
0.642962	1	1	5	1030
0.643002	1	1	5	1030
0.643042	1	1	5	1030
0.643082	1	1	5	1030
0.643122	1	1	5	1030
0.643162	1	1	5	1030
0.643202	1	1	5	1030
0.643242	1	1	5	1030
0.643282	1	1	5	1030
0.643322	1	1	5	1030
0.643362	1	1	5	1030
0.643402	1	1	5	1030
0.643442	1	1	5	1030
0.643482	1	1	5	1030
0.643522	1	1	5	1030
0.643562	1	1	5	1030
0.643602	1	1	5	1030
0.643642	1	1	5	1030
0.643682	1	1	5	1030
0.643722	1	1	5	1030
0.643762	1	1	5	1030
0.643802	1	1	5	1030
0.643842	1	1	5	1030
0.643882	1	1	5	1030
0.643922	1	1	5	1030
0.643962	1	1	5	1030
0.644002	1	1	5	1030
0.644042	1	1	5	1030
0.644082	1	1	5	1030
0.644122	1	1	5	1030
0.644162	1	1	5	1030
0.644202	1	1	5	1030
0.644242	1	1	5	1030
0.644282	1	1	5	1030
0.644322	1	1	5	1030
0.644362	1	1	5	1030
0.644402	1	1	5	1030
0.644442	1	1	5	1030
0.644482	1	1	5	1030
0.644522	1	1	5	1030
0.644562	1	1	5	1030
0.644602	1	1	5	1030
0.644642	1	1	5	1030
0.644682	1	1	5	1030
0.644722	1	1	5	1030
0.644762	1	1	5	1030
0.644802	1	1	5	1030
0.644842	1	1	5	1030
0.644882	1	1	5	1030
0.644922	1	1	5	1030
0.644962	1	1	5	1030
0.645002	1	1	5	1030
0.645042	1	1	5	1030
0.645082	1	1	5	1030
0.645122	1	1	5	1030
0.645162	1	1	5	1030
0.645202	1	1	5	1030
0.645242	1	1	5	1030
0.645282	1	1	5	1030
0.645322	1	1	5	1030
0.645362	1	1	5	1030
0.645402	1	1	5	1030
0.645442	1	1	5	1030
0.645482	1	1	5	1030
0.645522	1	1	5	1030
0.645562	1	1	5	1030
0.645602	1	1	5	1030
0.645642	1	1	5	1030
0.645682	1	1	5	1030
0.645722	1	1	5	1030
0.645762	1	1	5	1030
0.645802	1	1	5	1030
0.645842	1	1	5	1030
0.645882	1	1	5	1030
0.645922	1	1	5	1030
0.645962	1	1	5	1030
0.646002	1	1	5	1030
0.646042	1	1	5	1030
0.646082	1	1	5	1030
0.646122	1	1	5	1030
0.646162	1	1	5	1030
0.646202	1	1	5	1030
0.646242	1	1	5	1030
0.646282	1	1	5	1030
0.646322	1	1	5	1030
0.646362	1	1	5	1030
0.646402	1	1	5	1030
0.646442	1	1	5	1030
0.646482	1	1	5	1030
0.646522	1	1	5	1030
0.646562	1	1	5	1030
0.646602	1	1	5	1030
0.646642	1	1	5	1030
0.646682	1	1	5	1030
0.646722	1	1	5	1030
0.646762	1	1	5	1030
0.646802	1	1	5	1030
0.646842	1	1	5	1030
0.646882	1	1	5	1030
0.646922	1	1	5	1030
0.646962	1	1	5	1030
0.647002	1	1	5	1030
0.647042	1	1	5	1030
0.647082	1	1	5	1030
0.647122	1	1	5	1030
0.647162	1	1	5	1030
0.647202	1	1	5	1030
0.647242	1	1	5	1030
0.647282	1	1	5	1030
0.647322	1	1	5	1030
0.647362	1	1	5	1030
0.647402	1	1	5	1030
0.647442	1	1	5	1030
0.647482	1	1	5	1030
0.647522	1	1	5	1030
0.647562	1	1	5	1030
0.647602	1	1	5	1030
0.647642	1	1	5	1030
0.647682	1	1	5	1030
0.647722	1	1	5	1030
0.647762	1	1	5	1030
0.647802	1	1	5	1030
0.647842	1	1	5	1030
0.647882	1	1	5	1030
0.647922	1	1	5	1030
0.647962	1	1	5	1030
0.648002	1	1	5	1030
0.648042	1	1	5	1030
0.648082	1	1	5	1030
0.648122	1	1	5	1030
0.648162	1	1	5	1030
0.648202	1	1	5	1030
0.648242	1	1	5	1030
0.648282	1	1	5	1030
0.648322	1	1	5	1030
0.648362	1	1	5	1030
0.648402	1	1	5	1030
0.648442	1	1	5	1030
0.648482	1	1	5	1030
0.648522	1	1	5	1030
0.648562	1	1	5	1030
0.648602	1	1	5	1030
0.648642	1	1	5	1030
0.648682	1	1	5	1030
0.648722	1	1	5	1030
0.648762	1	1	5	1030
0.648802	1	1	5	1030
0.648842	1	1	5	1030
0.648882	1	1	5	1030
0.648922	1	1	5	1030
0.648962	1	1	5	1030
0.649002	1	1	5	1030
0.649042	1	1	5	1030
0.649082	1	1	5	1030
0.649122	1	1	5	1030
0.649162	1	1	5	1030
0.649202	1	1	5	1030
0.649242	1	1	5	1030
0.649282	1	1	5	1030
0.649322	1	1	5	1030
0.649362	1	1	5	1030
0.649402	1	1	5	1030
0.649442	1	1	5	1030
0.649482	1	1	5	1030
0.649522	1	1	5	1030
0.649562	1	1	5	1030
0.649602	1	1	5	1030
0.649642	1	1	5	1030
0.649682	1	1	5	1030
0.649722	1	1	5	1030
0.649762	1	1	5	1030
0.649802	1	1	5	1030
0.649842	1	1	5	1030
0.649882	1	1	5	1030
0.649922	1	1	5	1030
0.649962	1	1	5	1030
0.650002	1	1	5	1030
0.650042	1	1	5	1030
0.650082	1	1	5	1030
0.650122	1	1	5	1030
0.650162	1	1	5	1030
0.650202	1	1	5	1030
0.650242	1	1	5	1030
0.650282	1	1	5	1030
0.650322	1	1	5	1030
0.650362	1	1	5	1030
0.650402	1	1	5	1030
0.650442	1	1	5	1030
0.650482	1	1	5	1030
0.650522	1	1	5	1030
0.650562	1	1	5	1030
0.650602	1	1	5	1030
0.650642	1	1	5	1030
0.650682	1	1	5	1030
0.650722	1	1	5	1030
0.650762	1	1	5	1030
0.650802	1	1	5	1030
0.650842	1	1	5	1030
0.650882	1	1	5	1030
0.650922	1	1	5	1030
0.650962	1	1	5	1030
0.651002	1	1	5	1030
0.651042	1	1	5	1030
0.651082	1	1	5	1030
0.651122	1	1	5	1030
0.651162	1	1	5	1030
0.651202	1	1	5	1030
0.651242	1	1	5	1030
0.651282	1	1	5	1030
0.651322	1	1	5	1030
0.651362	1	1	5	1030
0.651402	1	1	5	1030
0.651442	1	1	5	1030
0.651482	1	1	5	1030
0.651522	1	1	5	1030
0.651562	1	1	5	1030
0.651602	1	1	5	1030
0.651642	1	1	5	1030
0.651682	1	1	5	1030
0.651722	1	1	5	1030
0.651762	1	1	5	1030
0.651802	1	1	5	1030
0.651842	1	1	5	1030
0.651882	1	1	5	1030
0.651922	1	1	5	1030
0.651962	1	1	5	1030
0.652002	1	1	5	1030
0.652042	1	1	5	1030
0.652082	1	1	5	1030
0.652122	1	1	5	1030
0.652162	1	1	5	1030
0.652202	1	1	5	1030
0.652242	1	1	5	1030
0.652282	1	1	5	1030
0.652322	1	1	5	1030
0.652362	1	1	5	1030
0.652402	1	1	5	1030
0.652442	1	1	5	1030
0.652482	1	1	5	1030
0.652522	1	1	5	1030
0.652562	1	1	5	1030
0.652602	1	1	5	1030
0.652642	1	1	5	1030
0.652682	1	1	5	1030
0.652722	1	1	5	1030
0.652762	1	1	5	1030
0.652802	1	1	5	1030
0.652842	1	1	5	1030
0.652882	1	1	5	1030
0.652922	1	1	5	1030
0.652962	1	1	5	1030
0.653002	1	1	5	1030
0.653042	1	1	5	1030
0.653082	1	1	5	1030
0.653122	1	1	5	1030
0.653162	1	1	5	1030
0.653202	1	1	5	1030
0.653242	1	1	5	1030
0.653282	1	1	5	1030
0.653322	1	1	5	1030
0.653362	1	1	5	1030
0.653402	1	1	5	1030
0.653442	1	1	5	1030
0.653482	1	1	5	1030
0.653522	1	1	5	1030
0.653562	1	1	5	1030
0.653602	1	1	5	1030
0.653642	1	1	5	1030
0.653682	1	1	5	1030
0.653722	1	1	5	1030
0.653762	1	1	5	1030
0.653802	1	1	5	1030
0.653842	1	1	5	1030
0.653882	1	1	5	1030
0.653922	1	1	5	1030
0.653962	1	1	5	1030
0.654002	1	1	5	1030
0.654042	1	1	5	1030
0.654082	1	1	5	1030
0.654122	1	1	5	1030
0.654162	1	1	5	1030
0.654202	1	1	5	1030
0.654242	1	1	5	1030
0.654282	1	1	5	1030
0.654322	1	1	5	1030
0.654362	1	1	5	1030
0.654402	1	1	5	1030
0.654442	1	1	5	1030
0.654482	1	1	5	1030
0.654522	1	1	5	1030
0.654562	1	1	5	1030
0.654602	1	1	5	1030
0.654642	1	1	5	1030
0.654682	1	1	5	1030
0.654722	1	1	5	1030
0.654762	1	1	5	1030
0.654802	1	1	5	1030
0.654842	1	1	5	1030
0.654882	1	1	5	1030
0.654922	1	1	5	1030
0.654962	1	1	5	1030
0.655002	1	1	5	1030
0.655042	1	1	5	1030
0.655082	1	1	5	1030
0.655122	1	1	5	1030
0.655162	1	1	5	1030
0.655202	1	1	5	1030
0.655242	1	1	5	1030
0.655282	1	1	5	1030
0.655322	1	1	5	1030
0.655362	1	1	5	1030
0.655402	1	1	5	1030
0.655442	1	1	5	1030
0.655482	1	1	5	1030
0.655522	1	1	5	1030
0.655562	1	1	5	1030
0.655602	1	1	5	1030
0.655642	1	1	5	1030
0.655682	1	1	5	1030
0.655722	1	1	5	1030
0.655762	1	1	5	1030
0.655802	1	1	5	1030
0.655842	1	1	5	1030
0.655882	1	1	5	1030
0.655922	1	1	5	1030
0.655962	1	1	5	1030
0.656002	1	1	5	1030
0.656042	1	1	5	1030
0.656082	1	1	5	1030
0.656122	1	1	5	1030
0.656162	1	1	5	1030
0.656202	1	1	5	1030
0.656242	1	1	5	1030
0.656282	1	1	5	1030
0.656322	1	1	5	1030
0.656362	1	1	5	1030
0.656402	1	1	5	1030
0.656442	1	1	5	1030
0.656482	1	1	5	1030
0.656522	1	1	5	1030
0.656562	1	1	5	1030
0.656602	1	1	5	1030
0.656642	1	1	5	1030
0.656682	1	1	5	1030
0.656722	1	1	5	1030
0.656762	1	1	5	1030
0.656802	1	1	5	1030
0.656842	1	1	5	1030
0.656882	1	1	5	1030
0.656922	1	1	5	1030
0.656962	1	1	5	1030
0.657002	1	1	5	1030
0.657042	1	1	5	1030
0.657082	1	1	5	1030
0.657122	1	1	5	1030
0.657162	1	1	5	1030
0.657202	1	1	5	1030
0.657242	1	1	5	1030
0.657282	1	1	5	1030
0.657322	1	1	5	1030
0.657362	1	1	5	1030
0.657402	1	1	5	1030
0.657442	1	1	5	1030
0.657482	1	1	5	1030
0.657522	1	1	5	1030
0.657562	1	1	5	1030
0.657602	1	1	5	1030
0.657642	1	1	5	1030
0.657682	1	1	5	1030
0.657722	1	1	5	1030
0.657762	1	1	5	1030
0.657802	1	1	5	1030
0.657842	1	1	5	1030
0.657882	1	1	5	1030
0.657922	1	1	5	1030
0.657962	1	1	5	1030
0.658002	1	1	5	1030
0.658042	1	1	5	1030
0.658082	1	1	5	1030
0.658122	1	1	5	1030
0.658162	1	1	5	1030
0.658202	1	1	5	1030
0.658242	1	1	5	1030
0.658282	1	1	5	1030
0.658322	1	1	5	1030
0.658362	1	1	5	1030
0.658402	1	1	5	1030
0.658442	1	1	5	1030
0.658482	1	1	5	1030
0.658522	1	1	5	1030
0.658562	1	1	5	1030
0.658602	1	1	5	1030
0.658642	1	1	5	1030
0.658682	1	1	5	1030
0.658722	1	1	5	1030
0.658762	1	1	5	1030
0.658802	1	1	5	1030
0.658842	1	1	5	1030
0.658882	1	1	5	1030
0.658922	1	1	5	1030
0.658962	1	1	5	1030
0.659002	1	1	5	1030
0.659042	1	1	5	1030
0.659082	1	1	5	1030
0.659122	1	1	5	1030
0.659162	1	1	5	1030
0.659202	1	1	5	1030
0.659242	1	1	5	1030
0.659282	1	1	5	1030
0.659322	1	1	5	1030
0.659362	1	1	5	1030
0.659402	1	1	5	1030
0.659442	1	1	5	1030
0.659482	1	1	5	1030
0.659522	1	1	5	1030
0.659562	1	1	5	1030
0.659602	1	1	5	1030
0.659642	1	1	5	1030
0.659682	1	1	5	1030
0.659722	1	1	5	1030
0.659762	1	1	5	1030
0.659802	1	1	5	1030
0.659842	1	1	5	1030
0.659882	1	1	5	1030
0.659922	1	1	5	1030
0.659962	1	1	5	1030
0.660002	1	1	5	1030
0.660042	1	1	5	1030
0.660082	1	1	5	1030
0.660122	1	1	5	1030
0.660162	1	1	5	1030
0.660202	1	1	5	1030
0.660242	1	1	5	1030
0.660282	1	1	5	1030
0.660322	1	1	5	1030
0.660362	1	1	5	1030
0.660402	1	1	5	1030
0.660442	1	1	5	1030
0.660482	1	1	5	1030
0.660522	1	1	5	1030
0.660562	1	1	5	1030
0.660602	1	1	5	1030
0.660642	1	1	5	1030
0.660682	1	1	5	1030
0.660722	1	1	5	1030
0.660762	1	1	5	1030
0.660802	1	1	5	1030
0.660842	1	1	5	1030
0.660882	1	1	5	1030
0.660922	1	1	5	1030
0.660962	1	1	5	1030
0.661002	1	1	5	1030
0.661042	1	1	5	1030
0.661082	1	1	5	1030
0.661122	1	1	5	1030
0.661162	1	1	5	1030
0.661202	1	1	5	1030
0.661242	1	1	5	1030
0.661282	1	1	5	1030
0.661322	1	1	5	1030
0.661362	1	1	5	1030
0.661402	1	1	5	1030
0.661442	1	1	5	1030
0.661482	1	1	5	1030
0.661522	1	1	5	1030
0.661562	1	1	5	1030
0.661602	1	1	5	1030
0.661642	1	1	5	1030
0.661682	1	1	5	1030
0.661722	1	1	5	1030
0.661762	1	1	5	1030
0.661802	1	1	5	1030
0.661842	1	1	5	1030
0.661882	1	1	5	1030
0.661922	1	1	5	1030
0.661962	1	1	5	1030
0.662002	1	1	5	1030
0.662042	1	1	5	1030
0.662082	1	1	5	1030
0.662122	1	1	5	1030
0.662162	1	1	5	1030
0.662202	1	1	5	1030
0.662242	1	1	5	1030
0.662282	1	1	5	1030
0.662322	1	1	5	1030
0.662362	1	1	5	1030
0.662402	1	1	5	1030
0.662442	1	1	5	1030
0.662482	1	1	5	1030
0.662522	1	1	5	1030
0.662562	1	1	5	1030
0.662602	1	1	5	1030
0.662642	1	1	5	1030
0.662682	1	1	5	1030
0.662722	1	1	5	1030
0.662762	1	1	5	1030
0.662802	1	1	5	1030
0.662842	1	1	5	1030
0.662882	1	1	5	1030
0.662922	1	1	5	1030
0.662962	1	1	5	1030
0.663002	1	1	5	1030
0.663042	1	1	5	1030
0.663082	1	1	5	1030
0.663122	1	1	5	1030
0.663162	1	1	5	1030
0.663202	1	1	5	1030
0.663242	1	1	5	1030
0.663282	1	1	5	1030
0.663322	1	1	5	1030
0.663362	1	1	5	1030
0.663402	1	1	5	1030
0.663442	1	1	5	1030
0.663482	1	1	5	1030
0.663522	1	1	5	1030
0.663562	1	1	5	1030
0.663602	1	1	5	1030
0.663642	1	1	5	1030
0.663682	1	1	5	1030
0.663722	1	1	5	1030
0.663762	1	1	5	1030
0.663802	1	1	5	1030
0.663842	1	1	5	1030
0.663882	1	1	5	1030
0.663922	1	1	5	1030
0.663962	1	1	5	1030
0.664002	1	1	5	1030
0.664042	1	1	5	1030
0.664082	1	1	5	1030
0.664122	1	1	5	1030
0.664162	1	1	5	1030
0.664202	1	1	5	1030
0.664242	1	1	5	1030
0.664282	1	1	5	1030
0.664322	1	1	5	1030
0.664362	1	1	5	1030
0.664402	1	1	5	1030
0.664442	1	1	5	1030
0.664482	1	1	5	1030
0.664522	1	1	5	1030
0.664562	1	1	5	1030
0.664602	1	1	5	1030
0.664642	1	1	5	1030
0.664682	1	1	5	1030
0.664722	1	1	5	1030
0.664762	1	1	5	1030
0.664802	1	1	5	1030
0.664842	1	1	5	1030
0.664882	1	1	5	1030
0.664922	1	1	5	1030
0.664962	1	1	5	1030
0.665002	1	1	5	1030
0.665042	1	1	5	1030
0.665082	1	1	5	1030
0.665122	1	1	5	1030
0.665162	1	1	5	1030
0.665202	1	1	5	1030
0.665242	1	1	5	1030
0.665282	1	1	5	1030
0.665322	1	1	5	1030
0.665362	1	1	5	1030
0.665402	1	1	5	1030
0.665442	1	1	5	1030
0.665482	1	1	5	1030
0.665522	1	1	5	1030
0.665562	1	1	5	1030
0.665602	1	1	5	1030
0.665642	1	1	5	1030
0.665682	1	1	5	1030
0.665722	1	1	5	1030
0.665762	1	1	5	1030
0.665802	1	1	5	1030
0.665842	1	1	5	1030
0.665882	1	1	5	1030
0.665922	1	1	5	1030
0.665962	1	1	5	1030
0.666002	1	1	5	1030
0.666042	1	1	5	1030
0.666082	1	1	5	1030
0.666122	1	1	5	1030
0.666162	1	1	5	1030
0.666202	1	1	5	1030
0.666242	1	1	5	1030
0.666282	1	1	5	1030
0.666322	1	1	5	1030
0.666362	1	1	5	1030
0.666402	1	1	5	1030
0.666442	1	1	5	1030
0.666482	1	1	5	1030
0.666522	1	1	5	1030
0.666562	1	1	5	1030
0.666602	1	1	5	1030
0.666642	1	1	5	1030
0.666682	1	1	5	1030
0.666722	1	1	5	1030
0.666762	1	1	5	1030
0.666802	1	1	5	1030
0.666842	1	1	5	1030
0.666882	1	1	5	1030
0.666922	1	1	5	1030
0.666962	1	1	5	1030
0.667002	1	1	5	1030
0.667042	1	1	5	1030
0.667082	1	1	5	1030
0.667122	1	1	5	1030
0.667162	1	1	5	1030
0.667202	1	1	5	1030
0.667242	1	1	5	1030
0.667282	1	1	5	1030
0.667322	1	1	5	1030
0.667362	1	1	5	1030
0.667402	1	1	5	1030
0.667442	1	1	5	1030
0.667482	1	1	5	1030
0.667522	1	1	5	1030
0.667562	1	1	5	1030
0.667602	1	1	5	1030
0.667642	1	1	5	1030
0.667682	1	1	5	1030
0.667722	1	1	5	1030
0.667762	1	1	5	1030
0.667802	1	1	5	1030
0.667842	1	1	5	1030
0.667882	1	1	5	1030
0.667922	1	1	5	1030
0.667962	1	1	5	1030
0.668002	1	1	5	1030
0.668042	1	1	5	1030
0.668082	1	1	5	1030
0.668122	1	1	5	1030
0.668162	1	1	5	1030
0.668202	1	1	5	1030
0.668242	1	1	5	1030
0.668282	1	1	5	1030
0.668322	1	1	5	1030
0.668362	1	1	5	1030
0.668402	1	1	5	1030
0.668442	1	1	5	1030
0.668482	1	1	5	1030
0.668522	1	1	5	1030
0.668562	1	1	5	1030
0.668602	1	1	5	1030
0.668642	1	1	5	1030
0.668682	1	1	5	1030
0.668722	1	1	5	1030
0.668762	1	1	5	1030
0.668802	1	1	5	1030
0.668842	1	1	5	1030
0.668882	1	1	5	1030
0.668922	1	1	5	1030
0.668962	1	1	5	1030
0.669002	1	1	5	1030
0.669042	1	1	5	1030
0.669082	1	1	5	1030
0.669122	1	1	5	1030
0.669162	1	1	5	1030
0.669202	1	1	5	1030
0.669242	1	1	5	1030
0.669282	1	1	5	1030
0.669322	1	1	5	1030
0.669362	1	1	5	1030
0.669402	1	1	5	1030
0.669442	1	1	5	1030
0.669482	1	1	5	1030
0.669522	1	1	5	1030
0.669562	1	1	5	1030
0.669602	1	1	5	1030
0.669642	1	1	5	1030
0.669682	1	1	5	1030
0.669722	1	1	5	1030
0.669762	1	1	5	1030
0.669802	1	1	5	1030
0.669842	1	1	5	1030
0.669882	1	1	5	1030
0.669922	1	1	5	1030
0.669962	1	1	5	1030
0.670002	1	1	5	1030
0.670042	1	1	5	1030
0.670082	1	1	5	1030
0.670122	1	1	5	1030
0.670162	1	1	5	1030
0.670202	1	1	5	1030
0.670242	1	1	5	1030
0.670282	1	1	5	1030
0.670322	1	1	5	1030
0.670362	1	1	5	1030
0.670402	1	1	5	1030
0.670442	1	1	5	1030
0.670482	1	1	5	1030
0.670522	1	1	5	1030
0.670562	1	1	5	1030
0.670602	1	1	5	1030
0.670642	1	1	5	1030
0.670682	1	1	5	1030
0.670722	1	1	5	1030
0.670762	1	1	5	1030
0.670802	1	1	5	1030
0.670842	1	1	5	1030
0.670882	1	1	5	1030
0.670922	1	1	5	1030
0.670962	1	1	5	1030
0.671002	1	1	5	1030
0.671042	1	1	5	1030
0.671082	1	1	5	1030
0.671122	1	1	5	1030
0.671162	1	1	5	1030
0.671202	1	1	5	1030
0.671242	1	1	5	1030
0.671282	1	1	5	1030
0.671322	1	1	5	1030
0.671362	1	1	5	1030
0.671402	1	1	5	1030
0.671442	1	1	5	1030
0.671482	1	1	5	1030
0.671522	1	1	5	1030
0.671562	1	1	5	1030
0.671602	1	1	5	1030
0.671642	1	1	5	1030
0.671682	1	1	5	1030
0.671722	1	1	5	1030
0.671762	1	1	5	1030
0.671802	1	1	5	1030
0.671842	1	1	5	1030
0.671882	1	1	5	1030
0.671922	1	1	5	1030
0.671962	1	1	5	1030
0.672002	1	1	5	1030
0.672042	1	1	5	1030
0.672082	1	1	5	1030
0.672122	1	1	5	1030
0.672162	1	1	5	1030
0.672202	1	1	5	1030
0.672242	1	1	5	1030
0.672282	1	1	5	1030
0.672322	1	1	5	1030
0.672362	1	1	5	1030
0.672402	1	1	5	1030
0.672442	1	1	5	1030
0.672482	1	1	5	1030
0.672522	1	1	5	1030
0.672562	1	1	5	1030
0.672602	1	1	5	1030
0.672642	1	1	5	1030
0.672682	1	1	5	1030
0.672722	1	1	5	1030
0.672762	1	1	5	1030
0.672802	1	1	5	1030
0.672842	1	1	5	1030
0.672882	1	1	5	1030
0.672922	1	1	5	1030
0.672962	1	1	5	1030
0.673002	1	1	5	1030
0.673042	1	1	5	1030
0.673082	1	1	5	1030
0.673122	1	1	5	1030
0.673162	1	1	5	1030
0.673202	1	1	5	1030
0.673242	1	1	5	1030
0.673282	1	1	5	1030
0.673322	1	1	5	1030
0.673362	1	1	5	1030
0.673402	1	1	5	1030
0.673442	1	1	5	1030
0.673482	1	1	5	1030
0.673522	1	1	5	1030
0.673562	1	1	5	1030
0.673602	1	1	5	1030
0.673642	1	1	5	1030
0.673682	1	1	5	1030
0.673722	1	1	5	1030
0.673762	1	1	5	1030
0.673802	1	1	5	1030
0.673842	1	1	5	1030
0.673882	1	1	5	1030
0.673922	1	1	5	1030
0.673962	1	1	5	1030
0.674002	1	1	5	1030
0.674042	1	1	5	1030
0.674082	1	1	5	1030
0.674122	1	1	5	1030
0.674162	1	1	5	1030
0.674202	1	1	5	1030
0.674242	1	1	5	1030
0.674282	1	1	5	1030
0.674322	1	1	5	1030
0.674362	1	1	5	1030
0.674402	1	1	5	1030
0.674442	1	1	5	1030
0.674482	1	1	5	1030
0.674522	1	1	5	1030
0.674562	1	1	5	1030
0.674602	1	1	5	1030
0.674642	1	1	5	1030
0.674682	1	1	5	1030
0.674722	1	1	5	1030
0.674762	1	1	5	1030
0.674802	1	1	5	1030
0.674842	1	1	5	1030
0.674882	1	1	5	1030
0.674922	1	1	5	1030
0.674962	1	1	5	1030
0.675002	1	1	5	1030
0.675042	1	1	5	1030
0.675082	1	1	5	1030
0.675122	1	1	5	1030
0.675162	1	1	5	1030
0.675202	1	1	5	1030
0.675242	1	1	5	1030
0.675282	1	1	5	1030
0.675322	1	1	5	1030
0.675362	1	1	5	1030
0.675402	1	1	5	1030
0.675442	1	1	5	1030
0.675482	1	1	5	1030
0.675522	1	1	5	1030
0.675562	1	1	5	1030
0.675602	1	1	5	1030
0.675642	1	1	5	1030
0.675682	1	1	5	1030
0.675722	1	1	5	1030
0.675762	1	1	5	1030
0.675802	1	1	5	1030
0.675842	1	1	5	1030
0.675882	1	1	5	1030
0.675922	1	1	5	1030
0.675962	1	1	5	1030
0.676002	1	1	5	1030
0.676042	1	1	5	1030
0.676082	1	1	5	1030
0.676122	1	1	5	1030
0.676162	1	1	5	1030
0.676202	1	1	5	1030
0.676242	1	1	5	1030
0.676282	1	1	5	1030
0.676322	1	1	5	1030
0.676362	1	1	5	1030
0.676402	1	1	5	1030
0.676442	1	1	5	1030
0.676482	1	1	5	1030
0.676522	1	1	5	1030
0.676562	1	1	5	1030
0.676602	1	1	5	1030
0.676642	1	1	5	1030
0.676682	1	1	5	1030
0.676722	1	1	5	1030
0.676762	1	1	5	1030
0.676802	1	1	5	1030
0.676842	1	1	5	1030
0.676882	1	1	5	1030
0.676922	1	1	5	1030
0.676962	1	1	5	1030
0.677002	1	1	5	1030
0.677042	1	1	5	1030
0.677082	1	1	5	1030
0.677122	1	1	5	1030
0.677162	1	1	5	1030
0.677202	1	1	5	1030
0.677242	1	1	5	1030
0.677282	1	1	5	1030
0.677322	1	1	5	1030
0.677362	1	1	5	1030
0.677402	1	1	5	1030
0.677442	1	1	5	1030
0.677482	1	1	5	1030
0.677522	1	1	5	1030
0.677562	1	1	5	1030
0.677602	1	1	5	1030
0.677642	1	1	5	1030
0.677682	1	1	5	1030
0.677722	1	1	5	1030
0.677762	1	1	5	1030
0.677802	1	1	5	1030
0.677842	1	1	5	1030
0.677882	1	1	5	1030
0.677922	1	1	5	1030
0.677962	1	1	5	1030
0.678002	1	1	5	1030
0.678042	1	1	5	1030
0.678082	1	1	5	1030
0.678122	1	1	5	1030
0.678162	1	1	5	1030
0.678202	1	1	5	1030
0.678242	1	1	5	1030
0.678282	1	1	5	1030
0.678322	1	1	5	1030
0.678362	1	1	5	1030
0.678402	1	1	5	1030
0.678442	1	1	5	1030
0.678482	1	1	5	1030
0.678522	1	1	5	1030
0.678562	1	1	5	1030
0.678602	1	1	5	1030
0.678642	1	1	5	1030
0.678682	1	1	5	1030
0.678722	1	1	5	1030
0.678762	1	1	5	1030
0.678802	1	1	5	1030
0.678842	1	1	5	1030
0.678882	1	1	5	1030
0.678922	1	1	5	1030
0.678962	1	1	5	1030
0.679002	1	1	5	1030
0.679042	1	1	5	1030
0.679082	1	1	5	1030
0.679122	1	1	5	1030
0.679162	1	1	5	1030
0.679202	1	1	5	1030
0.679242	1	1	5	1030
0.679282	1	1	5	1030
0.679322	1	1	5	1030
0.679362	1	1	5	1030
0.679402	1	1	5	1030
0.679442	1	1	5	1030
0.679482	1	1	5	1030
0.679522	1	1	5	1030
0.679562	1	1	5	1030
0.679602	1	1	5	1030
0.679642	1	1	5	1030
0.679682	1	1	5	1030
0.679722	1	1	5	1030
0.679762	1	1	5	1030
0.679802	1	1	5	1030
0.679842	1	1	5	1030
0.679882	1	1	5	1030
0.679922	1	1	5	1030
0.679962	1	1	5	1030
0.680002	1	1	5	1030
0.680042	1	1	5	1030
0.680082	1	1	5	1030
0.680122	1	1	5	1030
0.680162	1	1	5	1030
0.680202	1	1	5	1030
0.680242	1	1	5	1030
0.680282	1	1	5	1030
0.680322	1	1	5	1030
0.680362	1	1	5	1030
0.680402	1	1	5	1030
0.680442	1	1	5	1030
0.680482	1	1	5	1030
0.680522	1	1	5	1030
0.680562	1	1	5	1030
0.680602	1	1	5	1030
0.680642	1	1	5	1030
0.680682	1	1	5	1030
0.680722	1	1	5	1030
0.680762	1	1	5	1030
0.680802	1	1	5	1030
0.680842	1	1	5	1030
0.680882	1	1	5	1030
0.680922	1	1	5	1030
0.680962	1	1	5	1030
0.681002	1	1	5	1030
0.681042	1	1	5	1030
0.681082	1	1	5	1030
0.681122	1	1	5	1030
0.681162	1	1	5	1030
0.681202	1	1	5	1030
0.681242	1	1	5	1030
0.681282	1	1	5	1030
0.681322	1	1	5	1030
0.681362	1	1	5	1030
0.681402	1	1	5	1030
0.681442	1	1	5	1030
0.681482	1	1	5	1030
0.681522	1	1	5	1030
0.681562	1	1	5	1030
0.681602	1	1	5	1030
0.681642	1	1	5	1030
0.681682	1	1	5	1030
0.681722	1	1	5	1030
0.681762	1	1	5	1030
0.681802	1	1	5	1030
0.681842	1	1	5	1030
0.681882	1	1	5	1030
0.681922	1	1	5	1030
0.681962	1	1	5	1030
0.682002	1	1	5	1030
0.682042	1	1	5	1030
0.682082	1	1	5	1030
0.682122	1	1	5	1030
0.682162	1	1	5	1030
0.682202	1	1	5	1030
0.682242	1	1	5	1030
0.682282	1	1	5	1030
0.682322	1	1	5	1030
0.682362	1	1	5	1030
0.682402	1	1	5	1030
0.682442	1	1	5	1030
0.682482	1	1	5	1030
0.682522	1	1	5	1030
0.682562	1	1	5	1030
0.682602	1	1	5	1030
0.682642	1	1	5	1030
0.682682	1	1	5	1030
0.682722	1	1	5	1030
0.682762	1	1	5	1030
0.682802	1	1	5	1030
0.682842	1	1	5	1030
0.682882	1	1	5	1030
0.682922	1	1	5	1030
0.682962	1	1	5	1030
0.683002	1	1	5	1030
0.683042	1	1	5	1030
0.683082	1	1	5	1030
0.683122	1	1	5	1030
0.683162	1	1	5	1030
0.683202	1	1	5	1030
0.683242	1	1	5	1030
0.683282	1	1	5	1030
0.683322	1	1	5	1030
0.683362	1	1	5	1030
0.683402	1	1	5	1030
0.683442	1	1	5	1030
0.683482	1	1	5	1030
0.683522	1	1	5	1030
0.683562	1	1	5	1030
0.683602	1	1	5	1030
0.683642	1	1	5	1030
0.683682	1	1	5	1030
0.683722	1	1	5	1030
0.683762	1	1	5	1030
0.683802	1	1	5	1030
0.683842	1	1	5	1030
0.683882	1	1	5	1030
0.683922	1	1	5	1030
0.683962	1	1	5	1030
0.684002	1	1	5	1030
0.684042	1	1	5	1030
0.684082	1	1	5	1030
0.684122	1	1	5	1030
0.684162	1	1	5	1030
0.684202	1	1	5	1030
0.684242	1	1	5	1030
0.684282	1	1	5	1030
0.684322	1	1	5	1030
0.684362	1	1	5	1030
0.684402	1	1	5	1030
0.684442	1	1	5	1030
0.684482	1	1	5	1030
0.684522	1	1	5	1030
0.684562	1	1	5	1030
0.684602	1	1	5	1030
0.684642	1	1	5	1030
0.684682	1	1	5	1030
0.684722	1	1	5	1030
0.684762	1	1	5	1030
0.684802	1	1	5	1030
0.684842	1	1	5	1030
0.684882	1	1	5	1030
0.684922	1	1	5	1030
0.684962	1	1	5	1030
0.685002	1	1	5	1030
0.685042	1	1	5	1030
0.685082	1	1	5	1030
0.685122	1	1	5	1030
0.685162	1	1	5	1030
0.685202	1	1	5	1030
0.685242	1	1	5	1030
0.685282	1	1	5	1030
0.685322	1	1	5	1030
0.685362	1	1	5	1030
0.685402	1	1	5	1030
0.685442	1	1	5	1030
0.685482	1	1	5	1030
0.685522	1	1	5	1030
0.685562	1	1	5	1030
0.685602	1	1	5	1030
0.685642	1	1	5	1030
0.685682	1	1	5	1030
0.685722	1	1	5	1030
0.685762	1	1	5	1030
0.685802	1	1	5	1030
0.685842	1	1	5	1030
0.685882	1	1	5	1030
0.685922	1	1	5	1030
0.685962	1	1	5	1030
0.686002	1	1	5	1030
0.686042	1	1	5	1030
0.686082	1	1	5	1030
0.686122	1	1	5	1030
0.686162	1	1	5	1030
0.686202	1	1	5	1030
0.686242	1	1	5	1030
0.686282	1	1	5	1030
0.686322	1	1	5	1030
0.686362	1	1	5	1030
0.686402	1	1	5	1030
0.686442	1	1	5	1030
0.686482	1	1	5	1030
0.686522	1	1	5	1030
0.686562	1	1	5	1030
0.686602	1	1	5	1030
0.686642	1	1	5	1030
0.686682	1	1	5	1030
0.686722	1	1	5	1030
0.686762	1	1	5	1030
0.686802	1	1	5	1030
0.686842	1	1	5	1030
0.686882	1	1	5	1030
0.686922	1	1	5	1030
0.686962	1	1	5	1030
0.687002	1	1	5	1030
0.687042	1	1	5	1030
0.687082	1	1	5	1030
0.687122	1	1	5	1030
0.687162	1	1	5	1030
0.687202	1	1	5	1030
0.687242	1	1	5	1030
0.687282	1	1	5	1030
0.687322	1	1	5	1030
0.687362	1	1	5	1030
0.687402	1	1	5	1030
0.687442	1	1	5	1030
0.687482	1	1	5	1030
0.687522	1	1	5	1030
0.687562	1	1	5	1030
0.687602	1	1	5	1030
0.687642	1	1	5	1030
0.687682	1	1	5	1030
0.687722	1	1	5	1030
0.687762	1	1	5	1030
0.687802	1	1	5	1030
0.687842	1	1	5	1030
0.687882	1	1	5	1030
0.687922	1	1	5	1030
0.687962	1	1	5	1030
0.688002	1	1	5	1030
0.688042	1	1	5	1030
0.688082	1	1	5	1030
0.688122	1	1	5	1030
0.688162	1	1	5	1030
0.688202	1	1	5	1030
0.688242	1	1	5	1030
0.688282	1	1	5	1030
0.688322	1	1	5	1030
0.688362	1	1	5	1030
0.688402	1	1	5	1030
0.688442	1	1	5	1030
0.688482	1	1	5	1030
0.688522	1	1	5	1030
0.688562	1	1	5	1030
0.688602	1	1	5	1030
0.688642	1	1	5	1030
0.688682	1	1	5	1030
0.688722	1	1	5	1030
0.688762	1	1	5	1030
0.688802	1	1	5	1030
0.688842	1	1	5	1030
0.688882	1	1	5	1030
0.688922	1	1	5	1030
0.688962	1	1	5	1030
0.689002	1	1	5	1030
0.689042	1	1	5	1030
0.689082	1	1	5	1030
0.689122	1	1	5	1030
0.689162	1	1	5	1030
0.689202	1	1	5	1030
0.689242	1	1	5	1030
0.689282	1	1	5	1030
0.689322	1	1	5	1030
0.689362	1	1	5	1030
0.689402	1	1	5	1030
0.689442	1	1	5	1030
0.689482	1	1	5	1030
0.689522	1	1	5	1030
0.689562	1	1	5	1030
0.689602	1	1	5	1030
0.689642	1	1	5	1030
0.689682	1	1	5	1030
0.689722	1	1	5	1030
0.689762	1	1	5	1030
0.689802	1	1	5	1030
0.689842	1	1	5	1030
0.689882	1	1	5	1030
0.689922	1	1	5	1030
0.689962	1	1	5	1030
0.690002	1	1	5	1030
0.690042	1	1	5	1030
0.690082	1	1	5	1030
0.690122	1	1	5	1030
0.690162	1	1	5	1030
0.690202	1	1	5	1030
0.690242	1	1	5	1030
0.690282	1	1	5	1030
0.690322	1	1	5	1030
0.690362	1	1	5	1030
0.690402	1	1	5	1030
0.690442	1	1	5	1030
0.690482	1	1	5	1030
0.690522	1	1	5	1030
0.690562	1	1	5	1030
0.690602	1	1	5	1030
0.690642	1	1	5	1030
0.690682	1	1	5	1030
0.690722	1	1	5	1030
0.690762	1	1	5	1030
0.690802	1	1	5	1030
0.690842	1	1	5	1030
0.690882	1	1	5	1030
0.690922	1	1	5	1030
0.690962	1	1	5	1030
0.691002	1	1	5	1030
0.691042	1	1	5	1030
0.691082	1	1	5	1030
0.691122	1	1	5	1030
0.691162	1	1	5	1030
0.691202	1	1	5	1030
0.691242	1	1	5	1030
0.691282	1	1	5	1030
0.691322	1	1	5	1030
0.691362	1	1	5	1030
0.691402	1	1	5	1030
0.691442	1	1	5	1030
0.691482	1	1	5	1030
0.691522	1	1	5	1030
0.691562	1	1	5	1030
0.691602	1	1	5	1030
0.691642	1	1	5	1030
0.691682	1	1	5	1030
0.691722	1	1	5	1030
0.691762	1	1	5	1030
0.691802	1	1	5	1030
0.691842	1	1	5	1030
0.691882	1	1	5	1030
0.691922	1	1	5	1030
0.691962	1	1	5	1030
0.692002	1	1	5	1030
0.692042	1	1	5	1030
0.692082	1	1	5	1030
0.692122	1	1	5	1030
0.692162	1	1	5	1030
0.692202	1	1	5	1030
0.692242	1	1	5	1030
0.692282	1	1	5	1030
0.692322	1	1	5	1030
0.692362	1	1	5	1030
0.692402	1	1	5	1030
0.692442	1	1	5	1030
0.692482	1	1	5	1030
0.692522	1	1	5	1030
0.692562	1	1	5	1030
0.692602	1	1	5	1030
0.692642	1	1	5	1030
0.692682	1	1	5	1030
0.692722	1	1	5	1030
0.692762	1	1	5	1030
0.692802	1	1	5	1030
0.692842	1	1	5	1030
0.692882	1	1	5	1030
0.692922	1	1	5	1030
0.692962	1	1	5	1030
0.693002	1	1	5	1030
0.693042	1	1	5	1030
0.693082	1	1	5	1030
0.693122	1	1	5	1030
0.693162	1	1	5	1030
0.693202	1	1	5	1030
0.693242	1	1	5	1030
0.693282	1	1	5	1030
0.693322	1	1	5	1030
0.693362	1	1	5	1030
0.693402	1	1	5	1030
0.693442	1	1	5	1030
0.693482	1	1	5	1030
0.693522	1	1	5	1030
0.693562	1	1	5	1030
0.693602	1	1	5	1030
0.693642	1	1	5	1030
0.693682	1	1	5	1030
0.693722	1	1	5	1030
0.693762	1	1	5	1030
0.693802	1	1	5	1030
0.693842	1	1	5	1030
0.693882	1	1	5	1030
0.693922	1	1	5	1030
0.693962	1	1	5	1030
0.694002	1	1	5	1030
0.694042	1	1	5	1030
0.694082	1	1	5	1030
0.694122	1	1	5	1030
0.694162	1	1	5	1030
0.694202	1	1	5	1030
0.694242	1	1	5	1030
0.694282	1	1	5	1030
0.694322	1	1	5	1030
0.694362	1	1	5	1030
0.694402	1	1	5	1030
0.694442	1	1	5	1030
0.694482	1	1	5	1030
0.694522	1	1	5	1030
0.694562	1	1	5	1030
0.694602	1	1	5	1030
0.694642	1	1	5	1030
0.694682	1	1	5	1030
0.694722	1	1	5	1030
0.694762	1	1	5	1030
0.694802	1	1	5	1030
0.694842	1	1	5	1030
0.694882	1	1	5	1030
0.694922	1	1	5	1030
0.694962	1	1	5	1030
0.695002	1	1	5	1030
0.695042	1	1	5	1030
0.695082	1	1	5	1030
0.695122	1	1	5	1030
0.695162	1	1	5	1030
0.695202	1	1	5	1030
0.695242	1	1	5	1030
0.695282	1	1	5	1030
0.695322	1	1	5	1030
0.695362	1	1	5	1030
0.695402	1	1	5	1030
0.695442	1	1	5	1030
0.695482	1	1	5	1030
0.695522	1	1	5	1030
0.695562	1	1	5	1030
0.695602	1	1	5	1030
0.695642	1	1	5	1030
0.695682	1	1	5	1030
0.695722	1	1	5	1030
0.695762	1	1	5	1030
0.695802	1	1	5	1030
0.695842	1	1	5	1030
0.695882	1	1	5	1030
0.695922	1	1	5	1030
0.695962	1	1	5	1030
0.696002	1	1	5	1030
0.696042	1	1	5	1030
0.696082	1	1	5	1030
0.696122	1	1	5	1030
0.696162	1	1	5	1030
0.696202	1	1	5	1030
0.696242	1	1	5	1030
0.696282	1	1	5	1030
0.696322	1	1	5	1030
0.696362	1	1	5	1030
0.696402	1	1	5	1030
0.696442	1	1	5	1030
0.696482	1	1	5	1030
0.696522	1	1	5	1030
0.696562	1	1	5	1030
0.696602	1	1	5	1030
0.696642	1	1	5	1030
0.696682	1	1	5	1030
0.696722	1	1	5	1030
0.696762	1	1	5	1030
0.696802	1	1	5	1030
0.696842	1	1	5	1030
0.696882	1	1	5	1030
0.696922	1	1	5	1030
0.696962	1	1	5	1030
0.697002	1	1	5	1030
0.697042	1	1	5	1030
0.697082	1	1	5	1030
0.697122	1	1	5	1030
0.697162	1	1	5	1030
0.697202	1	1	5	1030
0.697242	1	1	5	1030
0.697282	1	1	5	1030
0.697322	1	1	5	1030
0.697362	1	1	5	1030
0.697402	1	1	5	1030
0.697442	1	1	5	1030
0.697482	1	1	5	1030
0.697522	1	1	5	1030
0.697562	1	1	5	1030
0.697602	1	1	5	1030
0.697642	1	1	5	1030
0.697682	1	1	5	1030
0.697722	1	1	5	1030
0.697762	1	1	5	1030
0.697802	1	1	5	1030
0.697842	1	1	5	1030
0.697882	1	1	5	1030
0.697922	1	1	5	1030
0.697962	1	1	5	1030
0.698002	1	1	5	1030
0.698042	1	1	5	1030
0.698082	1	1	5	1030
0.698122	1	1	5	1030
0.698162	1	1	5	1030
0.698202	1	1	5	1030
0.698242	1	1	5	1030
0.698282	1	1	5	1030
0.698322	1	1	5	1030
0.698362	1	1	5	1030
0.698402	1	1	5	1030
0.698442	1	1	5	1030
0.698482	1	1	5	1030
0.698522	1	1	5	1030
0.698562	1	1	5	1030
0.698602	1	1	5	1030
0.698642	1	1	5	1030
0.698682	1	1	5	1030
0.698722	1	1	5	1030
0.698762	1	1	5	1030
0.698802	1	1	5	1030
0.698842	1	1	5	1030
0.698882	1	1	5	1030
0.698922	1	1	5	1030
0.698962	1	1	5	1030
0.699002	1	1	5	1030
0.699042	1	1	5	1030
0.699082	1	1	5	1030
0.699122	1	1	5	1030
0.699162	1	1	5	1030
0.699202	1	1	5	1030
0.699242	1	1	5	1030
0.699282	1	1	5	1030
0.699322	1	1	5	1030
0.699362	1	1	5	1030
0.699402	1	1	5	1030
0.699442	1	1	5	1030
0.699482	1	1	5	1030
0.699522	1	1	5	1030
0.699562	1	1	5	1030
0.699602	1	1	5	1030
0.699642	1	1	5	1030
0.699682	1	1	5	1030
0.699722	1	1	5	1030
0.699762	1	1	5	1030
0.699802	1	1	5	1030
0.699842	1	1	5	1030
0.699882	1	1	5	1030
0.699922	1	1	5	1030
0.699962	1	1	5	1030
0.700002	1	1	5	1030
0.700042	1	1	5	1030
0.700082	1	1	5	1030
0.700122	1	1	5	1030
0.700162	1	1	5	1030
0.700202	1	1	5	1030
0.700242	1	1	5	1030
0.700282	1	1	5	1030
0.700322	1	1	5	1030
0.700362	1	1	5	1030
0.700402	1	1	5	1030
0.700442	1	1	5	1030
0.700482	1	1	5	1030
0.700522	1	1	5	1030
0.700562	1	1	5	1030
0.700602	1	1	5	1030
0.700642	1	1	5	1030
0.700682	1	1	5	1030
0.700722	1	1	5	1030
0.700762	1	1	5	1030
0.700802	1	1	5	1030
0.700842	1	1	5	1030
0.700882	1	1	5	1030
0.700922	1	1	5	1030
0.700962	1	1	5	1030
0.701002	1	1	5	1030
0.701042	1	1	5	1030
0.701082	1	1	5	1030
0.701122	1	1	5	1030
0.701162	1	1	5	1030
0.701202	1	1	5	1030
0.701242	1	1	5	1030
0.701282	1	1	5	1030
0.701322	1	1	5	1030
0.701362	1	1	5	1030
0.701402	1	1	5	1030
0.701442	1	1	5	1030
0.701482	1	1	5	1030
0.701522	1	1	5	1030
0.701562	1	1	5	1030
0.701602	1	1	5	1030
0.701642	1	1	5	1030
0.701682	1	1	5	1030
0.701722	1	1	5	1030
0.701762	1	1	5	1030
0.701802	1	1	5	1030
0.701842	1	1	5	1030
0.701882	1	1	5	1030
0.701922	1	1	5	1030
0.701962	1	1	5	1030
0.702002	1	1	5	1030
0.702042	1	1	5	1030
0.702082	1	1	5	1030
0.702122	1	1	5	1030
0.702162	1	1	5	1030
0.702202	1	1	5	1030
0.702242	1	1	5	1030
0.702282	1	1	5	1030
0.702322	1	1	5	1030
0.702362	1	1	5	1030
0.702402	1	1	5	1030
0.702442	1	1	5	1030
0.702482	1	1	5	1030
0.702522	1	1	5	1030
0.702562	1	1	5	1030
0.702602	1	1	5	1030
0.702642	1	1	5	1030
0.702682	1	1	5	1030
0.702722	1	1	5	1030
0.702762	1	1	5	1030
0.702802	1	1	5	1030
0.702842	1	1	5	1030
0.702882	1	1	5	1030
0.702922	1	1	5	1030
0.702962	1	1	5	1030
0.703002	1	1	5	1030
0.703042	1	1	5	1030
0.703082	1	1	5	1030
0.703122	1	1	5	1030
0.703162	1	1	5	1030
0.703202	1	1	5	1030
0.703242	1	1	5	1030
0.703282	1	1	5	1030
0.703322	1	1	5	1030
0.703362	1	1	5	1030
0.703402	1	1	5	1030
0.703442	1	1	5	1030
0.703482	1	1	5	1030
0.703522	1	1	5	1030
0.703562	1	1	5	1030
0.703602	1	1	5	1030
0.703642	1	1	5	1030
0.703682	1	1	5	1030
0.703722	1	1	5	1030
0.703762	1	1	5	1030
0.703802	1	1	5	1030
0.703842	1	1	5	1030
0.703882	1	1	5	1030
0.703922	1	1	5	1030
0.703962	1	1	5	1030
0.704002	1	1	5	1030
0.704042	1	1	5	1030
0.704082	1	1	5	1030
0.704122	1	1	5	1030
0.704162	1	1	5	1030
0.704202	1	1	5	1030
0.704242	1	1	5	1030
0.704282	1	1	5	1030
0.704322	1	1	5	1030
0.704362	1	1	5	1030
0.704402	1	1	5	1030
0.704442	1	1	5	1030
0.704482	1	1	5	1030
0.704522	1	1	5	1030
0.704562	1	1	5	1030
0.704602	1	1	5	1030
0.704642	1	1	5	1030
0.704682	1	1	5	1030
0.704722	1	1	5	1030
0.704762	1	1	5	1030
0.704802	1	1	5	1030
0.704842	1	1	5	1030
0.704882	1	1	5	1030
0.704922	1	1	5	1030
0.704962	1	1	5	1030
0.705002	1	1	5	1030
0.705042	1	1	5	1030
0.705082	1	1	5	1030
0.705122	1	1	5	1030
0.705162	1	1	5	1030
0.705202	1	1	5	1030
0.705242	1	1	5	1030
0.705282	1	1	5	1030
0.705322	1	1	5	1030
0.705362	1	1	5	1030
0.705402	1	1	5	1030
0.705442	1	1	5	1030
0.705482	1	1	5	1030
0.705522	1	1	5	1030
0.705562	1	1	5	1030
0.705602	1	1	5	1030
0.705642	1	1	5	1030
0.705682	1	1	5	1030
0.705722	1	1	5	1030
0.705762	1	1	5	1030
0.705802	1	1	5	1030
0.705842	1	1	5	1030
0.705882	1	1	5	1030
0.705922	1	1	5	1030
0.705962	1	1	5	1030
0.706002	1	1	5	1030
0.706042	1	1	5	1030
0.706082	1	1	5	1030
0.706122	1	1	5	1030
0.706162	1	1	5	1030
0.706202	1	1	5	1030
0.706242	1	1	5	1030
0.706282	1	1	5	1030
0.706322	1	1	5	1030
0.706362	1	1	5	1030
0.706402	1	1	5	1030
0.706442	1	1	5	1030
0.706482	1	1	5	1030
0.706522	1	1	5	1030
0.706562	1	1	5	1030
0.706602	1	1	5	1030
0.706642	1	1	5	1030
0.706682	1	1	5	1030
0.706722	1	1	5	1030
0.706762	1	1	5	1030
0.706802	1	1	5	1030
0.706842	1	1	5	1030
0.706882	1	1	5	1030
0.706922	1	1	5	1030
0.706962	1	1	5	1030
0.707002	1	1	5	1030
0.707042	1	1	5	1030
0.707082	1	1	5	1030
0.707122	1	1	5	1030
0.707162	1	1	5	1030
0.707202	1	1	5	1030
0.707242	1	1	5	1030
0.707282	1	1	5	1030
0.707322	1	1	5	1030
0.707362	1	1	5	1030
0.707402	1	1	5	1030
0.707442	1	1	5	1030
0.707482	1	1	5	1030
0.707522	1	1	5	1030
0.707562	1	1	5	1030
0.707602	1	1	5	1030
0.707642	1	1	5	1030
0.707682	1	1	5	1030
0.707722	1	1	5	1030
0.707762	1	1	5	1030
0.707802	1	1	5	1030
0.707842	1	1	5	1030
0.707882	1	1	5	1030
0.707922	1	1	5	1030
0.707962	1	1	5	1030
0.708002	1	1	5	1030
0.708042	1	1	5	1030
0.708082	1	1	5	1030
0.708122	1	1	5	1030
0.708162	1	1	5	1030
0.708202	1	1	5	1030
0.708242	1	1	5	1030
0.708282	1	1	5	1030
0.708322	1	1	5	1030
0.708362	1	1	5	1030
0.708402	1	1	5	1030
0.708442	1	1	5	1030
0.708482	1	1	5	1030
0.708522	1	1	5	1030
0.708562	1	1	5	1030
0.708602	1	1	5	1030
0.708642	1	1	5	1030
0.708682	1	1	5	1030
0.708722	1	1	5	1030
0.708762	1	1	5	1030
0.708802	1	1	5	1030
0.708842	1	1	5	1030
0.708882	1	1	5	1030
0.708922	1	1	5	1030
0.708962	1	1	5	1030
0.709002	1	1	5	1030
0.709042	1	1	5	1030
0.709082	1	1	5	1030
0.709122	1	1	5	1030
0.709162	1	1	5	1030
0.709202	1	1	5	1030
0.709242	1	1	5	1030
0.709282	1	1	5	1030
0.709322	1	1	5	1030
0.709362	1	1	5	1030
0.709402	1	1	5	1030
0.709442	1	1	5	1030
0.709482	1	1	5	1030
0.709522	1	1	5	1030
0.709562	1	1	5	1030
0.709602	1	1	5	1030
0.709642	1	1	5	1030
0.709682	1	1	5	1030
0.709722	1	1	5	1030
0.709762	1	1	5	1030
0.709802	1	1	5	1030
0.709842	1	1	5	1030
0.709882	1	1	5	1030
0.709922	1	1	5	1030
0.709962	1	1	5	1030
0.710002	1	1	5	1030
0.710042	1	1	5	1030
0.710082	1	1	5	1030
0.710122	1	1	5	1030
0.710162	1	1	5	1030
0.710202	1	1	5	1030
0.710242	1	1	5	1030
0.710282	1	1	5	1030
0.710322	1	1	5	1030
0.710362	1	1	5	1030
0.710402	1	1	5	1030
0.710442	1	1	5	1030
0.710482	1	1	5	1030
0.710522	1	1	5	1030
0.710562	1	1	5	1030
0.710602	1	1	5	1030
0.710642	1	1	5	1030
0.710682	1	1	5	1030
0.710722	1	1	5	1030
0.710762	1	1	5	1030
0.710802	1	1	5	1030
0.710842	1	1	5	1030
0.710882	1	1	5	1030
0.710922	1	1	5	1030
0.710962	1	1	5	1030
0.711002	1	1	5	1030
0.711042	1	1	5	1030
0.711082	1	1	5	1030
0.711122	1	1	5	1030
0.711162	1	1	5	1030
0.711202	1	1	5	1030
0.711242	1	1	5	1030
0.711282	1	1	5	1030
0.711322	1	1	5	1030
0.711362	1	1	5	1030
0.711402	1	1	5	1030
0.711442	1	1	5	1030
0.711482	1	1	5	1030
0.711522	1	1	5	1030
0.711562	1	1	5	1030
0.711602	1	1	5	1030
0.711642	1	1	5	1030
0.711682	1	1	5	1030
0.711722	1	1	5	1030
0.711762	1	1	5	1030
0.711802	1	1	5	1030
0.711842	1	1	5	1030
0.711882	1	1	5	1030
0.711922	1	1	5	1030
0.711962	1	1	5	1030
0.712002	1	1	5	1030
0.712042	1	1	5	1030
0.712082	1	1	5	1030
0.712122	1	1	5	1030
0.712162	1	1	5	1030
0.712202	1	1	5	1030
0.712242	1	1	5	1030
0.712282	1	1	5	1030
0.712322	1	1	5	1030
0.712362	1	1	5	1030
0.712402	1	1	5	1030
0.712442	1	1	5	1030
0.712482	1	1	5	1030
0.712522	1	1	5	1030
0.712562	1	1	5	1030
0.712602	1	1	5	1030
0.712642	1	1	5	1030
0.712682	1	1	5	1030
0.712722	1	1	5	1030
0.712762	1	1	5	1030
0.712802	1	1	5	1030
0.712842	1	1	5	1030
0.712882	1	1	5	1030
0.712922	1	1	5	1030
0.712962	1	1	5	1030
0.713002	1	1	5	1030
0.713042	1	1	5	1030
0.713082	1	1	5	1030
0.713122	1	1	5	1030
0.713162	1	1	5	1030
0.713202	1	1	5	1030
0.713242	1	1	5	1030
0.713282	1	1	5	1030
0.713322	1	1	5	1030
0.713362	1	1	5	1030
0.713402	1	1	5	1030
0.713442	1	1	5	1030
0.713482	1	1	5	1030
0.713522	1	1	5	1030
0.713562	1	1	5	1030
0.713602	1	1	5	1030
0.713642	1	1	5	1030
0.713682	1	1	5	1030
0.713722	1	1	5	1030
0.713762	1	1	5	1030
0.713802	1	1	5	1030
0.713842	1	1	5	1030
0.713882	1	1	5	1030
0.713922	1	1	5	1030
0.713962	1	1	5	1030
0.714002	1	1	5	1030
0.714042	1	1	5	1030
0.714082	1	1	5	1030
0.714122	1	1	5	1030
0.714162	1	1	5	1030
0.714202	1	1	5	1030
0.714242	1	1	5	1030
0.714282	1	1	5	1030
0.714322	1	1	5	1030
0.714362	1	1	5	1030
0.714402	1	1	5	1030
0.714442	1	1	5	1030
0.714482	1	1	5	1030
0.714522	1	1	5	1030
0.714562	1	1	5	1030
0.714602	1	1	5	1030
0.714642	1	1	5	1030
0.714682	1	1	5	1030
0.714722	1	1	5	1030
0.714762	1	1	5	1030
0.714802	1	1	5	1030
0.714842	1	1	5	1030
0.714882	1	1	5	1030
0.714922	1	1	5	1030
0.714962	1	1	5	1030
0.715002	1	1	5	1030
0.715042	1	1	5	1030
0.715082	1	1	5	1030
0.715122	1	1	5	1030
0.715162	1	1	5	1030
0.715202	1	1	5	1030
0.715242	1	1	5	1030
0.715282	1	1	5	1030
0.715322	1	1	5	1030
0.715362	1	1	5	1030
0.715402	1	1	5	1030
0.715442	1	1	5	1030
0.715482	1	1	5	1030
0.715522	1	1	5	1030
0.715562	1	1	5	1030
0.715602	1	1	5	1030
0.715642	1	1	5	1030
0.715682	1	1	5	1030
0.715722	1	1	5	1030
0.715762	1	1	5	1030
0.715802	1	1	5	1030
0.715842	1	1	5	1030
0.715882	1	1	5	1030
0.715922	1	1	5	1030
0.715962	1	1	5	1030
0.716002	1	1	5	1030
0.716042	1	1	5	1030
0.716082	1	1	5	1030
0.716122	1	1	5	1030
0.716162	1	1	5	1030
0.716202	1	1	5	1030
0.716242	1	1	5	1030
0.716282	1	1	5	1030
0.716322	1	1	5	1030
0.716362	1	1	5	1030
0.716402	1	1	5	1030
0.716442	1	1	5	1030
0.716482	1	1	5	1030
0.716522	1	1	5	1030
0.716562	1	1	5	1030
0.716602	1	1	5	1030
0.716642	1	1	5	1030
0.716682	1	1	5	1030
0.716722	1	1	5	1030
0.716762	1	1	5	1030
0.716802	1	1	5	1030
0.716842	1	1	5	1030
0.716882	1	1	5	1030
0.716922	1	1	5	1030
0.716962	1	1	5	1030
0.717002	1	1	5	1030
0.717042	1	1	5	1030
0.717082	1	1	5	1030
0.717122	1	1	5	1030
0.717162	1	1	5	1030
0.717202	1	1	5	1030
0.717242	1	1	5	1030
0.717282	1	1	5	1030
0.717322	1	1	5	1030
0.717362	1	1	5	1030
0.717402	1	1	5	1030
0.717442	1	1	5	1030
0.717482	1	1	5	1030
0.717522	1	1	5	1030
0.717562	1	1	5	1030
0.717602	1	1	5	1030
0.717642	1	1	5	1030
0.717682	1	1	5	1030
0.717722	1	1	5	1030
0.717762	1	1	5	1030
0.717802	1	1	5	1030
0.717842	1	1	5	1030
0.717882	1	1	5	1030
0.717922	1	1	5	1030
0.717962	1	1	5	1030
0.718002	1	1	5	1030
0.718042	1	1	5	1030
0.718082	1	1	5	1030
0.718122	1	1	5	1030
0.718162	1	1	5	1030
0.718202	1	1	5	1030
0.718242	1	1	5	1030
0.718282	1	1	5	1030
0.718322	1	1	5	1030
0.718362	1	1	5	1030
0.718402	1	1	5	1030
0.718442	1	1	5	1030
0.718482	1	1	5	1030
0.718522	1	1	5	1030
0.718562	1	1	5	1030
0.718602	1	1	5	1030
0.718642	1	1	5	1030
0.718682	1	1	5	1030
0.718722	1	1	5	1030
0.718762	1	1	5	1030
0.718802	1	1	5	1030
0.718842	1	1	5	1030
0.718882	1	1	5	1030
0.718922	1	1	5	1030
0.718962	1	1	5	1030
0.719002	1	1	5	1030
0.719042	1	1	5	1030
0.719082	1	1	5	1030
0.719122	1	1	5	1030
0.719162	1	1	5	1030
0.719202	1	1	5	1030
0.719242	1	1	5	1030
0.719282	1	1	5	1030
0.719322	1	1	5	1030
0.719362	1	1	5	1030
0.719402	1	1	5	1030
0.719442	1	1	5	1030
0.719482	1	1	5	1030
0.719522	1	1	5	1030
0.719562	1	1	5	1030
0.719602	1	1	5	1030
0.719642	1	1	5	1030
0.719682	1	1	5	1030
0.719722	1	1	5	1030
0.719762	1	1	5	1030
0.719802	1	1	5	1030
0.719842	1	1	5	1030
0.719882	1	1	5	1030
0.719922	1	1	5	1030
0.719962	1	1	5	1030
0.720002	1	1	5	1030
0.720042	1	1	5	1030
0.720082	1	1	5	1030
0.720122	1	1	5	1030
0.720162	1	1	5	1030
0.720202	1	1	5	1030
0.720242	1	1	5	1030
0.720282	1	1	5	1030
0.720322	1	1	5	1030
0.720362	1	1	5	1030
0.720402	1	1	5	1030
0.720442	1	1	5	1030
0.720482	1	1	5	1030
0.720522	1	1	5	1030
0.720562	1	1	5	1030
0.720602	1	1	5	1030
0.720642	1	1	5	1030
0.720682	1	1	5	1030
0.720722	1	1	5	1030
0.720762	1	1	5	1030
0.720802	1	1	5	1030
0.720842	1	1	5	1030
0.720882	1	1	5	1030
0.720922	1	1	5	1030
0.720962	1	1	5	1030
0.721002	1	1	5	1030
0.721042	1	1	5	1030
0.721082	1	1	5	1030
0.721122	1	1	5	1030
0.721162	1	1	5	1030
0.721202	1	1	5	1030
0.721242	1	1	5	1030
0.721282	1	1	5	1030
0.721322	1	1	5	1030
0.721362	1	1	5	1030
0.721402	1	1	5	1030
0.721442	1	1	5	1030
0.721482	1	1	5	1030
0.721522	1	1	5	1030
0.721562	1	1	5	1030
0.721602	1	1	5	1030
0.721642	1	1	5	1030
0.721682	1	1	5	1030
0.721722	1	1	5	1030
0.721762	1	1	5	1030
0.721802	1	1	5	1030
0.721842	1	1	5	1030
0.721882	1	1	5	1030
0.721922	1	1	5	1030
0.721962	1	1	5	1030
0.722002	1	1	5	1030
0.722042	1	1	5	1030
0.722082	1	1	5	1030
0.722122	1	1	5	1030
0.722162	1	1	5	1030
0.722202	1	1	5	1030
0.722242	1	1	5	1030
0.722282	1	1	5	1030
0.722322	1	1	5	1030
0.722362	1	1	5	1030
0.722402	1	1	5	1030
0.722442	1	1	5	1030
0.722482	1	1	5	1030
0.722522	1	1	5	1030
0.722562	1	1	5	1030
0.722602	1	1	5	1030
0.722642	1	1	5	1030
0.722682	1	1	5	1030
0.722722	1	1	5	1030
0.722762	1	1	5	1030
0.722802	1	1	5	1030
0.722842	1	1	5	1030
0.722882	1	1	5	1030
0.722922	1	1	5	1030
0.722962	1	1	5	1030
0.723002	1	1	5	1030
0.723042	1	1	5	1030
0.723082	1	1	5	1030
0.723122	1	1	5	1030
0.723162	1	1	5	1030
0.723202	1	1	5	1030
0.723242	1	1	5	1030
0.723282	1	1	5	1030
0.723322	1	1	5	1030
0.723362	1	1	5	1030
0.723402	1	1	5	1030
0.723442	1	1	5	1030
0.723482	1	1	5	1030
0.723522	1	1	5	1030
0.723562	1	1	5	1030
0.723602	1	1	5	1030
0.723642	1	1	5	1030
0.723682	1	1	5	1030
0.723722	1	1	5	1030
0.723762	1	1	5	1030
0.723802	1	1	5	1030
0.723842	1	1	5	1030
0.723882	1	1	5	1030
0.723922	1	1	5	1030
0.723962	1	1	5	1030
0.724002	1	1	5	1030
0.724042	1	1	5	1030
0.724082	1	1	5	1030
0.724122	1	1	5	1030
0.724162	1	1	5	1030
0.724202	1	1	5	1030
0.724242	1	1	5	1030
0.724282	1	1	5	1030
0.724322	1	1	5	1030
0.724362	1	1	5	1030
0.724402	1	1	5	1030
0.724442	1	1	5	1030
0.724482	1	1	5	1030
0.724522	1	1	5	1030
0.724562	1	1	5	1030
0.724602	1	1	5	1030
0.724642	1	1	5	1030
0.724682	1	1	5	1030
0.724722	1	1	5	1030
0.724762	1	1	5	1030
0.724802	1	1	5	1030
0.724842	1	1	5	1030
0.724882	1	1	5	1030
0.724922	1	1	5	1030
0.724962	1	1	5	1030
0.725002	1	1	5	1030
0.725042	1	1	5	1030
0.725082	1	1	5	1030
0.725122	1	1	5	1030
0.725162	1	1	5	1030
0.725202	1	1	5	1030
0.725242	1	1	5	1030
0.725282	1	1	5	1030
0.725322	1	1	5	1030
0.725362	1	1	5	1030
0.725402	1	1	5	1030
0.725442	1	1	5	1030
0.725482	1	1	5	1030
0.725522	1	1	5	1030
0.725562	1	1	5	1030
0.725602	1	1	5	1030
0.725642	1	1	5	1030
0.725682	1	1	5	1030
0.725722	1	1	5	1030
0.725762	1	1	5	1030
0.725802	1	1	5	1030
0.725842	1	1	5	1030
0.725882	1	1	5	1030
0.725922	1	1	5	1030
0.725962	1	1	5	1030
0.726002	1	1	5	1030
0.726042	1	1	5	1030
0.726082	1	1	5	1030
0.726122	1	1	5	1030
0.726162	1	1	5	1030
0.726202	1	1	5	1030
0.726242	1	1	5	1030
0.726282	1	1	5	1030
0.726322	1	1	5	1030
0.726362	1	1	5	1030
0.726402	1	1	5	1030
0.726442	1	1	5	1030
0.726482	1	1	5	1030
0.726522	1	1	5	1030
0.726562	1	1	5	1030
0.726602	1	1	5	1030
0.726642	1	1	5	1030
0.726682	1	1	5	1030
0.726722	1	1	5	1030
0.726762	1	1	5	1030
0.726802	1	1	5	1030
0.726842	1	1	5	1030
0.726882	1	1	5	1030
0.726922	1	1	5	1030
0.726962	1	1	5	1030
0.727002	1	1	5	1030
0.727042	1	1	5	1030
0.727082	1	1	5	1030
0.727122	1	1	5	1030
0.727162	1	1	5	1030
0.727202	1	1	5	1030
0.727242	1	1	5	1030
0.727282	1	1	5	1030
0.727322	1	1	5	1030
0.727362	1	1	5	1030
0.727402	1	1	5	1030
0.727442	1	1	5	1030
0.727482	1	1	5	1030
0.727522	1	1	5	1030
0.727562	1	1	5	1030
0.727602	1	1	5	1030
0.727642	1	1	5	1030
0.727682	1	1	5	1030
0.727722	1	1	5	1030
0.727762	1	1	5	1030
0.727802	1	1	5	1030
0.727842	1	1	5	1030
0.727882	1	1	5	1030
0.727922	1	1	5	1030
0.727962	1	1	5	1030
0.728002	1	1	5	1030
0.728042	1	1	5	1030
0.728082	1	1	5	1030
0.728122	1	1	5	1030
0.728162	1	1	5	1030
0.728202	1	1	5	1030
0.728242	1	1	5	1030
0.728282	1	1	5	1030
0.728322	1	1	5	1030
0.728362	1	1	5	1030
0.728402	1	1	5	1030
0.728442	1	1	5	1030
0.728482	1	1	5	1030
0.728522	1	1	5	1030
0.728562	1	1	5	1030
0.728602	1	1	5	1030
0.728642	1	1	5	1030
0.728682	1	1	5	1030
0.728722	1	1	5	1030
0.728762	1	1	5	1030
0.728802	1	1	5	1030
0.728842	1	1	5	1030
0.728882	1	1	5	1030
0.728922	1	1	5	1030
0.728962	1	1	5	1030
0.729002	1	1	5	1030
0.729042	1	1	5	1030
0.729082	1	1	5	1030
0.729122	1	1	5	1030
0.729162	1	1	5	1030
0.729202	1	1	5	1030
0.729242	1	1	5	1030
0.729282	1	1	5	1030
0.729322	1	1	5	1030
0.729362	1	1	5	1030
0.729402	1	1	5	1030
0.729442	1	1	5	1030
0.729482	1	1	5	1030
0.729522	1	1	5	1030
0.729562	1	1	5	1030
0.729602	1	1	5	1030
0.729642	1	1	5	1030
0.729682	1	1	5	1030
0.729722	1	1	5	1030
0.729762	1	1	5	1030
0.729802	1	1	5	1030
0.729842	1	1	5	1030
0.729882	1	1	5	1030
0.729922	1	1	5	1030
0.729962	1	1	5	1030
0.730002	1	1	5	1030
0.730042	1	1	5	1030
0.730082	1	1	5	1030
0.730122	1	1	5	1030
0.730162	1	1	5	1030
0.730202	1	1	5	1030
0.730242	1	1	5	1030
0.730282	1	1	5	1030
0.730322	1	1	5	1030
0.730362	1	1	5	1030
0.730402	1	1	5	1030
0.730442	1	1	5	1030
0.730482	1	1	5	1030
0.730522	1	1	5	1030
0.730562	1	1	5	1030
0.730602	1	1	5	1030
0.730642	1	1	5	1030
0.730682	1	1	5	1030
0.730722	1	1	5	1030
0.730762	1	1	5	1030
0.730802	1	1	5	1030
0.730842	1	1	5	1030
0.730882	1	1	5	1030
0.730922	1	1	5	1030
0.730962	1	1	5	1030
0.731002	1	1	5	1030
0.731042	1	1	5	1030
0.731082	1	1	5	1030
0.731122	1	1	5	1030
0.731162	1	1	5	1030
0.731202	1	1	5	1030
0.731242	1	1	5	1030
0.731282	1	1	5	1030
0.731322	1	1	5	1030
0.731362	1	1	5	1030
0.731402	1	1	5	1030
0.731442	1	1	5	1030
0.731482	1	1	5	1030
0.731522	1	1	5	1030
0.731562	1	1	5	1030
0.731602	1	1	5	1030
0.731642	1	1	5	1030
0.731682	1	1	5	1030
0.731722	1	1	5	1030
0.731762	1	1	5	1030
0.731802	1	1	5	1030
0.731842	1	1	5	1030
0.731882	1	1	5	1030
0.731922	1	1	5	1030
0.731962	1	1	5	1030
0.732002	1	1	5	1030
0.732042	1	1	5	1030
0.732082	1	1	5	1030
0.732122	1	1	5	1030
0.732162	1	1	5	1030
0.732202	1	1	5	1030
0.732242	1	1	5	1030
0.732282	1	1	5	1030
0.732322	1	1	5	1030
0.732362	1	1	5	1030
0.732402	1	1	5	1030
0.732442	1	1	5	1030
0.732482	1	1	5	1030
0.732522	1	1	5	1030
0.732562	1	1	5	1030
0.732602	1	1	5	1030
0.732642	1	1	5	1030
0.732682	1	1	5	1030
0.732722	1	1	5	1030
0.732762	1	1	5	1030
0.732802	1	1	5	1030
0.732842	1	1	5	1030
0.732882	1	1	5	1030
0.732922	1	1	5	1030
0.732962	1	1	5	1030
0.733002	1	1	5	1030
0.733042	1	1	5	1030
0.733082	1	1	5	1030
0.733122	1	1	5	1030
0.733162	1	1	5	1030
0.733202	1	1	5	1030
0.733242	1	1	5	1030
0.733282	1	1	5	1030
0.733322	1	1	5	1030
0.733362	1	1	5	1030
0.733402	1	1	5	1030
0.733442	1	1	5	1030
0.733482	1	1	5	1030
0.733522	1	1	5	1030
0.733562	1	1	5	1030
0.733602	1	1	5	1030
0.733642	1	1	5	1030
0.733682	1	1	5	1030
0.733722	1	1	5	1030
0.733762	1	1	5	1030
0.733802	1	1	5	1030
0.733842	1	1	5	1030
0.733882	1	1	5	1030
0.733922	1	1	5	1030
0.733962	1	1	5	1030
0.734002	1	1	5	1030
0.734042	1	1	5	1030
0.734082	1	1	5	1030
0.734122	1	1	5	1030
0.734162	1	1	5	1030
0.734202	1	1	5	1030
0.734242	1	1	5	1030
0.734282	1	1	5	1030
0.734322	1	1	5	1030
0.734362	1	1	5	1030
0.734402	1	1	5	1030
0.734442	1	1	5	1030
0.734482	1	1	5	1030
0.734522	1	1	5	1030
0.734562	1	1	5	1030
0.734602	1	1	5	1030
0.734642	1	1	5	1030
0.734682	1	1	5	1030
0.734722	1	1	5	1030
0.734762	1	1	5	1030
0.734802	1	1	5	1030
0.734842	1	1	5	1030
0.734882	1	1	5	1030
0.734922	1	1	5	1030
0.734962	1	1	5	1030
0.735002	1	1	5	1030
0.735042	1	1	5	1030
0.735082	1	1	5	1030
0.735122	1	1	5	1030
0.735162	1	1	5	1030
0.735202	1	1	5	1030
0.735242	1	1	5	1030
0.735282	1	1	5	1030
0.735322	1	1	5	1030
0.735362	1	1	5	1030
0.735402	1	1	5	1030
0.735442	1	1	5	1030
0.735482	1	1	5	1030
0.735522	1	1	5	1030
0.735562	1	1	5	1030
0.735602	1	1	5	1030
0.735642	1	1	5	1030
0.735682	1	1	5	1030
0.735722	1	1	5	1030
0.735762	1	1	5	1030
0.735802	1	1	5	1030
0.735842	1	1	5	1030
0.735882	1	1	5	1030
0.735922	1	1	5	1030
0.735962	1	1	5	1030
0.736002	1	1	5	1030
0.736042	1	1	5	1030
0.736082	1	1	5	1030
0.736122	1	1	5	1030
0.736162	1	1	5	1030
0.736202	1	1	5	1030
0.736242	1	1	5	1030
0.736282	1	1	5	1030
0.736322	1	1	5	1030
0.736362	1	1	5	1030
0.736402	1	1	5	1030
0.736442	1	1	5	1030
0.736482	1	1	5	1030
0.736522	1	1	5	1030
0.736562	1	1	5	1030
0.736602	1	1	5	1030
0.736642	1	1	5	1030
0.736682	1	1	5	1030
0.736722	1	1	5	1030
0.736762	1	1	5	1030
0.736802	1	1	5	1030
0.736842	1	1	5	1030
0.736882	1	1	5	1030
0.736922	1	1	5	1030
0.736962	1	1	5	1030
0.737002	1	1	5	1030
0.737042	1	1	5	1030
0.737082	1	1	5	1030
0.737122	1	1	5	1030
0.737162	1	1	5	1030
0.737202	1	1	5	1030
0.737242	1	1	5	1030
0.737282	1	1	5	1030
0.737322	1	1	5	1030
0.737362	1	1	5	1030
0.737402	1	1	5	1030
0.737442	1	1	5	1030
0.737482	1	1	5	1030
0.737522	1	1	5	1030
0.737562	1	1	5	1030
0.737602	1	1	5	1030
0.737642	1	1	5	1030
0.737682	1	1	5	1030
0.737722	1	1	5	1030
0.737762	1	1	5	1030
0.737802	1	1	5	1030
0.737842	1	1	5	1030
0.737882	1	1	5	1030
0.737922	1	1	5	1030
0.737962	1	1	5	1030
0.738002	1	1	5	1030
0.738042	1	1	5	1030
0.738082	1	1	5	1030
0.738122	1	1	5	1030
0.738162	1	1	5	1030
0.738202	1	1	5	1030
0.738242	1	1	5	1030
0.738282	1	1	5	1030
0.738322	1	1	5	1030
0.738362	1	1	5	1030
0.738402	1	1	5	1030
0.738442	1	1	5	1030
0.738482	1	1	5	1030
0.738522	1	1	5	1030
0.738562	1	1	5	1030
0.738602	1	1	5	1030
0.738642	1	1	5	1030
0.738682	1	1	5	1030
0.738722	1	1	5	1030
0.738762	1	1	5	1030
0.738802	1	1	5	1030
0.738842	1	1	5	1030
0.738882	1	1	5	1030
0.738922	1	1	5	1030
0.738962	1	1	5	1030
0.739002	1	1	5	1030
0.739042	1	1	5	1030
0.739082	1	1	5	1030
0.739122	1	1	5	1030
0.739162	1	1	5	1030
0.739202	1	1	5	1030
0.739242	1	1	5	1030
0.739282	1	1	5	1030
0.739322	1	1	5	1030
0.739362	1	1	5	1030
0.739402	1	1	5	1030
0.739442	1	1	5	1030
0.739482	1	1	5	1030
0.739522	1	1	5	1030
0.739562	1	1	5	1030
0.739602	1	1	5	1030
0.739642	1	1	5	1030
0.739682	1	1	5	1030
0.739722	1	1	5	1030
0.739762	1	1	5	1030
0.739802	1	1	5	1030
0.739842	1	1	5	1030
0.739882	1	1	5	1030
0.739922	1	1	5	1030
0.739962	1	1	5	1030
0.740002	1	1	5	1030
0.740042	1	1	5	1030
0.740082	1	1	5	1030
0.740122	1	1	5	1030
0.740162	1	1	5	1030
0.740202	1	1	5	1030
0.740242	1	1	5	1030
0.740282	1	1	5	1030
0.740322	1	1	5	1030
0.740362	1	1	5	1030
0.740402	1	1	5	1030
0.740442	1	1	5	1030
0.740482	1	1	5	1030
0.740522	1	1	5	1030
0.740562	1	1	5	1030
0.740602	1	1	5	1030
0.740642	1	1	5	1030
0.740682	1	1	5	1030
0.740722	1	1	5	1030
0.740762	1	1	5	1030
0.740802	1	1	5	1030
0.740842	1	1	5	1030
0.740882	1	1	5	1030
0.740922	1	1	5	1030
0.740962	1	1	5	1030
0.741002	1	1	5	1030
0.741042	1	1	5	1030
0.741082	1	1	5	1030
0.741122	1	1	5	1030
0.741162	1	1	5	1030
0.741202	1	1	5	1030
0.741242	1	1	5	1030
0.741282	1	1	5	1030
0.741322	1	1	5	1030
0.741362	1	1	5	1030
0.741402	1	1	5	1030
0.741442	1	1	5	1030
0.741482	1	1	5	1030
0.741522	1	1	5	1030
0.741562	1	1	5	1030
0.741602	1	1	5	1030
0.741642	1	1	5	1030
0.741682	1	1	5	1030
0.741722	1	1	5	1030
0.741762	1	1	5	1030
0.741802	1	1	5	1030
0.741842	1	1	5	1030
0.741882	1	1	5	1030
0.741922	1	1	5	1030
0.741962	1	1	5	1030
0.742002	1	1	5	1030
0.742042	1	1	5	1030
0.742082	1	1	5	1030
0.742122	1	1	5	1030
0.742162	1	1	5	1030
0.742202	1	1	5	1030
0.742242	1	1	5	1030
0.742282	1	1	5	1030
0.742322	1	1	5	1030
0.742362	1	1	5	1030
0.742402	1	1	5	1030
0.742442	1	1	5	1030
0.742482	1	1	5	1030
0.742522	1	1	5	1030
0.742562	1	1	5	1030
0.742602	1	1	5	1030
0.742642	1	1	5	1030
0.742682	1	1	5	1030
0.742722	1	1	5	1030
0.742762	1	1	5	1030
0.742802	1	1	5	1030
0.742842	1	1	5	1030
0.742882	1	1	5	1030
0.742922	1	1	5	1030
0.742962	1	1	5	1030
0.743002	1	1	5	1030
0.743042	1	1	5	1030
0.743082	1	1	5	1030
0.743122	1	1	5	1030
0.743162	1	1	5	1030
0.743202	1	1	5	1030
0.743242	1	1	5	1030
0.743282	1	1	5	1030
0.743322	1	1	5	1030
0.743362	1	1	5	1030
0.743402	1	1	5	1030
0.743442	1	1	5	1030
0.743482	1	1	5	1030
0.743522	1	1	5	1030
0.743562	1	1	5	1030
0.743602	1	1	5	1030
0.743642	1	1	5	1030
0.743682	1	1	5	1030
0.743722	1	1	5	1030
0.743762	1	1	5	1030
0.743802	1	1	5	1030
0.743842	1	1	5	1030
0.743882	1	1	5	1030
0.743922	1	1	5	1030
0.743962	1	1	5	1030
0.744002	1	1	5	1030
0.744042	1	1	5	1030
0.744082	1	1	5	1030
0.744122	1	1	5	1030
0.744162	1	1	5	1030
0.744202	1	1	5	1030
0.744242	1	1	5	1030
0.744282	1	1	5	1030
0.744322	1	1	5	1030
0.744362	1	1	5	1030
0.744402	1	1	5	1030
0.744442	1	1	5	1030
0.744482	1	1	5	1030
0.744522	1	1	5	1030
0.744562	1	1	5	1030
0.744602	1	1	5	1030
0.744642	1	1	5	1030
0.744682	1	1	5	1030
0.744722	1	1	5	1030
0.744762	1	1	5	1030
0.744802	1	1	5	1030
0.744842	1	1	5	1030
0.744882	1	1	5	1030
0.744922	1	1	5	1030
0.744962	1	1	5	1030
0.745002	1	1	5	1030
0.745042	1	1	5	1030
0.745082	1	1	5	1030
0.745122	1	1	5	1030
0.745162	1	1	5	1030
0.745202	1	1	5	1030
0.745242	1	1	5	1030
0.745282	1	1	5	1030
0.745322	1	1	5	1030
0.745362	1	1	5	1030
0.745402	1	1	5	1030
0.745442	1	1	5	1030
0.745482	1	1	5	1030
0.745522	1	1	5	1030
0.745562	1	1	5	1030
0.745602	1	1	5	1030
0.745642	1	1	5	1030
0.745682	1	1	5	1030
0.745722	1	1	5	1030
0.745762	1	1	5	1030
0.745802	1	1	5	1030
0.745842	1	1	5	1030
0.745882	1	1	5	1030
0.745922	1	1	5	1030
0.745962	1	1	5	1030
0.746002	1	1	5	1030
0.746042	1	1	5	1030
0.746082	1	1	5	1030
0.746122	1	1	5	1030
0.746162	1	1	5	1030
0.746202	1	1	5	1030
0.746242	1	1	5	1030
0.746282	1	1	5	1030
0.746322	1	1	5	1030
0.746362	1	1	5	1030
0.746402	1	1	5	1030
0.746442	1	1	5	1030
0.746482	1	1	5	1030
0.746522	1	1	5	1030
0.746562	1	1	5	1030
0.746602	1	1	5	1030
0.746642	1	1	5	1030
0.746682	1	1	5	1030
0.746722	1	1	5	1030
0.746762	1	1	5	1030
0.746802	1	1	5	1030
0.746842	1	1	5	1030
0.746882	1	1	5	1030
0.746922	1	1	5	1030
0.746962	1	1	5	1030
0.747002	1	1	5	1030
0.747042	1	1	5	1030
0.747082	1	1	5	1030
0.747122	1	1	5	1030
0.747162	1	1	5	1030
0.747202	1	1	5	1030
0.747242	1	1	5	1030
0.747282	1	1	5	1030
0.747322	1	1	5	1030
0.747362	1	1	5	1030
0.747402	1	1	5	1030
0.747442	1	1	5	1030
0.747482	1	1	5	1030
0.747522	1	1	5	1030
0.747562	1	1	5	1030
0.747602	1	1	5	1030
0.747642	1	1	5	1030
0.747682	1	1	5	1030
0.747722	1	1	5	1030
0.747762	1	1	5	1030
0.747802	1	1	5	1030
0.747842	1	1	5	1030
0.747882	1	1	5	1030
0.747922	1	1	5	1030
0.747962	1	1	5	1030
0.748002	1	1	5	1030
0.748042	1	1	5	1030
0.748082	1	1	5	1030
0.748122	1	1	5	1030
0.748162	1	1	5	1030
0.748202	1	1	5	1030
0.748242	1	1	5	1030
0.748282	1	1	5	1030
0.748322	1	1	5	1030
0.748362	1	1	5	1030
0.748402	1	1	5	1030
0.748442	1	1	5	1030
0.748482	1	1	5	1030
0.748522	1	1	5	1030
0.748562	1	1	5	1030
0.748602	1	1	5	1030
0.748642	1	1	5	1030
0.748682	1	1	5	1030
0.748722	1	1	5	1030
0.748762	1	1	5	1030
0.748802	1	1	5	1030
0.748842	1	1	5	1030
0.748882	1	1	5	1030
0.748922	1	1	5	1030
0.748962	1	1	5	1030
0.749002	1	1	5	1030
0.749042	1	1	5	1030
0.749082	1	1	5	1030
0.749122	1	1	5	1030
0.749162	1	1	5	1030
0.749202	1	1	5	1030
0.749242	1	1	5	1030
0.749282	1	1	5	1030
0.749322	1	1	5	1030
0.749362	1	1	5	1030
0.749402	1	1	5	1030
0.749442	1	1	5	1030
0.749482	1	1	5	1030
0.749522	1	1	5	1030
0.749562	1	1	5	1030
0.749602	1	1	5	1030
0.749642	1	1	5	1030
0.749682	1	1	5	1030
0.749722	1	1	5	1030
0.749762	1	1	5	1030
0.749802	1	1	5	1030
0.749842	1	1	5	1030
0.749882	1	1	5	1030
0.749922	1	1	5	1030
0.749962	1	1	5	1030
0.750002	1	1	5	1030
0.750042	1	1	5	1030
0.750082	1	1	5	1030
0.750122	1	1	5	1030
0.750162	1	1	5	1030
0.750202	1	1	5	1030
0.750242	1	1	5	1030
0.750282	1	1	5	1030
0.750322	1	1	5	1030
0.750362	1	1	5	1030
0.750402	1	1	5	1030
0.750442	1	1	5	1030
0.750482	1	1	5	1030
0.750522	1	1	5	1030
0.750562	1	1	5	1030
0.750602	1	1	5	1030
0.750642	1	1	5	1030
0.750682	1	1	5	1030
0.750722	1	1	5	1030
0.750762	1	1	5	1030
0.750802	1	1	5	1030
0.750842	1	1	5	1030
0.750882	1	1	5	1030
0.750922	1	1	5	1030
0.750962	1	1	5	1030
0.751002	1	1	5	1030
0.751042	1	1	5	1030
0.751082	1	1	5	1030
0.751122	1	1	5	1030
0.751162	1	1	5	1030
0.751202	1	1	5	1030
0.751242	1	1	5	1030
0.751282	1	1	5	1030
0.751322	1	1	5	1030
0.751362	1	1	5	1030
0.751402	1	1	5	1030
0.751442	1	1	5	1030
0.751482	1	1	5	1030
0.751522	1	1	5	1030
0.751562	1	1	5	1030
0.751602	1	1	5	1030
0.751642	1	1	5	1030
0.751682	1	1	5	1030
0.751722	1	1	5	1030
0.751762	1	1	5	1030
0.751802	1	1	5	1030
0.751842	1	1	5	1030
0.751882	1	1	5	1030
0.751922	1	1	5	1030
0.751962	1	1	5	1030
0.752002	1	1	5	1030
0.752042	1	1	5	1030
0.752082	1	1	5	1030
0.752122	1	1	5	1030
0.752162	1	1	5	1030
0.752202	1	1	5	1030
0.752242	1	1	5	1030
0.752282	1	1	5	1030
0.752322	1	1	5	1030
0.752362	1	1	5	1030
0.752402	1	1	5	1030
0.752442	1	1	5	1030
0.752482	1	1	5	1030
0.752522	1	1	5	1030
0.752562	1	1	5	1030
0.752602	1	1	5	1030
0.752642	1	1	5	1030
0.752682	1	1	5	1030
0.752722	1	1	5	1030
0.752762	1	1	5	1030
0.752802	1	1	5	1030
0.752842	1	1	5	1030
0.752882	1	1	5	1030
0.752922	1	1	5	1030
0.752962	1	1	5	1030
0.753002	1	1	5	1030
0.753042	1	1	5	1030
0.753082	1	1	5	1030
0.753122	1	1	5	1030
0.753162	1	1	5	1030
0.753202	1	1	5	1030
0.753242	1	1	5	1030
0.753282	1	1	5	1030
0.753322	1	1	5	1030
0.753362	1	1	5	1030
0.753402	1	1	5	1030
0.753442	1	1	5	1030
0.753482	1	1	5	1030
0.753522	1	1	5	1030
0.753562	1	1	5	1030
0.753602	1	1	5	1030
0.753642	1	1	5	1030
0.753682	1	1	5	1030
0.753722	1	1	5	1030
0.753762	1	1	5	1030
0.753802	1	1	5	1030
0.753842	1	1	5	1030
0.753882	1	1	5	1030
0.753922	1	1	5	1030
0.753962	1	1	5	1030
0.754002	1	1	5	1030
0.754042	1	1	5	1030
0.754082	1	1	5	1030
0.754122	1	1	5	1030
0.754162	1	1	5	1030
0.754202	1	1	5	1030
0.754242	1	1	5	1030
0.754282	1	1	5	1030
0.754322	1	1	5	1030
0.754362	1	1	5	1030
0.754402	1	1	5	1030
0.754442	1	1	5	1030
0.754482	1	1	5	1030
0.754522	1	1	5	1030
0.754562	1	1	5	1030
0.754602	1	1	5	1030
0.754642	1	1	5	1030
0.754682	1	1	5	1030
0.754722	1	1	5	1030
0.754762	1	1	5	1030
0.754802	1	1	5	1030
0.754842	1	1	5	1030
0.754882	1	1	5	1030
0.754922	1	1	5	1030
0.754962	1	1	5	1030
0.755002	1	1	5	1030
0.755042	1	1	5	1030
0.755082	1	1	5	1030
0.755122	1	1	5	1030
0.755162	1	1	5	1030
0.755202	1	1	5	1030
0.755242	1	1	5	1030
0.755282	1	1	5	1030
0.755322	1	1	5	1030
0.755362	1	1	5	1030
0.755402	1	1	5	1030
0.755442	1	1	5	1030
0.755482	1	1	5	1030
0.755522	1	1	5	1030
0.755562	1	1	5	1030
0.755602	1	1	5	1030
0.755642	1	1	5	1030
0.755682	1	1	5	1030
0.755722	1	1	5	1030
0.755762	1	1	5	1030
0.755802	1	1	5	1030
0.755842	1	1	5	1030
0.755882	1	1	5	1030
0.755922	1	1	5	1030
0.755962	1	1	5	1030
0.756002	1	1	5	1030
0.756042	1	1	5	1030
0.756082	1	1	5	1030
0.756122	1	1	5	1030
0.756162	1	1	5	1030
0.756202	1	1	5	1030
0.756242	1	1	5	1030
0.756282	1	1	5	1030
0.756322	1	1	5	1030
0.756362	1	1	5	1030
0.756402	1	1	5	1030
0.756442	1	1	5	1030
0.756482	1	1	5	1030
0.756522	1	1	5	1030
0.756562	1	1	5	1030
0.756602	1	1	5	1030
0.756642	1	1	5	1030
0.756682	1	1	5	1030
0.756722	1	1	5	1030
0.756762	1	1	5	1030
0.756802	1	1	5	1030
0.756842	1	1	5	1030
0.756882	1	1	5	1030
0.756922	1	1	5	1030
0.756962	1	1	5	1030
0.757002	1	1	5	1030
0.757042	1	1	5	1030
0.757082	1	1	5	1030
0.757122	1	1	5	1030
0.757162	1	1	5	1030
0.757202	1	1	5	1030
0.757242	1	1	5	1030
0.757282	1	1	5	1030
0.757322	1	1	5	1030
0.757362	1	1	5	1030
0.757402	1	1	5	1030
0.757442	1	1	5	1030
0.757482	1	1	5	1030
0.757522	1	1	5	1030
0.757562	1	1	5	1030
0.757602	1	1	5	1030
0.757642	1	1	5	1030
0.757682	1	1	5	1030
0.757722	1	1	5	1030
0.757762	1	1	5	1030
0.757802	1	1	5	1030
0.757842	1	1	5	1030
0.757882	1	1	5	1030
0.757922	1	1	5	1030
0.757962	1	1	5	1030
0.758002	1	1	5	1030
0.758042	1	1	5	1030
0.758082	1	1	5	1030
0.758122	1	1	5	1030
0.758162	1	1	5	1030
0.758202	1	1	5	1030
0.758242	1	1	5	1030
0.758282	1	1	5	1030
0.758322	1	1	5	1030
0.758362	1	1	5	1030
0.758402	1	1	5	1030
0.758442	1	1	5	1030
0.758482	1	1	5	1030
0.758522	1	1	5	1030
0.758562	1	1	5	1030
0.758602	1	1	5	1030
0.758642	1	1	5	1030
0.758682	1	1	5	1030
0.758722	1	1	5	1030
0.758762	1	1	5	1030
0.758802	1	1	5	1030
0.758842	1	1	5	1030
0.758882	1	1	5	1030
0.758922	1	1	5	1030
0.758962	1	1	5	1030
0.759002	1	1	5	1030
0.759042	1	1	5	1030
0.759082	1	1	5	1030
0.759122	1	1	5	1030
0.759162	1	1	5	1030
0.759202	1	1	5	1030
0.759242	1	1	5	1030
0.759282	1	1	5	1030
0.759322	1	1	5	1030
0.759362	1	1	5	1030
0.759402	1	1	5	1030
0.759442	1	1	5	1030
0.759482	1	1	5	1030
0.759522	1	1	5	1030
0.759562	1	1	5	1030
0.759602	1	1	5	1030
0.759642	1	1	5	1030
0.759682	1	1	5	1030
0.759722	1	1	5	1030
0.759762	1	1	5	1030
0.759802	1	1	5	1030
0.759842	1	1	5	1030
0.759882	1	1	5	1030
0.759922	1	1	5	1030
0.759962	1	1	5	1030
0.760002	1	1	5	1030
0.760042	1	1	5	1030
0.760082	1	1	5	1030
0.760122	1	1	5	1030
0.760162	1	1	5	1030
0.760202	1	1	5	1030
0.760242	1	1	5	1030
0.760282	1	1	5	1030
0.760322	1	1	5	1030
0.760362	1	1	5	1030
0.760402	1	1	5	1030
0.760442	1	1	5	1030
0.760482	1	1	5	1030
0.760522	1	1	5	1030
0.760562	1	1	5	1030
0.760602	1	1	5	1030
0.760642	1	1	5	1030
0.760682	1	1	5	1030
0.760722	1	1	5	1030
0.760762	1	1	5	1030
0.760802	1	1	5	1030
0.760842	1	1	5	1030
0.760882	1	1	5	1030
0.760922	1	1	5	1030
0.760962	1	1	5	1030
0.761002	1	1	5	1030
0.761042	1	1	5	1030
0.761082	1	1	5	1030
0.761122	1	1	5	1030
0.761162	1	1	5	1030
0.761202	1	1	5	1030
0.761242	1	1	5	1030
0.761282	1	1	5	1030
0.761322	1	1	5	1030
0.761362	1	1	5	1030
0.761402	1	1	5	1030
0.761442	1	1	5	1030
0.761482	1	1	5	1030
0.761522	1	1	5	1030
0.761562	1	1	5	1030
0.761602	1	1	5	1030
0.761642	1	1	5	1030
0.761682	1	1	5	1030
0.761722	1	1	5	1030
0.761762	1	1	5	1030
0.761802	1	1	5	1030
0.761842	1	1	5	1030
0.761882	1	1	5	1030
0.761922	1	1	5	1030
0.761962	1	1	5	1030
0.762002	1	1	5	1030
0.762042	1	1	5	1030
0.762082	1	1	5	1030
0.762122	1	1	5	1030
0.762162	1	1	5	1030
0.762202	1	1	5	1030
0.762242	1	1	5	1030
0.762282	1	1	5	1030
0.762322	1	1	5	1030
0.762362	1	1	5	1030
0.762402	1	1	5	1030
0.762442	1	1	5	1030
0.762482	1	1	5	1030
0.762522	1	1	5	1030
0.762562	1	1	5	1030
0.762602	1	1	5	1030
0.762642	1	1	5	1030
0.762682	1	1	5	1030
0.762722	1	1	5	1030
0.762762	1	1	5	1030
0.762802	1	1	5	1030
0.762842	1	1	5	1030
0.762882	1	1	5	1030
0.762922	1	1	5	1030
0.762962	1	1	5	1030
0.763002	1	1	5	1030
0.763042	1	1	5	1030
0.763082	1	1	5	1030
0.763122	1	1	5	1030
0.763162	1	1	5	1030
0.763202	1	1	5	1030
0.763242	1	1	5	1030
0.763282	1	1	5	1030
0.763322	1	1	5	1030
0.763362	1	1	5	1030
0.763402	1	1	5	1030
0.763442	1	1	5	1030
0.763482	1	1	5	1030
0.763522	1	1	5	1030
0.763562	1	1	5	1030
0.763602	1	1	5	1030
0.763642	1	1	5	1030
0.763682	1	1	5	1030
0.763722	1	1	5	1030
0.763762	1	1	5	1030
0.763802	1	1	5	1030
0.763842	1	1	5	1030
0.763882	1	1	5	1030
0.763922	1	1	5	1030
0.763962	1	1	5	1030
0.764002	1	1	5	1030
0.764042	1	1	5	1030
0.764082	1	1	5	1030
0.764122	1	1	5	1030
0.764162	1	1	5	1030
0.764202	1	1	5	1030
0.764242	1	1	5	1030
0.764282	1	1	5	1030
0.764322	1	1	5	1030
0.764362	1	1	5	1030
0.764402	1	1	5	1030
0.764442	1	1	5	1030
0.764482	1	1	5	1030
0.764522	1	1	5	1030
0.764562	1	1	5	1030
0.764602	1	1	5	1030
0.764642	1	1	5	1030
0.764682	1	1	5	1030
0.764722	1	1	5	1030
0.764762	1	1	5	1030
0.764802	1	1	5	1030
0.764842	1	1	5	1030
0.764882	1	1	5	1030
0.764922	1	1	5	1030
0.764962	1	1	5	1030
0.765002	1	1	5	1030
0.765042	1	1	5	1030
0.765082	1	1	5	1030
0.765122	1	1	5	1030
0.765162	1	1	5	1030
0.765202	1	1	5	1030
0.765242	1	1	5	1030
0.765282	1	1	5	1030
0.765322	1	1	5	1030
0.765362	1	1	5	1030
0.765402	1	1	5	1030
0.765442	1	1	5	1030
0.765482	1	1	5	1030
0.765522	1	1	5	1030
0.765562	1	1	5	1030
0.765602	1	1	5	1030
0.765642	1	1	5	1030
0.765682	1	1	5	1030
0.765722	1	1	5	1030
0.765762	1	1	5	1030
0.765802	1	1	5	1030
0.765842	1	1	5	1030
0.765882	1	1	5	1030
0.765922	1	1	5	1030
0.765962	1	1	5	1030
0.766002	1	1	5	1030
0.766042	1	1	5	1030
0.766082	1	1	5	1030
0.766122	1	1	5	1030
0.766162	1	1	5	1030
0.766202	1	1	5	1030
0.766242	1	1	5	1030
0.766282	1	1	5	1030
0.766322	1	1	5	1030
0.766362	1	1	5	1030
0.766402	1	1	5	1030
0.766442	1	1	5	1030
0.766482	1	1	5	1030
0.766522	1	1	5	1030
0.766562	1	1	5	1030
0.766602	1	1	5	1030
0.766642	1	1	5	1030
0.766682	1	1	5	1030
0.766722	1	1	5	1030
0.766762	1	1	5	1030
0.766802	1	1	5	1030
0.766842	1	1	5	1030
0.766882	1	1	5	1030
0.766922	1	1	5	1030
0.766962	1	1	5	1030
0.767002	1	1	5	1030
0.767042	1	1	5	1030
0.767082	1	1	5	1030
0.767122	1	1	5	1030
0.767162	1	1	5	1030
0.767202	1	1	5	1030
0.767242	1	1	5	1030
0.767282	1	1	5	1030
0.767322	1	1	5	1030
0.767362	1	1	5	1030
0.767402	1	1	5	1030
0.767442	1	1	5	1030
0.767482	1	1	5	1030
0.767522	1	1	5	1030
0.767562	1	1	5	1030
0.767602	1	1	5	1030
0.767642	1	1	5	1030
0.767682	1	1	5	1030
0.767722	1	1	5	1030
0.767762	1	1	5	1030
0.767802	1	1	5	1030
0.767842	1	1	5	1030
0.767882	1	1	5	1030
0.767922	1	1	5	1030
0.767962	1	1	5	1030
0.768002	1	1	5	1030
0.768042	1	1	5	1030
0.768082	1	1	5	1030
0.768122	1	1	5	1030
0.768162	1	1	5	1030
0.768202	1	1	5	1030
0.768242	1	1	5	1030
0.768282	1	1	5	1030
0.768322	1	1	5	1030
0.768362	1	1	5	1030
0.768402	1	1	5	1030
0.768442	1	1	5	1030
0.768482	1	1	5	1030
0.768522	1	1	5	1030
0.768562	1	1	5	1030
0.768602	1	1	5	1030
0.768642	1	1	5	1030
0.768682	1	1	5	1030
0.768722	1	1	5	1030
0.768762	1	1	5	1030
0.768802	1	1	5	1030
0.768842	1	1	5	1030
0.768882	1	1	5	1030
0.768922	1	1	5	1030
0.768962	1	1	5	1030
0.769002	1	1	5	1030
0.769042	1	1	5	1030
0.769082	1	1	5	1030
0.769122	1	1	5	1030
0.769162	1	1	5	1030
0.769202	1	1	5	1030
0.769242	1	1	5	1030
0.769282	1	1	5	1030
0.769322	1	1	5	1030
0.769362	1	1	5	1030
0.769402	1	1	5	1030
0.769442	1	1	5	1030
0.769482	1	1	5	1030
0.769522	1	1	5	1030
0.769562	1	1	5	1030
0.769602	1	1	5	1030
0.769642	1	1	5	1030
0.769682	1	1	5	1030
0.769722	1	1	5	1030
0.769762	1	1	5	1030
0.769802	1	1	5	1030
0.769842	1	1	5	1030
0.769882	1	1	5	1030
0.769922	1	1	5	1030
0.769962	1	1	5	1030
0.770002	1	1	5	1030
0.770042	1	1	5	1030
0.770082	1	1	5	1030
0.770122	1	1	5	1030
0.770162	1	1	5	1030
0.770202	1	1	5	1030
0.770242	1	1	5	1030
0.770282	1	1	5	1030
0.770322	1	1	5	1030
0.770362	1	1	5	1030
0.770402	1	1	5	1030
0.770442	1	1	5	1030
0.770482	1	1	5	1030
0.770522	1	1	5	1030
0.770562	1	1	5	1030
0.770602	1	1	5	1030
0.770642	1	1	5	1030
0.770682	1	1	5	1030
0.770722	1	1	5	1030
0.770762	1	1	5	1030
0.770802	1	1	5	1030
0.770842	1	1	5	1030
0.770882	1	1	5	1030
0.770922	1	1	5	1030
0.770962	1	1	5	1030
0.771002	1	1	5	1030
0.771042	1	1	5	1030
0.771082	1	1	5	1030
0.771122	1	1	5	1030
0.771162	1	1	5	1030
0.771202	1	1	5	1030
0.771242	1	1	5	1030
0.771282	1	1	5	1030
0.771322	1	1	5	1030
0.771362	1	1	5	1030
0.771402	1	1	5	1030
0.771442	1	1	5	1030
0.771482	1	1	5	1030
0.771522	1	1	5	1030
0.771562	1	1	5	1030
0.771602	1	1	5	1030
0.771642	1	1	5	1030
0.771682	1	1	5	1030
0.771722	1	1	5	1030
0.771762	1	1	5	1030
0.771802	1	1	5	1030
0.771842	1	1	5	1030
0.771882	1	1	5	1030
0.771922	1	1	5	1030
0.771962	1	1	5	1030
0.772002	1	1	5	1030
0.772042	1	1	5	1030
0.772082	1	1	5	1030
0.772122	1	1	5	1030
0.772162	1	1	5	1030
0.772202	1	1	5	1030
0.772242	1	1	5	1030
0.772282	1	1	5	1030
0.772322	1	1	5	1030
0.772362	1	1	5	1030
0.772402	1	1	5	1030
0.772442	1	1	5	1030
0.772482	1	1	5	1030
0.772522	1	1	5	1030
0.772562	1	1	5	1030
0.772602	1	1	5	1030
0.772642	1	1	5	1030
0.772682	1	1	5	1030
0.772722	1	1	5	1030
0.772762	1	1	5	1030
0.772802	1	1	5	1030
0.772842	1	1	5	1030
0.772882	1	1	5	1030
0.772922	1	1	5	1030
0.772962	1	1	5	1030
0.773002	1	1	5	1030
0.773042	1	1	5	1030
0.773082	1	1	5	1030
0.773122	1	1	5	1030
0.773162	1	1	5	1030
0.773202	1	1	5	1030
0.773242	1	1	5	1030
0.773282	1	1	5	1030
0.773322	1	1	5	1030
0.773362	1	1	5	1030
0.773402	1	1	5	1030
0.773442	1	1	5	1030
0.773482	1	1	5	1030
0.773522	1	1	5	1030
0.773562	1	1	5	1030
0.773602	1	1	5	1030
0.773642	1	1	5	1030
0.773682	1	1	5	1030
0.773722	1	1	5	1030
0.773762	1	1	5	1030
0.773802	1	1	5	1030
0.773842	1	1	5	1030
0.773882	1	1	5	1030
0.773922	1	1	5	1030
0.773962	1	1	5	1030
0.774002	1	1	5	1030
0.774042	1	1	5	1030
0.774082	1	1	5	1030
0.774122	1	1	5	1030
0.774162	1	1	5	1030
0.774202	1	1	5	1030
0.774242	1	1	5	1030
0.774282	1	1	5	1030
0.774322	1	1	5	1030
0.774362	1	1	5	1030
0.774402	1	1	5	1030
0.774442	1	1	5	1030
0.774482	1	1	5	1030
0.774522	1	1	5	1030
0.774562	1	1	5	1030
0.774602	1	1	5	1030
0.774642	1	1	5	1030
0.774682	1	1	5	1030
0.774722	1	1	5	1030
0.774762	1	1	5	1030
0.774802	1	1	5	1030
0.774842	1	1	5	1030
0.774882	1	1	5	1030
0.774922	1	1	5	1030
0.774962	1	1	5	1030
0.775002	1	1	5	1030
0.775042	1	1	5	1030
0.775082	1	1	5	1030
0.775122	1	1	5	1030
0.775162	1	1	5	1030
0.775202	1	1	5	1030
0.775242	1	1	5	1030
0.775282	1	1	5	1030
0.775322	1	1	5	1030
0.775362	1	1	5	1030
0.775402	1	1	5	1030
0.775442	1	1	5	1030
0.775482	1	1	5	1030
0.775522	1	1	5	1030
0.775562	1	1	5	1030
0.775602	1	1	5	1030
0.775642	1	1	5	1030
0.775682	1	1	5	1030
0.775722	1	1	5	1030
0.775762	1	1	5	1030
0.775802	1	1	5	1030
0.775842	1	1	5	1030
0.775882	1	1	5	1030
0.775922	1	1	5	1030
0.775962	1	1	5	1030
0.776002	1	1	5	1030
0.776042	1	1	5	1030
0.776082	1	1	5	1030
0.776122	1	1	5	1030
0.776162	1	1	5	1030
0.776202	1	1	5	1030
0.776242	1	1	5	1030
0.776282	1	1	5	1030
0.776322	1	1	5	1030
0.776362	1	1	5	1030
0.776402	1	1	5	1030
0.776442	1	1	5	1030
0.776482	1	1	5	1030
0.776522	1	1	5	1030
0.776562	1	1	5	1030
0.776602	1	1	5	1030
0.776642	1	1	5	1030
0.776682	1	1	5	1030
0.776722	1	1	5	1030
0.776762	1	1	5	1030
0.776802	1	1	5	1030
0.776842	1	1	5	1030
0.776882	1	1	5	1030
0.776922	1	1	5	1030
0.776962	1	1	5	1030
0.777002	1	1	5	1030
0.777042	1	1	5	1030
0.777082	1	1	5	1030
0.777122	1	1	5	1030
0.777162	1	1	5	1030
0.777202	1	1	5	1030
0.777242	1	1	5	1030
0.777282	1	1	5	1030
0.777322	1	1	5	1030
0.777362	1	1	5	1030
0.777402	1	1	5	1030
0.777442	1	1	5	1030
0.777482	1	1	5	1030
0.777522	1	1	5	1030
0.777562	1	1	5	1030
0.777602	1	1	5	1030
0.777642	1	1	5	1030
0.777682	1	1	5	1030
0.777722	1	1	5	1030
0.777762	1	1	5	1030
0.777802	1	1	5	1030
0.777842	1	1	5	1030
0.777882	1	1	5	1030
0.777922	1	1	5	1030
0.777962	1	1	5	1030
0.778002	1	1	5	1030
0.778042	1	1	5	1030
0.778082	1	1	5	1030
0.778122	1	1	5	1030
0.778162	1	1	5	1030
0.778202	1	1	5	1030
0.778242	1	1	5	1030
0.778282	1	1	5	1030
0.778322	1	1	5	1030
0.778362	1	1	5	1030
0.778402	1	1	5	1030
0.778442	1	1	5	1030
0.778482	1	1	5	1030
0.778522	1	1	5	1030
0.778562	1	1	5	1030
0.778602	1	1	5	1030
0.778642	1	1	5	1030
0.778682	1	1	5	1030
0.778722	1	1	5	1030
0.778762	1	1	5	1030
0.778802	1	1	5	1030
0.778842	1	1	5	1030
0.778882	1	1	5	1030
0.778922	1	1	5	1030
0.778962	1	1	5	1030
0.779002	1	1	5	1030
0.779042	1	1	5	1030
0.779082	1	1	5	1030
0.779122	1	1	5	1030
0.779162	1	1	5	1030
0.779202	1	1	5	1030
0.779242	1	1	5	1030
0.779282	1	1	5	1030
0.779322	1	1	5	1030
0.779362	1	1	5	1030
0.779402	1	1	5	1030
0.779442	1	1	5	1030
0.779482	1	1	5	1030
0.779522	1	1	5	1030
0.779562	1	1	5	1030
0.779602	1	1	5	1030
0.779642	1	1	5	1030
0.779682	1	1	5	1030
0.779722	1	1	5	1030
0.779762	1	1	5	1030
0.779802	1	1	5	1030
0.779842	1	1	5	1030
0.779882	1	1	5	1030
0.779922	1	1	5	1030
0.779962	1	1	5	1030
0.780002	1	1	5	1030
0.780042	1	1	5	1030
0.780082	1	1	5	1030
0.780122	1	1	5	1030
0.780162	1	1	5	1030
0.780202	1	1	5	1030
0.780242	1	1	5	1030
0.780282	1	1	5	1030
0.780322	1	1	5	1030
0.780362	1	1	5	1030
0.780402	1	1	5	1030
0.780442	1	1	5	1030
0.780482	1	1	5	1030
0.780522	1	1	5	1030
0.780562	1	1	5	1030
0.780602	1	1	5	1030
0.780642	1	1	5	1030
0.780682	1	1	5	1030
0.780722	1	1	5	1030
0.780762	1	1	5	1030
0.780802	1	1	5	1030
0.780842	1	1	5	1030
0.780882	1	1	5	1030
0.780922	1	1	5	1030
0.780962	1	1	5	1030
0.781002	1	1	5	1030
0.781042	1	1	5	1030
0.781082	1	1	5	1030
0.781122	1	1	5	1030
0.781162	1	1	5	1030
0.781202	1	1	5	1030
0.781242	1	1	5	1030
0.781282	1	1	5	1030
0.781322	1	1	5	1030
0.781362	1	1	5	1030
0.781402	1	1	5	1030
0.781442	1	1	5	1030
0.781482	1	1	5	1030
0.781522	1	1	5	1030
0.781562	1	1	5	1030
0.781602	1	1	5	1030
0.781642	1	1	5	1030
0.781682	1	1	5	1030
0.781722	1	1	5	1030
0.781762	1	1	5	1030
0.781802	1	1	5	1030
0.781842	1	1	5	1030
0.781882	1	1	5	1030
0.781922	1	1	5	1030
0.781962	1	1	5	1030
0.782002	1	1	5	1030
0.782042	1	1	5	1030
0.782082	1	1	5	1030
0.782122	1	1	5	1030
0.782162	1	1	5	1030
0.782202	1	1	5	1030
0.782242	1	1	5	1030
0.782282	1	1	5	1030
0.782322	1	1	5	1030
0.782362	1	1	5	1030
0.782402	1	1	5	1030
0.782442	1	1	5	1030
0.782482	1	1	5	1030
0.782522	1	1	5	1030
0.782562	1	1	5	1030
0.782602	1	1	5	1030
0.782642	1	1	5	1030
0.782682	1	1	5	1030
0.782722	1	1	5	1030
0.782762	1	1	5	1030
0.782802	1	1	5	1030
0.782842	1	1	5	1030
0.782882	1	1	5	1030
0.782922	1	1	5	1030
0.782962	1	1	5	1030
0.783002	1	1	5	1030
0.783042	1	1	5	1030
0.783082	1	1	5	1030
0.783122	1	1	5	1030
0.783162	1	1	5	1030
0.783202	1	1	5	1030
0.783242	1	1	5	1030
0.783282	1	1	5	1030
0.783322	1	1	5	1030
0.783362	1	1	5	1030
0.783402	1	1	5	1030
0.783442	1	1	5	1030
0.783482	1	1	5	1030
0.783522	1	1	5	1030
0.783562	1	1	5	1030
0.783602	1	1	5	1030
0.783642	1	1	5	1030
0.783682	1	1	5	1030
0.783722	1	1	5	1030
0.783762	1	1	5	1030
0.783802	1	1	5	1030
0.783842	1	1	5	1030
0.783882	1	1	5	1030
0.783922	1	1	5	1030
0.783962	1	1	5	1030
0.784002	1	1	5	1030
0.784042	1	1	5	1030
0.784082	1	1	5	1030
0.784122	1	1	5	1030
0.784162	1	1	5	1030
0.784202	1	1	5	1030
0.784242	1	1	5	1030
0.784282	1	1	5	1030
0.784322	1	1	5	1030
0.784362	1	1	5	1030
0.784402	1	1	5	1030
0.784442	1	1	5	1030
0.784482	1	1	5	1030
0.784522	1	1	5	1030
0.784562	1	1	5	1030
0.784602	1	1	5	1030
0.784642	1	1	5	1030
0.784682	1	1	5	1030
0.784722	1	1	5	1030
0.784762	1	1	5	1030
0.784802	1	1	5	1030
0.784842	1	1	5	1030
0.784882	1	1	5	1030
0.784922	1	1	5	1030
0.784962	1	1	5	1030
0.785002	1	1	5	1030
0.785042	1	1	5	1030
0.785082	1	1	5	1030
0.785122	1	1	5	1030
0.785162	1	1	5	1030
0.785202	1	1	5	1030
0.785242	1	1	5	1030
0.785282	1	1	5	1030
0.785322	1	1	5	1030
0.785362	1	1	5	1030
0.785402	1	1	5	1030
0.785442	1	1	5	1030
0.785482	1	1	5	1030
0.785522	1	1	5	1030
0.785562	1	1	5	1030
0.785602	1	1	5	1030
0.785642	1	1	5	1030
0.785682	1	1	5	1030
0.785722	1	1	5	1030
0.785762	1	1	5	1030
0.785802	1	1	5	1030
0.785842	1	1	5	1030
0.785882	1	1	5	1030
0.785922	1	1	5	1030
0.785962	1	1	5	1030
0.786002	1	1	5	1030
0.786042	1	1	5	1030
0.786082	1	1	5	1030
0.786122	1	1	5	1030
0.786162	1	1	5	1030
0.786202	1	1	5	1030
0.786242	1	1	5	1030
0.786282	1	1	5	1030
0.786322	1	1	5	1030
0.786362	1	1	5	1030
0.786402	1	1	5	1030
0.786442	1	1	5	1030
0.786482	1	1	5	1030
0.786522	1	1	5	1030
0.786562	1	1	5	1030
0.786602	1	1	5	1030
0.786642	1	1	5	1030
0.786682	1	1	5	1030
0.786722	1	1	5	1030
0.786762	1	1	5	1030
0.786802	1	1	5	1030
0.786842	1	1	5	1030
0.786882	1	1	5	1030
0.786922	1	1	5	1030
0.786962	1	1	5	1030
0.787002	1	1	5	1030
0.787042	1	1	5	1030
0.787082	1	1	5	1030
0.787122	1	1	5	1030
0.787162	1	1	5	1030
0.787202	1	1	5	1030
0.787242	1	1	5	1030
0.787282	1	1	5	1030
0.787322	1	1	5	1030
0.787362	1	1	5	1030
0.787402	1	1	5	1030
0.787442	1	1	5	1030
0.787482	1	1	5	1030
0.787522	1	1	5	1030
0.787562	1	1	5	1030
0.787602	1	1	5	1030
0.787642	1	1	5	1030
0.787682	1	1	5	1030
0.787722	1	1	5	1030
0.787762	1	1	5	1030
0.787802	1	1	5	1030
0.787842	1	1	5	1030
0.787882	1	1	5	1030
0.787922	1	1	5	1030
0.787962	1	1	5	1030
0.788002	1	1	5	1030
0.788042	1	1	5	1030
0.788082	1	1	5	1030
0.788122	1	1	5	1030
0.788162	1	1	5	1030
0.788202	1	1	5	1030
0.788242	1	1	5	1030
0.788282	1	1	5	1030
0.788322	1	1	5	1030
0.788362	1	1	5	1030
0.788402	1	1	5	1030
0.788442	1	1	5	1030
0.788482	1	1	5	1030
0.788522	1	1	5	1030
0.788562	1	1	5	1030
0.788602	1	1	5	1030
0.788642	1	1	5	1030
0.788682	1	1	5	1030
0.788722	1	1	5	1030
0.788762	1	1	5	1030
0.788802	1	1	5	1030
0.788842	1	1	5	1030
0.788882	1	1	5	1030
0.788922	1	1	5	1030
0.788962	1	1	5	1030
0.789002	1	1	5	1030
0.789042	1	1	5	1030
0.789082	1	1	5	1030
0.789122	1	1	5	1030
0.789162	1	1	5	1030
0.789202	1	1	5	1030
0.789242	1	1	5	1030
0.789282	1	1	5	1030
0.789322	1	1	5	1030
0.789362	1	1	5	1030
0.789402	1	1	5	1030
0.789442	1	1	5	1030
0.789482	1	1	5	1030
0.789522	1	1	5	1030
0.789562	1	1	5	1030
0.789602	1	1	5	1030
0.789642	1	1	5	1030
0.789682	1	1	5	1030
0.789722	1	1	5	1030
0.789762	1	1	5	1030
0.789802	1	1	5	1030
0.789842	1	1	5	1030
0.789882	1	1	5	1030
0.789922	1	1	5	1030
0.789962	1	1	5	1030
0.790002	1	1	5	1030
0.790042	1	1	5	1030
0.790082	1	1	5	1030
0.790122	1	1	5	1030
0.790162	1	1	5	1030
0.790202	1	1	5	1030
0.790242	1	1	5	1030
0.790282	1	1	5	1030
0.790322	1	1	5	1030
0.790362	1	1	5	1030
0.790402	1	1	5	1030
0.790442	1	1	5	1030
0.790482	1	1	5	1030
0.790522	1	1	5	1030
0.790562	1	1	5	1030
0.790602	1	1	5	1030
0.790642	1	1	5	1030
0.790682	1	1	5	1030
0.790722	1	1	5	1030
0.790762	1	1	5	1030
0.790802	1	1	5	1030
0.790842	1	1	5	1030
0.790882	1	1	5	1030
0.790922	1	1	5	1030
0.790962	1	1	5	1030
0.791002	1	1	5	1030
0.791042	1	1	5	1030
0.791082	1	1	5	1030
0.791122	1	1	5	1030
0.791162	1	1	5	1030
0.791202	1	1	5	1030
0.791242	1	1	5	1030
0.791282	1	1	5	1030
0.791322	1	1	5	1030
0.791362	1	1	5	1030
0.791402	1	1	5	1030
0.791442	1	1	5	1030
0.791482	1	1	5	1030
0.791522	1	1	5	1030
0.791562	1	1	5	1030
0.791602	1	1	5	1030
0.791642	1	1	5	1030
0.791682	1	1	5	1030
0.791722	1	1	5	1030
0.791762	1	1	5	1030
0.791802	1	1	5	1030
0.791842	1	1	5	1030
0.791882	1	1	5	1030
0.791922	1	1	5	1030
0.791962	1	1	5	1030
0.792002	1	1	5	1030
0.792042	1	1	5	1030
0.792082	1	1	5	1030
0.792122	1	1	5	1030
0.792162	1	1	5	1030
0.792202	1	1	5	1030
0.792242	1	1	5	1030
0.792282	1	1	5	1030
0.792322	1	1	5	1030
0.792362	1	1	5	1030
0.792402	1	1	5	1030
0.792442	1	1	5	1030
0.792482	1	1	5	1030
0.792522	1	1	5	1030
0.792562	1	1	5	1030
0.792602	1	1	5	1030
0.792642	1	1	5	1030
0.792682	1	1	5	1030
0.792722	1	1	5	1030
0.792762	1	1	5	1030
0.792802	1	1	5	1030
0.792842	1	1	5	1030
0.792882	1	1	5	1030
0.792922	1	1	5	1030
0.792962	1	1	5	1030
0.793002	1	1	5	1030
0.793042	1	1	5	1030
0.793082	1	1	5	1030
0.793122	1	1	5	1030
0.793162	1	1	5	1030
0.793202	1	1	5	1030
0.793242	1	1	5	1030
0.793282	1	1	5	1030
0.793322	1	1	5	1030
0.793362	1	1	5	1030
0.793402	1	1	5	1030
0.793442	1	1	5	1030
0.793482	1	1	5	1030
0.793522	1	1	5	1030
0.793562	1	1	5	1030
0.793602	1	1	5	1030
0.793642	1	1	5	1030
0.793682	1	1	5	1030
0.793722	1	1	5	1030
0.793762	1	1	5	1030
0.793802	1	1	5	1030
0.793842	1	1	5	1030
0.793882	1	1	5	1030
0.793922	1	1	5	1030
0.793962	1	1	5	1030
0.794002	1	1	5	1030
0.794042	1	1	5	1030
0.794082	1	1	5	1030
0.794122	1	1	5	1030
0.794162	1	1	5	1030
0.794202	1	1	5	1030
0.794242	1	1	5	1030
0.794282	1	1	5	1030
0.794322	1	1	5	1030
0.794362	1	1	5	1030
0.794402	1	1	5	1030
0.794442	1	1	5	1030
0.794482	1	1	5	1030
0.794522	1	1	5	1030
0.794562	1	1	5	1030
0.794602	1	1	5	1030
0.794642	1	1	5	1030
0.794682	1	1	5	1030
0.794722	1	1	5	1030
0.794762	1	1	5	1030
0.794802	1	1	5	1030
0.794842	1	1	5	1030
0.794882	1	1	5	1030
0.794922	1	1	5	1030
0.794962	1	1	5	1030
0.795002	1	1	5	1030
0.795042	1	1	5	1030
0.795082	1	1	5	1030
0.795122	1	1	5	1030
0.795162	1	1	5	1030
0.795202	1	1	5	1030
0.795242	1	1	5	1030
0.795282	1	1	5	1030
0.795322	1	1	5	1030
0.795362	1	1	5	1030
0.795402	1	1	5	1030
0.795442	1	1	5	1030
0.795482	1	1	5	1030
0.795522	1	1	5	1030
0.795562	1	1	5	1030
0.795602	1	1	5	1030
0.795642	1	1	5	1030
0.795682	1	1	5	1030
0.795722	1	1	5	1030
0.795762	1	1	5	1030
0.795802	1	1	5	1030
0.795842	1	1	5	1030
0.795882	1	1	5	1030
0.795922	1	1	5	1030
0.795962	1	1	5	1030
0.796002	1	1	5	1030
0.796042	1	1	5	1030
0.796082	1	1	5	1030
0.796122	1	1	5	1030
0.796162	1	1	5	1030
0.796202	1	1	5	1030
0.796242	1	1	5	1030
0.796282	1	1	5	1030
0.796322	1	1	5	1030
0.796362	1	1	5	1030
0.796402	1	1	5	1030
0.796442	1	1	5	1030
0.796482	1	1	5	1030
0.796522	1	1	5	1030
0.796562	1	1	5	1030
0.796602	1	1	5	1030
0.796642	1	1	5	1030
0.796682	1	1	5	1030
0.796722	1	1	5	1030
0.796762	1	1	5	1030
0.796802	1	1	5	1030
0.796842	1	1	5	1030
0.796882	1	1	5	1030
0.796922	1	1	5	1030
0.796962	1	1	5	1030
0.797002	1	1	5	1030
0.797042	1	1	5	1030
0.797082	1	1	5	1030
0.797122	1	1	5	1030
0.797162	1	1	5	1030
0.797202	1	1	5	1030
0.797242	1	1	5	1030
0.797282	1	1	5	1030
0.797322	1	1	5	1030
0.797362	1	1	5	1030
0.797402	1	1	5	1030
0.797442	1	1	5	1030
0.797482	1	1	5	1030
0.797522	1	1	5	1030
0.797562	1	1	5	1030
0.797602	1	1	5	1030
0.797642	1	1	5	1030
0.797682	1	1	5	1030
0.797722	1	1	5	1030
0.797762	1	1	5	1030
0.797802	1	1	5	1030
0.797842	1	1	5	1030
0.797882	1	1	5	1030
0.797922	1	1	5	1030
0.797962	1	1	5	1030
0.798002	1	1	5	1030
0.798042	1	1	5	1030
0.798082	1	1	5	1030
0.798122	1	1	5	1030
0.798162	1	1	5	1030
0.798202	1	1	5	1030
0.798242	1	1	5	1030
0.798282	1	1	5	1030
0.798322	1	1	5	1030
0.798362	1	1	5	1030
0.798402	1	1	5	1030
0.798442	1	1	5	1030
0.798482	1	1	5	1030
0.798522	1	1	5	1030
0.798562	1	1	5	1030
0.798602	1	1	5	1030
0.798642	1	1	5	1030
0.798682	1	1	5	1030
0.798722	1	1	5	1030
0.798762	1	1	5	1030
0.798802	1	1	5	1030
0.798842	1	1	5	1030
0.798882	1	1	5	1030
0.798922	1	1	5	1030
0.798962	1	1	5	1030
0.799002	1	1	5	1030
0.799042	1	1	5	1030
0.799082	1	1	5	1030
0.799122	1	1	5	1030
0.799162	1	1	5	1030
0.799202	1	1	5	1030
0.799242	1	1	5	1030
0.799282	1	1	5	1030
0.799322	1	1	5	1030
0.799362	1	1	5	1030
0.799402	1	1	5	1030
0.799442	1	1	5	1030
0.799482	1	1	5	1030
0.799522	1	1	5	1030
0.799562	1	1	5	1030
0.799602	1	1	5	1030
0.799642	1	1	5	1030
0.799682	1	1	5	1030
0.799722	1	1	5	1030
0.799762	1	1	5	1030
0.799802	1	1	5	1030
0.799842	1	1	5	1030
0.799882	1	1	5	1030
0.799922	1	1	5	1030
0.799962	1	1	5	1030
0.800002	1	1	5	1030
0.800042	1	1	5	1030
0.800082	1	1	5	1030
0.800122	1	1	5	1030
0.800162	1	1	5	1030
0.800202	1	1	5	1030
0.800242	1	1	5	1030
0.800282	1	1	5	1030
0.800322	1	1	5	1030
0.800362	1	1	5	1030
0.800402	1	1	5	1030
0.800442	1	1	5	1030
0.800482	1	1	5	1030
0.800522	1	1	5	1030
0.800562	1	1	5	1030
0.800602	1	1	5	1030
0.800642	1	1	5	1030
0.800682	1	1	5	1030
0.800722	1	1	5	1030
0.800762	1	1	5	1030
0.800802	1	1	5	1030
0.800842	1	1	5	1030
0.800882	1	1	5	1030
0.800922	1	1	5	1030
0.800962	1	1	5	1030
0.801002	1	1	5	1030
0.801042	1	1	5	1030
0.801082	1	1	5	1030
0.801122	1	1	5	1030
0.801162	1	1	5	1030
0.801202	1	1	5	1030
0.801242	1	1	5	1030
0.801282	1	1	5	1030
0.801322	1	1	5	1030
0.801362	1	1	5	1030
0.801402	1	1	5	1030
0.801442	1	1	5	1030
0.801482	1	1	5	1030
0.801522	1	1	5	1030
0.801562	1	1	5	1030
0.801602	1	1	5	1030
0.801642	1	1	5	1030
0.801682	1	1	5	1030
0.801722	1	1	5	1030
0.801762	1	1	5	1030
0.801802	1	1	5	1030
0.801842	1	1	5	1030
0.801882	1	1	5	1030
0.801922	1	1	5	1030
0.801962	1	1	5	1030
0.802002	1	1	5	1030
0.802042	1	1	5	1030
0.802082	1	1	5	1030
0.802122	1	1	5	1030
0.802162	1	1	5	1030
0.802202	1	1	5	1030
0.802242	1	1	5	1030
0.802282	1	1	5	1030
0.802322	1	1	5	1030
0.802362	1	1	5	1030
0.802402	1	1	5	1030
0.802442	1	1	5	1030
0.802482	1	1	5	1030
0.802522	1	1	5	1030
0.802562	1	1	5	1030
0.802602	1	1	5	1030
0.802642	1	1	5	1030
0.802682	1	1	5	1030
0.802722	1	1	5	1030
0.802762	1	1	5	1030
0.802802	1	1	5	1030
0.802842	1	1	5	1030
0.802882	1	1	5	1030
0.802922	1	1	5	1030
0.802962	1	1	5	1030
0.803002	1	1	5	1030
0.803042	1	1	5	1030
0.803082	1	1	5	1030
0.803122	1	1	5	1030
0.803162	1	1	5	1030
0.803202	1	1	5	1030
0.803242	1	1	5	1030
0.803282	1	1	5	1030
0.803322	1	1	5	1030
0.803362	1	1	5	1030
0.803402	1	1	5	1030
0.803442	1	1	5	1030
0.803482	1	1	5	1030
0.803522	1	1	5	1030
0.803562	1	1	5	1030
0.803602	1	1	5	1030
0.803642	1	1	5	1030
0.803682	1	1	5	1030
0.803722	1	1	5	1030
0.803762	1	1	5	1030
0.803802	1	1	5	1030
0.803842	1	1	5	1030
0.803882	1	1	5	1030
0.803922	1	1	5	1030
0.803962	1	1	5	1030
0.804002	1	1	5	1030
0.804042	1	1	5	1030
0.804082	1	1	5	1030
0.804122	1	1	5	1030
0.804162	1	1	5	1030
0.804202	1	1	5	1030
0.804242	1	1	5	1030
0.804282	1	1	5	1030
0.804322	1	1	5	1030
0.804362	1	1	5	1030
0.804402	1	1	5	1030
0.804442	1	1	5	1030
0.804482	1	1	5	1030
0.804522	1	1	5	1030
0.804562	1	1	5	1030
0.804602	1	1	5	1030
0.804642	1	1	5	1030
0.804682	1	1	5	1030
0.804722	1	1	5	1030
0.804762	1	1	5	1030
0.804802	1	1	5	1030
0.804842	1	1	5	1030
0.804882	1	1	5	1030
0.804922	1	1	5	1030
0.804962	1	1	5	1030
0.805002	1	1	5	1030
0.805042	1	1	5	1030
0.805082	1	1	5	1030
0.805122	1	1	5	1030
0.805162	1	1	5	1030
0.805202	1	1	5	1030
0.805242	1	1	5	1030
0.805282	1	1	5	1030
0.805322	1	1	5	1030
0.805362	1	1	5	1030
0.805402	1	1	5	1030
0.805442	1	1	5	1030
0.805482	1	1	5	1030
0.805522	1	1	5	1030
0.805562	1	1	5	1030
0.805602	1	1	5	1030
0.805642	1	1	5	1030
0.805682	1	1	5	1030
0.805722	1	1	5	1030
0.805762	1	1	5	1030
0.805802	1	1	5	1030
0.805842	1	1	5	1030
0.805882	1	1	5	1030
0.805922	1	1	5	1030
0.805962	1	1	5	1030
0.806002	1	1	5	1030
0.806042	1	1	5	1030
0.806082	1	1	5	1030
0.806122	1	1	5	1030
0.806162	1	1	5	1030
0.806202	1	1	5	1030
0.806242	1	1	5	1030
0.806282	1	1	5	1030
0.806322	1	1	5	1030
0.806362	1	1	5	1030
0.806402	1	1	5	1030
0.806442	1	1	5	1030
0.806482	1	1	5	1030
0.806522	1	1	5	1030
0.806562	1	1	5	1030
0.806602	1	1	5	1030
0.806642	1	1	5	1030
0.806682	1	1	5	1030
0.806722	1	1	5	1030
0.806762	1	1	5	1030
0.806802	1	1	5	1030
0.806842	1	1	5	1030
0.806882	1	1	5	1030
0.806922	1	1	5	1030
0.806962	1	1	5	1030
0.807002	1	1	5	1030
0.807042	1	1	5	1030
0.807082	1	1	5	1030
0.807122	1	1	5	1030
0.807162	1	1	5	1030
0.807202	1	1	5	1030
0.807242	1	1	5	1030
0.807282	1	1	5	1030
0.807322	1	1	5	1030
0.807362	1	1	5	1030
0.807402	1	1	5	1030
0.807442	1	1	5	1030
0.807482	1	1	5	1030
0.807522	1	1	5	1030
0.807562	1	1	5	1030
0.807602	1	1	5	1030
0.807642	1	1	5	1030
0.807682	1	1	5	1030
0.807722	1	1	5	1030
0.807762	1	1	5	1030
0.807802	1	1	5	1030
0.807842	1	1	5	1030
0.807882	1	1	5	1030
0.807922	1	1	5	1030
0.807962	1	1	5	1030
0.808002	1	1	5	1030
0.808042	1	1	5	1030
0.808082	1	1	5	1030
0.808122	1	1	5	1030
0.808162	1	1	5	1030
0.808202	1	1	5	1030
0.808242	1	1	5	1030
0.808282	1	1	5	1030
0.808322	1	1	5	1030
0.808362	1	1	5	1030
0.808402	1	1	5	1030
0.808442	1	1	5	1030
0.808482	1	1	5	1030
0.808522	1	1	5	1030
0.808562	1	1	5	1030
0.808602	1	1	5	1030
0.808642	1	1	5	1030
0.808682	1	1	5	1030
0.808722	1	1	5	1030
0.808762	1	1	5	1030
0.808802	1	1	5	1030
0.808842	1	1	5	1030
0.808882	1	1	5	1030
0.808922	1	1	5	1030
0.808962	1	1	5	1030
0.809002	1	1	5	1030
0.809042	1	1	5	1030
0.809082	1	1	5	1030
0.809122	1	1	5	1030
0.809162	1	1	5	1030
0.809202	1	1	5	1030
0.809242	1	1	5	1030
0.809282	1	1	5	1030
0.809322	1	1	5	1030
0.809362	1	1	5	1030
0.809402	1	1	5	1030
0.809442	1	1	5	1030
0.809482	1	1	5	1030
0.809522	1	1	5	1030
0.809562	1	1	5	1030
0.809602	1	1	5	1030
0.809642	1	1	5	1030
0.809682	1	1	5	1030
0.809722	1	1	5	1030
0.809762	1	1	5	1030
0.809802	1	1	5	1030
0.809842	1	1	5	1030
0.809882	1	1	5	1030
0.809922	1	1	5	1030
0.809962	1	1	5	1030
0.810002	1	1	5	1030
0.810042	1	1	5	1030
0.810082	1	1	5	1030
0.810122	1	1	5	1030
0.810162	1	1	5	1030
0.810202	1	1	5	1030
0.810242	1	1	5	1030
0.810282	1	1	5	1030
0.810322	1	1	5	1030
0.810362	1	1	5	1030
0.810402	1	1	5	1030
0.810442	1	1	5	1030
0.810482	1	1	5	1030
0.810522	1	1	5	1030
0.810562	1	1	5	1030
0.810602	1	1	5	1030
0.810642	1	1	5	1030
0.810682	1	1	5	1030
0.810722	1	1	5	1030
0.810762	1	1	5	1030
0.810802	1	1	5	1030
0.810842	1	1	5	1030
0.810882	1	1	5	1030
0.810922	1	1	5	1030
0.810962	1	1	5	1030
0.811002	1	1	5	1030
0.811042	1	1	5	1030
0.811082	1	1	5	1030
0.811122	1	1	5	1030
0.811162	1	1	5	1030
0.811202	1	1	5	1030
0.811242	1	1	5	1030
0.811282	1	1	5	1030
0.811322	1	1	5	1030
0.811362	1	1	5	1030
0.811402	1	1	5	1030
0.811442	1	1	5	1030
0.811482	1	1	5	1030
0.811522	1	1	5	1030
0.811562	1	1	5	1030
0.811602	1	1	5	1030
0.811642	1	1	5	1030
0.811682	1	1	5	1030
0.811722	1	1	5	1030
0.811762	1	1	5	1030
0.811802	1	1	5	1030
0.811842	1	1	5	1030
0.811882	1	1	5	1030
0.811922	1	1	5	1030
0.811962	1	1	5	1030
0.812002	1	1	5	1030
0.812042	1	1	5	1030
0.812082	1	1	5	1030
0.812122	1	1	5	1030
0.812162	1	1	5	1030
0.812202	1	1	5	1030
0.812242	1	1	5	1030
0.812282	1	1	5	1030
0.812322	1	1	5	1030
0.812362	1	1	5	1030
0.812402	1	1	5	1030
0.812442	1	1	5	1030
0.812482	1	1	5	1030
0.812522	1	1	5	1030
0.812562	1	1	5	1030
0.812602	1	1	5	1030
0.812642	1	1	5	1030
0.812682	1	1	5	1030
0.812722	1	1	5	1030
0.812762	1	1	5	1030
0.812802	1	1	5	1030
0.812842	1	1	5	1030
0.812882	1	1	5	1030
0.812922	1	1	5	1030
0.812962	1	1	5	1030
0.813002	1	1	5	1030
0.813042	1	1	5	1030
0.813082	1	1	5	1030
0.813122	1	1	5	1030
0.813162	1	1	5	1030
0.813202	1	1	5	1030
0.813242	1	1	5	1030
0.813282	1	1	5	1030
0.813322	1	1	5	1030
0.813362	1	1	5	1030
0.813402	1	1	5	1030
0.813442	1	1	5	1030
0.813482	1	1	5	1030
0.813522	1	1	5	1030
0.813562	1	1	5	1030
0.813602	1	1	5	1030
0.813642	1	1	5	1030
0.813682	1	1	5	1030
0.813722	1	1	5	1030
0.813762	1	1	5	1030
0.813802	1	1	5	1030
0.813842	1	1	5	1030
0.813882	1	1	5	1030
0.813922	1	1	5	1030
0.813962	1	1	5	1030
0.814002	1	1	5	1030
0.814042	1	1	5	1030
0.814082	1	1	5	1030
0.814122	1	1	5	1030
0.814162	1	1	5	1030
0.814202	1	1	5	1030
0.814242	1	1	5	1030
0.814282	1	1	5	1030
0.814322	1	1	5	1030
0.814362	1	1	5	1030
0.814402	1	1	5	1030
0.814442	1	1	5	1030
0.814482	1	1	5	1030
0.814522	1	1	5	1030
0.814562	1	1	5	1030
0.814602	1	1	5	1030
0.814642	1	1	5	1030
0.814682	1	1	5	1030
0.814722	1	1	5	1030
0.814762	1	1	5	1030
0.814802	1	1	5	1030
0.814842	1	1	5	1030
0.814882	1	1	5	1030
0.814922	1	1	5	1030
0.814962	1	1	5	1030
0.815002	1	1	5	1030
0.815042	1	1	5	1030
0.815082	1	1	5	1030
0.815122	1	1	5	1030
0.815162	1	1	5	1030
0.815202	1	1	5	1030
0.815242	1	1	5	1030
0.815282	1	1	5	1030
0.815322	1	1	5	1030
0.815362	1	1	5	1030
0.815402	1	1	5	1030
0.815442	1	1	5	1030
0.815482	1	1	5	1030
0.815522	1	1	5	1030
0.815562	1	1	5	1030
0.815602	1	1	5	1030
0.815642	1	1	5	1030
0.815682	1	1	5	1030
0.815722	1	1	5	1030
0.815762	1	1	5	1030
0.815802	1	1	5	1030
0.815842	1	1	5	1030
0.815882	1	1	5	1030
0.815922	1	1	5	1030
0.815962	1	1	5	1030
0.816002	1	1	5	1030
0.816042	1	1	5	1030
0.816082	1	1	5	1030
0.816122	1	1	5	1030
0.816162	1	1	5	1030
0.816202	1	1	5	1030
0.816242	1	1	5	1030
0.816282	1	1	5	1030
0.816322	1	1	5	1030
0.816362	1	1	5	1030
0.816402	1	1	5	1030
0.816442	1	1	5	1030
0.816482	1	1	5	1030
0.816522	1	1	5	1030
0.816562	1	1	5	1030
0.816602	1	1	5	1030
0.816642	1	1	5	1030
0.816682	1	1	5	1030
0.816722	1	1	5	1030
0.816762	1	1	5	1030
0.816802	1	1	5	1030
0.816842	1	1	5	1030
0.816882	1	1	5	1030
0.816922	1	1	5	1030
0.816962	1	1	5	1030
0.817002	1	1	5	1030
0.817042	1	1	5	1030
0.817082	1	1	5	1030
0.817122	1	1	5	1030
0.817162	1	1	5	1030
0.817202	1	1	5	1030
0.817242	1	1	5	1030
0.817282	1	1	5	1030
0.817322	1	1	5	1030
0.817362	1	1	5	1030
0.817402	1	1	5	1030
0.817442	1	1	5	1030
0.817482	1	1	5	1030
0.817522	1	1	5	1030
0.817562	1	1	5	1030
0.817602	1	1	5	1030
0.817642	1	1	5	1030
0.817682	1	1	5	1030
0.817722	1	1	5	1030
0.817762	1	1	5	1030
0.817802	1	1	5	1030
0.817842	1	1	5	1030
0.817882	1	1	5	1030
0.817922	1	1	5	1030
0.817962	1	1	5	1030
0.818002	1	1	5	1030
0.818042	1	1	5	1030
0.818082	1	1	5	1030
0.818122	1	1	5	1030
0.818162	1	1	5	1030
0.818202	1	1	5	1030
0.818242	1	1	5	1030
0.818282	1	1	5	1030
0.818322	1	1	5	1030
0.818362	1	1	5	1030
0.818402	1	1	5	1030
0.818442	1	1	5	1030
0.818482	1	1	5	1030
0.818522	1	1	5	1030
0.818562	1	1	5	1030
0.818602	1	1	5	1030
0.818642	1	1	5	1030
0.818682	1	1	5	1030
0.818722	1	1	5	1030
0.818762	1	1	5	1030
0.818802	1	1	5	1030
0.818842	1	1	5	1030
0.818882	1	1	5	1030
0.818922	1	1	5	1030
0.818962	1	1	5	1030
0.819002	1	1	5	1030
0.819042	1	1	5	1030
0.819082	1	1	5	1030
0.819122	1	1	5	1030
0.819162	1	1	5	1030
0.819202	1	1	5	1030
0.819242	1	1	5	1030
0.819282	1	1	5	1030
0.819322	1	1	5	1030
0.819362	1	1	5	1030
0.819402	1	1	5	1030
0.819442	1	1	5	1030
0.819482	1	1	5	1030
0.819522	1	1	5	1030
0.819562	1	1	5	1030
0.819602	1	1	5	1030
0.819642	1	1	5	1030
0.819682	1	1	5	1030
0.819722	1	1	5	1030
0.819762	1	1	5	1030
0.819802	1	1	5	1030
0.819842	1	1	5	1030
0.819882	1	1	5	1030
0.819922	1	1	5	1030
0.819962	1	1	5	1030
0.820002	1	1	5	1030
0.820042	1	1	5	1030
0.820082	1	1	5	1030
0.820122	1	1	5	1030
0.820162	1	1	5	1030
0.820202	1	1	5	1030
0.820242	1	1	5	1030
0.820282	1	1	5	1030
0.820322	1	1	5	1030
0.820362	1	1	5	1030
0.820402	1	1	5	1030
0.820442	1	1	5	1030
0.820482	1	1	5	1030
0.820522	1	1	5	1030
0.820562	1	1	5	1030
0.820602	1	1	5	1030
0.820642	1	1	5	1030
0.820682	1	1	5	1030
0.820722	1	1	5	1030
0.820762	1	1	5	1030
0.820802	1	1	5	1030
0.820842	1	1	5	1030
0.820882	1	1	5	1030
0.820922	1	1	5	1030
0.820962	1	1	5	1030
0.821002	1	1	5	1030
0.821042	1	1	5	1030
0.821082	1	1	5	1030
0.821122	1	1	5	1030
0.821162	1	1	5	1030
0.821202	1	1	5	1030
0.821242	1	1	5	1030
0.821282	1	1	5	1030
0.821322	1	1	5	1030
0.821362	1	1	5	1030
0.821402	1	1	5	1030
0.821442	1	1	5	1030
0.821482	1	1	5	1030
0.821522	1	1	5	1030
0.821562	1	1	5	1030
0.821602	1	1	5	1030
0.821642	1	1	5	1030
0.821682	1	1	5	1030
0.821722	1	1	5	1030
0.821762	1	1	5	1030
0.821802	1	1	5	1030
0.821842	1	1	5	1030
0.821882	1	1	5	1030
0.821922	1	1	5	1030
0.821962	1	1	5	1030
0.822002	1	1	5	1030
0.822042	1	1	5	1030
0.822082	1	1	5	1030
0.822122	1	1	5	1030
0.822162	1	1	5	1030
0.822202	1	1	5	1030
0.822242	1	1	5	1030
0.822282	1	1	5	1030
0.822322	1	1	5	1030
0.822362	1	1	5	1030
0.822402	1	1	5	1030
0.822442	1	1	5	1030
0.822482	1	1	5	1030
0.822522	1	1	5	1030
0.822562	1	1	5	1030
0.822602	1	1	5	1030
0.822642	1	1	5	1030
0.822682	1	1	5	1030
0.822722	1	1	5	1030
0.822762	1	1	5	1030
0.822802	1	1	5	1030
0.822842	1	1	5	1030
0.822882	1	1	5	1030
0.822922	1	1	5	1030
0.822962	1	1	5	1030
0.823002	1	1	5	1030
0.823042	1	1	5	1030
0.823082	1	1	5	1030
0.823122	1	1	5	1030
0.823162	1	1	5	1030
0.823202	1	1	5	1030
0.823242	1	1	5	1030
0.823282	1	1	5	1030
0.823322	1	1	5	1030
0.823362	1	1	5	1030
0.823402	1	1	5	1030
0.823442	1	1	5	1030
0.823482	1	1	5	1030
0.823522	1	1	5	1030
0.823562	1	1	5	1030
0.823602	1	1	5	1030
0.823642	1	1	5	1030
0.823682	1	1	5	1030
0.823722	1	1	5	1030
0.823762	1	1	5	1030
0.823802	1	1	5	1030
0.823842	1	1	5	1030
0.823882	1	1	5	1030
0.823922	1	1	5	1030
0.823962	1	1	5	1030
0.824002	1	1	5	1030
0.824042	1	1	5	1030
0.824082	1	1	5	1030
0.824122	1	1	5	1030
0.824162	1	1	5	1030
0.824202	1	1	5	1030
0.824242	1	1	5	1030
0.824282	1	1	5	1030
0.824322	1	1	5	1030
0.824362	1	1	5	1030
0.824402	1	1	5	1030
0.824442	1	1	5	1030
0.824482	1	1	5	1030
0.824522	1	1	5	1030
0.824562	1	1	5	1030
0.824602	1	1	5	1030
0.824642	1	1	5	1030
0.824682	1	1	5	1030
0.824722	1	1	5	1030
0.824762	1	1	5	1030
0.824802	1	1	5	1030
0.824842	1	1	5	1030
0.824882	1	1	5	1030
0.824922	1	1	5	1030
0.824962	1	1	5	1030
0.825002	1	1	5	1030
0.825042	1	1	5	1030
0.825082	1	1	5	1030
0.825122	1	1	5	1030
0.825162	1	1	5	1030
0.825202	1	1	5	1030
0.825242	1	1	5	1030
0.825282	1	1	5	1030
0.825322	1	1	5	1030
0.825362	1	1	5	1030
0.825402	1	1	5	1030
0.825442	1	1	5	1030
0.825482	1	1	5	1030
0.825522	1	1	5	1030
0.825562	1	1	5	1030
0.825602	1	1	5	1030
0.825642	1	1	5	1030
0.825682	1	1	5	1030
0.825722	1	1	5	1030
0.825762	1	1	5	1030
0.825802	1	1	5	1030
0.825842	1	1	5	1030
0.825882	1	1	5	1030
0.825922	1	1	5	1030
0.825962	1	1	5	1030
0.826002	1	1	5	1030
0.826042	1	1	5	1030
0.826082	1	1	5	1030
0.826122	1	1	5	1030
0.826162	1	1	5	1030
0.826202	1	1	5	1030
0.826242	1	1	5	1030
0.826282	1	1	5	1030
0.826322	1	1	5	1030
0.826362	1	1	5	1030
0.826402	1	1	5	1030
0.826442	1	1	5	1030
0.826482	1	1	5	1030
0.826522	1	1	5	1030
0.826562	1	1	5	1030
0.826602	1	1	5	1030
0.826642	1	1	5	1030
0.826682	1	1	5	1030
0.826722	1	1	5	1030
0.826762	1	1	5	1030
0.826802	1	1	5	1030
0.826842	1	1	5	1030
0.826882	1	1	5	1030
0.826922	1	1	5	1030
0.826962	1	1	5	1030
0.827002	1	1	5	1030
0.827042	1	1	5	1030
0.827082	1	1	5	1030
0.827122	1	1	5	1030
0.827162	1	1	5	1030
0.827202	1	1	5	1030
0.827242	1	1	5	1030
0.827282	1	1	5	1030
0.827322	1	1	5	1030
0.827362	1	1	5	1030
0.827402	1	1	5	1030
0.827442	1	1	5	1030
0.827482	1	1	5	1030
0.827522	1	1	5	1030
0.827562	1	1	5	1030
0.827602	1	1	5	1030
0.827642	1	1	5	1030
0.827682	1	1	5	1030
0.827722	1	1	5	1030
0.827762	1	1	5	1030
0.827802	1	1	5	1030
0.827842	1	1	5	1030
0.827882	1	1	5	1030
0.827922	1	1	5	1030
0.827962	1	1	5	1030
0.828002	1	1	5	1030
0.828042	1	1	5	1030
0.828082	1	1	5	1030
0.828122	1	1	5	1030
0.828162	1	1	5	1030
0.828202	1	1	5	1030
0.828242	1	1	5	1030
0.828282	1	1	5	1030
0.828322	1	1	5	1030
0.828362	1	1	5	1030
0.828402	1	1	5	1030
0.828442	1	1	5	1030
0.828482	1	1	5	1030
0.828522	1	1	5	1030
0.828562	1	1	5	1030
0.828602	1	1	5	1030
0.828642	1	1	5	1030
0.828682	1	1	5	1030
0.828722	1	1	5	1030
0.828762	1	1	5	1030
0.828802	1	1	5	1030
0.828842	1	1	5	1030
0.828882	1	1	5	1030
0.828922	1	1	5	1030
0.828962	1	1	5	1030
0.829002	1	1	5	1030
0.829042	1	1	5	1030
0.829082	1	1	5	1030
0.829122	1	1	5	1030
0.829162	1	1	5	1030
0.829202	1	1	5	1030
0.829242	1	1	5	1030
0.829282	1	1	5	1030
0.829322	1	1	5	1030
0.829362	1	1	5	1030
0.829402	1	1	5	1030
0.829442	1	1	5	1030
0.829482	1	1	5	1030
0.829522	1	1	5	1030
0.829562	1	1	5	1030
0.829602	1	1	5	1030
0.829642	1	1	5	1030
0.829682	1	1	5	1030
0.829722	1	1	5	1030
0.829762	1	1	5	1030
0.829802	1	1	5	1030
0.829842	1	1	5	1030
0.829882	1	1	5	1030
0.829922	1	1	5	1030
0.829962	1	1	5	1030
0.830002	1	1	5	1030
0.830042	1	1	5	1030
0.830082	1	1	5	1030
0.830122	1	1	5	1030
0.830162	1	1	5	1030
0.830202	1	1	5	1030
0.830242	1	1	5	1030
0.830282	1	1	5	1030
0.830322	1	1	5	1030
0.830362	1	1	5	1030
0.830402	1	1	5	1030
0.830442	1	1	5	1030
0.830482	1	1	5	1030
0.830522	1	1	5	1030
0.830562	1	1	5	1030
0.830602	1	1	5	1030
0.830642	1	1	5	1030
0.830682	1	1	5	1030
0.830722	1	1	5	1030
0.830762	1	1	5	1030
0.830802	1	1	5	1030
0.830842	1	1	5	1030
0.830882	1	1	5	1030
0.830922	1	1	5	1030
0.830962	1	1	5	1030
0.831002	1	1	5	1030
0.831042	1	1	5	1030
0.831082	1	1	5	1030
0.831122	1	1	5	1030
0.831162	1	1	5	1030
0.831202	1	1	5	1030
0.831242	1	1	5	1030
0.831282	1	1	5	1030
0.831322	1	1	5	1030
0.831362	1	1	5	1030
0.831402	1	1	5	1030
0.831442	1	1	5	1030
0.831482	1	1	5	1030
0.831522	1	1	5	1030
0.831562	1	1	5	1030
0.831602	1	1	5	1030
0.831642	1	1	5	1030
0.831682	1	1	5	1030
0.831722	1	1	5	1030
0.831762	1	1	5	1030
0.831802	1	1	5	1030
0.831842	1	1	5	1030
0.831882	1	1	5	1030
0.831922	1	1	5	1030
0.831962	1	1	5	1030
0.832002	1	1	5	1030
0.832042	1	1	5	1030
0.832082	1	1	5	1030
0.832122	1	1	5	1030
0.832162	1	1	5	1030
0.832202	1	1	5	1030
0.832242	1	1	5	1030
0.832282	1	1	5	1030
0.832322	1	1	5	1030
0.832362	1	1	5	1030
0.832402	1	1	5	1030
0.832442	1	1	5	1030
0.832482	1	1	5	1030
0.832522	1	1	5	1030
0.832562	1	1	5	1030
0.832602	1	1	5	1030
0.832642	1	1	5	1030
0.832682	1	1	5	1030
0.832722	1	1	5	1030
0.832762	1	1	5	1030
0.832802	1	1	5	1030
0.832842	1	1	5	1030
0.832882	1	1	5	1030
0.832922	1	1	5	1030
0.832962	1	1	5	1030
0.833002	1	1	5	1030
0.833042	1	1	5	1030
0.833082	1	1	5	1030
0.833122	1	1	5	1030
0.833162	1	1	5	1030
0.833202	1	1	5	1030
0.833242	1	1	5	1030
0.833282	1	1	5	1030
0.833322	1	1	5	1030
0.833362	1	1	5	1030
0.833402	1	1	5	1030
0.833442	1	1	5	1030
0.833482	1	1	5	1030
0.833522	1	1	5	1030
0.833562	1	1	5	1030
0.833602	1	1	5	1030
0.833642	1	1	5	1030
0.833682	1	1	5	1030
0.833722	1	1	5	1030
0.833762	1	1	5	1030
0.833802	1	1	5	1030
0.833842	1	1	5	1030
0.833882	1	1	5	1030
0.833922	1	1	5	1030
0.833962	1	1	5	1030
0.834002	1	1	5	1030
0.834042	1	1	5	1030
0.834082	1	1	5	1030
0.834122	1	1	5	1030
0.834162	1	1	5	1030
0.834202	1	1	5	1030
0.834242	1	1	5	1030
0.834282	1	1	5	1030
0.834322	1	1	5	1030
0.834362	1	1	5	1030
0.834402	1	1	5	1030
0.834442	1	1	5	1030
0.834482	1	1	5	1030
0.834522	1	1	5	1030
0.834562	1	1	5	1030
0.834602	1	1	5	1030
0.834642	1	1	5	1030
0.834682	1	1	5	1030
0.834722	1	1	5	1030
0.834762	1	1	5	1030
0.834802	1	1	5	1030
0.834842	1	1	5	1030
0.834882	1	1	5	1030
0.834922	1	1	5	1030
0.834962	1	1	5	1030
0.835002	1	1	5	1030
0.835042	1	1	5	1030
0.835082	1	1	5	1030
0.835122	1	1	5	1030
0.835162	1	1	5	1030
0.835202	1	1	5	1030
0.835242	1	1	5	1030
0.835282	1	1	5	1030
0.835322	1	1	5	1030
0.835362	1	1	5	1030
0.835402	1	1	5	1030
0.835442	1	1	5	1030
0.835482	1	1	5	1030
0.835522	1	1	5	1030
0.835562	1	1	5	1030
0.835602	1	1	5	1030
0.835642	1	1	5	1030
0.835682	1	1	5	1030
0.835722	1	1	5	1030
0.835762	1	1	5	1030
0.835802	1	1	5	1030
0.835842	1	1	5	1030
0.835882	1	1	5	1030
0.835922	1	1	5	1030
0.835962	1	1	5	1030
0.836002	1	1	5	1030
0.836042	1	1	5	1030
0.836082	1	1	5	1030
0.836122	1	1	5	1030
0.836162	1	1	5	1030
0.836202	1	1	5	1030
0.836242	1	1	5	1030
0.836282	1	1	5	1030
0.836322	1	1	5	1030
0.836362	1	1	5	1030
0.836402	1	1	5	1030
0.836442	1	1	5	1030
0.836482	1	1	5	1030
0.836522	1	1	5	1030
0.836562	1	1	5	1030
0.836602	1	1	5	1030
0.836642	1	1	5	1030
0.836682	1	1	5	1030
0.836722	1	1	5	1030
0.836762	1	1	5	1030
0.836802	1	1	5	1030
0.836842	1	1	5	1030
0.836882	1	1	5	1030
0.836922	1	1	5	1030
0.836962	1	1	5	1030
0.837002	1	1	5	1030
0.837042	1	1	5	1030
0.837082	1	1	5	1030
0.837122	1	1	5	1030
0.837162	1	1	5	1030
0.837202	1	1	5	1030
0.837242	1	1	5	1030
0.837282	1	1	5	1030
0.837322	1	1	5	1030
0.837362	1	1	5	1030
0.837402	1	1	5	1030
0.837442	1	1	5	1030
0.837482	1	1	5	1030
0.837522	1	1	5	1030
0.837562	1	1	5	1030
0.837602	1	1	5	1030
0.837642	1	1	5	1030
0.837682	1	1	5	1030
0.837722	1	1	5	1030
0.837762	1	1	5	1030
0.837802	1	1	5	1030
0.837842	1	1	5	1030
0.837882	1	1	5	1030
0.837922	1	1	5	1030
0.837962	1	1	5	1030
0.838002	1	1	5	1030
0.838042	1	1	5	1030
0.838082	1	1	5	1030
0.838122	1	1	5	1030
0.838162	1	1	5	1030
0.838202	1	1	5	1030
0.838242	1	1	5	1030
0.838282	1	1	5	1030
0.838322	1	1	5	1030
0.838362	1	1	5	1030
0.838402	1	1	5	1030
0.838442	1	1	5	1030
0.838482	1	1	5	1030
0.838522	1	1	5	1030
0.838562	1	1	5	1030
0.838602	1	1	5	1030
0.838642	1	1	5	1030
0.838682	1	1	5	1030
0.838722	1	1	5	1030
0.838762	1	1	5	1030
0.838802	1	1	5	1030
0.838842	1	1	5	1030
0.838882	1	1	5	1030
0.838922	1	1	5	1030
0.838962	1	1	5	1030
0.839002	1	1	5	1030
0.839042	1	1	5	1030
0.839082	1	1	5	1030
0.839122	1	1	5	1030
0.839162	1	1	5	1030
0.839202	1	1	5	1030
0.839242	1	1	5	1030
0.839282	1	1	5	1030
0.839322	1	1	5	1030
0.839362	1	1	5	1030
0.839402	1	1	5	1030
0.839442	1	1	5	1030
0.839482	1	1	5	1030
0.839522	1	1	5	1030
0.839562	1	1	5	1030
0.839602	1	1	5	1030
0.839642	1	1	5	1030
0.839682	1	1	5	1030
0.839722	1	1	5	1030
0.839762	1	1	5	1030
0.839802	1	1	5	1030
0.839842	1	1	5	1030
0.839882	1	1	5	1030
0.839922	1	1	5	1030
0.839962	1	1	5	1030
0.840002	1	1	5	1030
0.840042	1	1	5	1030
0.840082	1	1	5	1030
0.840122	1	1	5	1030
0.840162	1	1	5	1030
0.840202	1	1	5	1030
0.840242	1	1	5	1030
0.840282	1	1	5	1030
0.840322	1	1	5	1030
0.840362	1	1	5	1030
0.840402	1	1	5	1030
0.840442	1	1	5	1030
0.840482	1	1	5	1030
0.840522	1	1	5	1030
0.840562	1	1	5	1030
0.840602	1	1	5	1030
0.840642	1	1	5	1030
0.840682	1	1	5	1030
0.840722	1	1	5	1030
0.840762	1	1	5	1030
0.840802	1	1	5	1030
0.840842	1	1	5	1030
0.840882	1	1	5	1030
0.840922	1	1	5	1030
0.840962	1	1	5	1030
0.841002	1	1	5	1030
0.841042	1	1	5	1030
0.841082	1	1	5	1030
0.841122	1	1	5	1030
0.841162	1	1	5	1030
0.841202	1	1	5	1030
0.841242	1	1	5	1030
0.841282	1	1	5	1030
0.841322	1	1	5	1030
0.841362	1	1	5	1030
0.841402	1	1	5	1030
0.841442	1	1	5	1030
0.841482	1	1	5	1030
0.841522	1	1	5	1030
0.841562	1	1	5	1030
0.841602	1	1	5	1030
0.841642	1	1	5	1030
0.841682	1	1	5	1030
0.841722	1	1	5	1030
0.841762	1	1	5	1030
0.841802	1	1	5	1030
0.841842	1	1	5	1030
0.841882	1	1	5	1030
0.841922	1	1	5	1030
0.841962	1	1	5	1030
0.842002	1	1	5	1030
0.842042	1	1	5	1030
0.842082	1	1	5	1030
0.842122	1	1	5	1030
0.842162	1	1	5	1030
0.842202	1	1	5	1030
0.842242	1	1	5	1030
0.842282	1	1	5	1030
0.842322	1	1	5	1030
0.842362	1	1	5	1030
0.842402	1	1	5	1030
0.842442	1	1	5	1030
0.842482	1	1	5	1030
0.842522	1	1	5	1030
0.842562	1	1	5	1030
0.842602	1	1	5	1030
0.842642	1	1	5	1030
0.842682	1	1	5	1030
0.842722	1	1	5	1030
0.842762	1	1	5	1030
0.842802	1	1	5	1030
0.842842	1	1	5	1030
0.842882	1	1	5	1030
0.842922	1	1	5	1030
0.842962	1	1	5	1030
0.843002	1	1	5	1030
0.843042	1	1	5	1030
0.843082	1	1	5	1030
0.843122	1	1	5	1030
0.843162	1	1	5	1030
0.843202	1	1	5	1030
0.843242	1	1	5	1030
0.843282	1	1	5	1030
0.843322	1	1	5	1030
0.843362	1	1	5	1030
0.843402	1	1	5	1030
0.843442	1	1	5	1030
0.843482	1	1	5	1030
0.843522	1	1	5	1030
0.843562	1	1	5	1030
0.843602	1	1	5	1030
0.843642	1	1	5	1030
0.843682	1	1	5	1030
0.843722	1	1	5	1030
0.843762	1	1	5	1030
0.843802	1	1	5	1030
0.843842	1	1	5	1030
0.843882	1	1	5	1030
0.843922	1	1	5	1030
0.843962	1	1	5	1030
0.844002	1	1	5	1030
0.844042	1	1	5	1030
0.844082	1	1	5	1030
0.844122	1	1	5	1030
0.844162	1	1	5	1030
0.844202	1	1	5	1030
0.844242	1	1	5	1030
0.844282	1	1	5	1030
0.844322	1	1	5	1030
0.844362	1	1	5	1030
0.844402	1	1	5	1030
0.844442	1	1	5	1030
0.844482	1	1	5	1030
0.844522	1	1	5	1030
0.844562	1	1	5	1030
0.844602	1	1	5	1030
0.844642	1	1	5	1030
0.844682	1	1	5	1030
0.844722	1	1	5	1030
0.844762	1	1	5	1030
0.844802	1	1	5	1030
0.844842	1	1	5	1030
0.844882	1	1	5	1030
0.844922	1	1	5	1030
0.844962	1	1	5	1030
0.845002	1	1	5	1030
0.845042	1	1	5	1030
0.845082	1	1	5	1030
0.845122	1	1	5	1030
0.845162	1	1	5	1030
0.845202	1	1	5	1030
0.845242	1	1	5	1030
0.845282	1	1	5	1030
0.845322	1	1	5	1030
0.845362	1	1	5	1030
0.845402	1	1	5	1030
0.845442	1	1	5	1030
0.845482	1	1	5	1030
0.845522	1	1	5	1030
0.845562	1	1	5	1030
0.845602	1	1	5	1030
0.845642	1	1	5	1030
0.845682	1	1	5	1030
0.845722	1	1	5	1030
0.845762	1	1	5	1030
0.845802	1	1	5	1030
0.845842	1	1	5	1030
0.845882	1	1	5	1030
0.845922	1	1	5	1030
0.845962	1	1	5	1030
0.846002	1	1	5	1030
0.846042	1	1	5	1030
0.846082	1	1	5	1030
0.846122	1	1	5	1030
0.846162	1	1	5	1030
0.846202	1	1	5	1030
0.846242	1	1	5	1030
0.846282	1	1	5	1030
0.846322	1	1	5	1030
0.846362	1	1	5	1030
0.846402	1	1	5	1030
0.846442	1	1	5	1030
0.846482	1	1	5	1030
0.846522	1	1	5	1030
0.846562	1	1	5	1030
0.846602	1	1	5	1030
0.846642	1	1	5	1030
0.846682	1	1	5	1030
0.846722	1	1	5	1030
0.846762	1	1	5	1030
0.846802	1	1	5	1030
0.846842	1	1	5	1030
0.846882	1	1	5	1030
0.846922	1	1	5	1030
0.846962	1	1	5	1030
0.847002	1	1	5	1030
0.847042	1	1	5	1030
0.847082	1	1	5	1030
0.847122	1	1	5	1030
0.847162	1	1	5	1030
0.847202	1	1	5	1030
0.847242	1	1	5	1030
0.847282	1	1	5	1030
0.847322	1	1	5	1030
0.847362	1	1	5	1030
0.847402	1	1	5	1030
0.847442	1	1	5	1030
0.847482	1	1	5	1030
0.847522	1	1	5	1030
0.847562	1	1	5	1030
0.847602	1	1	5	1030
0.847642	1	1	5	1030
0.847682	1	1	5	1030
0.847722	1	1	5	1030
0.847762	1	1	5	1030
0.847802	1	1	5	1030
0.847842	1	1	5	1030
0.847882	1	1	5	1030
0.847922	1	1	5	1030
0.847962	1	1	5	1030
0.848002	1	1	5	1030
0.848042	1	1	5	1030
0.848082	1	1	5	1030
0.848122	1	1	5	1030
0.848162	1	1	5	1030
0.848202	1	1	5	1030
0.848242	1	1	5	1030
0.848282	1	1	5	1030
0.848322	1	1	5	1030
0.848362	1	1	5	1030
0.848402	1	1	5	1030
0.848442	1	1	5	1030
0.848482	1	1	5	1030
0.848522	1	1	5	1030
0.848562	1	1	5	1030
0.848602	1	1	5	1030
0.848642	1	1	5	1030
0.848682	1	1	5	1030
0.848722	1	1	5	1030
0.848762	1	1	5	1030
0.848802	1	1	5	1030
0.848842	1	1	5	1030
0.848882	1	1	5	1030
0.848922	1	1	5	1030
0.848962	1	1	5	1030
0.849002	1	1	5	1030
0.849042	1	1	5	1030
0.849082	1	1	5	1030
0.849122	1	1	5	1030
0.849162	1	1	5	1030
0.849202	1	1	5	1030
0.849242	1	1	5	1030
0.849282	1	1	5	1030
0.849322	1	1	5	1030
0.849362	1	1	5	1030
0.849402	1	1	5	1030
0.849442	1	1	5	1030
0.849482	1	1	5	1030
0.849522	1	1	5	1030
0.849562	1	1	5	1030
0.849602	1	1	5	1030
0.849642	1	1	5	1030
0.849682	1	1	5	1030
0.849722	1	1	5	1030
0.849762	1	1	5	1030
0.849802	1	1	5	1030
0.849842	1	1	5	1030
0.849882	1	1	5	1030
0.849922	1	1	5	1030
0.849962	1	1	5	1030
0.850002	1	1	5	1030
0.850042	1	1	5	1030
0.850082	1	1	5	1030
0.850122	1	1	5	1030
0.850162	1	1	5	1030
0.850202	1	1	5	1030
0.850242	1	1	5	1030
0.850282	1	1	5	1030
0.850322	1	1	5	1030
0.850362	1	1	5	1030
0.850402	1	1	5	1030
0.850442	1	1	5	1030
0.850482	1	1	5	1030
0.850522	1	1	5	1030
0.850562	1	1	5	1030
0.850602	1	1	5	1030
0.850642	1	1	5	1030
0.850682	1	1	5	1030
0.850722	1	1	5	1030
0.850762	1	1	5	1030
0.850802	1	1	5	1030
0.850842	1	1	5	1030
0.850882	1	1	5	1030
0.850922	1	1	5	1030
0.850962	1	1	5	1030
0.851002	1	1	5	1030
0.851042	1	1	5	1030
0.851082	1	1	5	1030
0.851122	1	1	5	1030
0.851162	1	1	5	1030
0.851202	1	1	5	1030
0.851242	1	1	5	1030
0.851282	1	1	5	1030
0.851322	1	1	5	1030
0.851362	1	1	5	1030
0.851402	1	1	5	1030
0.851442	1	1	5	1030
0.851482	1	1	5	1030
0.851522	1	1	5	1030
0.851562	1	1	5	1030
0.851602	1	1	5	1030
0.851642	1	1	5	1030
0.851682	1	1	5	1030
0.851722	1	1	5	1030
0.851762	1	1	5	1030
0.851802	1	1	5	1030
0.851842	1	1	5	1030
0.851882	1	1	5	1030
0.851922	1	1	5	1030
0.851962	1	1	5	1030
0.852002	1	1	5	1030
0.852042	1	1	5	1030
0.852082	1	1	5	1030
0.852122	1	1	5	1030
0.852162	1	1	5	1030
0.852202	1	1	5	1030
0.852242	1	1	5	1030
0.852282	1	1	5	1030
0.852322	1	1	5	1030
0.852362	1	1	5	1030
0.852402	1	1	5	1030
0.852442	1	1	5	1030
0.852482	1	1	5	1030
0.852522	1	1	5	1030
0.852562	1	1	5	1030
0.852602	1	1	5	1030
0.852642	1	1	5	1030
0.852682	1	1	5	1030
0.852722	1	1	5	1030
0.852762	1	1	5	1030
0.852802	1	1	5	1030
0.852842	1	1	5	1030
0.852882	1	1	5	1030
0.852922	1	1	5	1030
0.852962	1	1	5	1030
0.853002	1	1	5	1030
0.853042	1	1	5	1030
0.853082	1	1	5	1030
0.853122	1	1	5	1030
0.853162	1	1	5	1030
0.853202	1	1	5	1030
0.853242	1	1	5	1030
0.853282	1	1	5	1030
0.853322	1	1	5	1030
0.853362	1	1	5	1030
0.853402	1	1	5	1030
0.853442	1	1	5	1030
0.853482	1	1	5	1030
0.853522	1	1	5	1030
0.853562	1	1	5	1030
0.853602	1	1	5	1030
0.853642	1	1	5	1030
0.853682	1	1	5	1030
0.853722	1	1	5	1030
0.853762	1	1	5	1030
0.853802	1	1	5	1030
0.853842	1	1	5	1030
0.853882	1	1	5	1030
0.853922	1	1	5	1030
0.853962	1	1	5	1030
0.854002	1	1	5	1030
0.854042	1	1	5	1030
0.854082	1	1	5	1030
0.854122	1	1	5	1030
0.854162	1	1	5	1030
0.854202	1	1	5	1030
0.854242	1	1	5	1030
0.854282	1	1	5	1030
0.854322	1	1	5	1030
0.854362	1	1	5	1030
0.854402	1	1	5	1030
0.854442	1	1	5	1030
0.854482	1	1	5	1030
0.854522	1	1	5	1030
0.854562	1	1	5	1030
0.854602	1	1	5	1030
0.854642	1	1	5	1030
0.854682	1	1	5	1030
0.854722	1	1	5	1030
0.854762	1	1	5	1030
0.854802	1	1	5	1030
0.854842	1	1	5	1030
0.854882	1	1	5	1030
0.854922	1	1	5	1030
0.854962	1	1	5	1030
0.855002	1	1	5	1030
0.855042	1	1	5	1030
0.855082	1	1	5	1030
0.855122	1	1	5	1030
0.855162	1	1	5	1030
0.855202	1	1	5	1030
0.855242	1	1	5	1030
0.855282	1	1	5	1030
0.855322	1	1	5	1030
0.855362	1	1	5	1030
0.855402	1	1	5	1030
0.855442	1	1	5	1030
0.855482	1	1	5	1030
0.855522	1	1	5	1030
0.855562	1	1	5	1030
0.855602	1	1	5	1030
0.855642	1	1	5	1030
0.855682	1	1	5	1030
0.855722	1	1	5	1030
0.855762	1	1	5	1030
0.855802	1	1	5	1030
0.855842	1	1	5	1030
0.855882	1	1	5	1030
0.855922	1	1	5	1030
0.855962	1	1	5	1030
0.856002	1	1	5	1030
0.856042	1	1	5	1030
0.856082	1	1	5	1030
0.856122	1	1	5	1030
0.856162	1	1	5	1030
0.856202	1	1	5	1030
0.856242	1	1	5	1030
0.856282	1	1	5	1030
0.856322	1	1	5	1030
0.856362	1	1	5	1030
0.856402	1	1	5	1030
0.856442	1	1	5	1030
0.856482	1	1	5	1030
0.856522	1	1	5	1030
0.856562	1	1	5	1030
0.856602	1	1	5	1030
0.856642	1	1	5	1030
0.856682	1	1	5	1030
0.856722	1	1	5	1030
0.856762	1	1	5	1030
0.856802	1	1	5	1030
0.856842	1	1	5	1030
0.856882	1	1	5	1030
0.856922	1	1	5	1030
0.856962	1	1	5	1030
0.857002	1	1	5	1030
0.857042	1	1	5	1030
0.857082	1	1	5	1030
0.857122	1	1	5	1030
0.857162	1	1	5	1030
0.857202	1	1	5	1030
0.857242	1	1	5	1030
0.857282	1	1	5	1030
0.857322	1	1	5	1030
0.857362	1	1	5	1030
0.857402	1	1	5	1030
0.857442	1	1	5	1030
0.857482	1	1	5	1030
0.857522	1	1	5	1030
0.857562	1	1	5	1030
0.857602	1	1	5	1030
0.857642	1	1	5	1030
0.857682	1	1	5	1030
0.857722	1	1	5	1030
0.857762	1	1	5	1030
0.857802	1	1	5	1030
0.857842	1	1	5	1030
0.857882	1	1	5	1030
0.857922	1	1	5	1030
0.857962	1	1	5	1030
0.858002	1	1	5	1030
0.858042	1	1	5	1030
0.858082	1	1	5	1030
0.858122	1	1	5	1030
0.858162	1	1	5	1030
0.858202	1	1	5	1030
0.858242	1	1	5	1030
0.858282	1	1	5	1030
0.858322	1	1	5	1030
0.858362	1	1	5	1030
0.858402	1	1	5	1030
0.858442	1	1	5	1030
0.858482	1	1	5	1030
0.858522	1	1	5	1030
0.858562	1	1	5	1030
0.858602	1	1	5	1030
0.858642	1	1	5	1030
0.858682	1	1	5	1030
0.858722	1	1	5	1030
0.858762	1	1	5	1030
0.858802	1	1	5	1030
0.858842	1	1	5	1030
0.858882	1	1	5	1030
0.858922	1	1	5	1030
0.858962	1	1	5	1030
0.859002	1	1	5	1030
0.859042	1	1	5	1030
0.859082	1	1	5	1030
0.859122	1	1	5	1030
0.859162	1	1	5	1030
0.859202	1	1	5	1030
0.859242	1	1	5	1030
0.859282	1	1	5	1030
0.859322	1	1	5	1030
0.859362	1	1	5	1030
0.859402	1	1	5	1030
0.859442	1	1	5	1030
0.859482	1	1	5	1030
0.859522	1	1	5	1030
0.859562	1	1	5	1030
0.859602	1	1	5	1030
0.859642	1	1	5	1030
0.859682	1	1	5	1030
0.859722	1	1	5	1030
0.859762	1	1	5	1030
0.859802	1	1	5	1030
0.859842	1	1	5	1030
0.859882	1	1	5	1030
0.859922	1	1	5	1030
0.859962	1	1	5	1030
0.860002	1	1	5	1030
0.860042	1	1	5	1030
0.860082	1	1	5	1030
0.860122	1	1	5	1030
0.860162	1	1	5	1030
0.860202	1	1	5	1030
0.860242	1	1	5	1030
0.860282	1	1	5	1030
0.860322	1	1	5	1030
0.860362	1	1	5	1030
0.860402	1	1	5	1030
0.860442	1	1	5	1030
0.860482	1	1	5	1030
0.860522	1	1	5	1030
0.860562	1	1	5	1030
0.860602	1	1	5	1030
0.860642	1	1	5	1030
0.860682	1	1	5	1030
0.860722	1	1	5	1030
0.860762	1	1	5	1030
0.860802	1	1	5	1030
0.860842	1	1	5	1030
0.860882	1	1	5	1030
0.860922	1	1	5	1030
0.860962	1	1	5	1030
0.861002	1	1	5	1030
0.861042	1	1	5	1030
0.861082	1	1	5	1030
0.861122	1	1	5	1030
0.861162	1	1	5	1030
0.861202	1	1	5	1030
0.861242	1	1	5	1030
0.861282	1	1	5	1030
0.861322	1	1	5	1030
0.861362	1	1	5	1030
0.861402	1	1	5	1030
0.861442	1	1	5	1030
0.861482	1	1	5	1030
0.861522	1	1	5	1030
0.861562	1	1	5	1030
0.861602	1	1	5	1030
0.861642	1	1	5	1030
0.861682	1	1	5	1030
0.861722	1	1	5	1030
0.861762	1	1	5	1030
0.861802	1	1	5	1030
0.861842	1	1	5	1030
0.861882	1	1	5	1030
0.861922	1	1	5	1030
0.861962	1	1	5	1030
0.862002	1	1	5	1030
0.862042	1	1	5	1030
0.862082	1	1	5	1030
0.862122	1	1	5	1030
0.862162	1	1	5	1030
0.862202	1	1	5	1030
0.862242	1	1	5	1030
0.862282	1	1	5	1030
0.862322	1	1	5	1030
0.862362	1	1	5	1030
0.862402	1	1	5	1030
0.862442	1	1	5	1030
0.862482	1	1	5	1030
0.862522	1	1	5	1030
0.862562	1	1	5	1030
0.862602	1	1	5	1030
0.862642	1	1	5	1030
0.862682	1	1	5	1030
0.862722	1	1	5	1030
0.862762	1	1	5	1030
0.862802	1	1	5	1030
0.862842	1	1	5	1030
0.862882	1	1	5	1030
0.862922	1	1	5	1030
0.862962	1	1	5	1030
0.863002	1	1	5	1030
0.863042	1	1	5	1030
0.863082	1	1	5	1030
0.863122	1	1	5	1030
0.863162	1	1	5	1030
0.863202	1	1	5	1030
0.863242	1	1	5	1030
0.863282	1	1	5	1030
0.863322	1	1	5	1030
0.863362	1	1	5	1030
0.863402	1	1	5	1030
0.863442	1	1	5	1030
0.863482	1	1	5	1030
0.863522	1	1	5	1030
0.863562	1	1	5	1030
0.863602	1	1	5	1030
0.863642	1	1	5	1030
0.863682	1	1	5	1030
0.863722	1	1	5	1030
0.863762	1	1	5	1030
0.863802	1	1	5	1030
0.863842	1	1	5	1030
0.863882	1	1	5	1030
0.863922	1	1	5	1030
0.863962	1	1	5	1030
0.864002	1	1	5	1030
0.864042	1	1	5	1030
0.864082	1	1	5	1030
0.864122	1	1	5	1030
0.864162	1	1	5	1030
0.864202	1	1	5	1030
0.864242	1	1	5	1030
0.864282	1	1	5	1030
0.864322	1	1	5	1030
0.864362	1	1	5	1030
0.864402	1	1	5	1030
0.864442	1	1	5	1030
0.864482	1	1	5	1030
0.864522	1	1	5	1030
0.864562	1	1	5	1030
0.864602	1	1	5	1030
0.864642	1	1	5	1030
0.864682	1	1	5	1030
0.864722	1	1	5	1030
0.864762	1	1	5	1030
0.864802	1	1	5	1030
0.864842	1	1	5	1030
0.864882	1	1	5	1030
0.864922	1	1	5	1030
0.864962	1	1	5	1030
0.865002	1	1	5	1030
0.865042	1	1	5	1030
0.865082	1	1	5	1030
0.865122	1	1	5	1030
0.865162	1	1	5	1030
0.865202	1	1	5	1030
0.865242	1	1	5	1030
0.865282	1	1	5	1030
0.865322	1	1	5	1030
0.865362	1	1	5	1030
0.865402	1	1	5	1030
0.865442	1	1	5	1030
0.865482	1	1	5	1030
0.865522	1	1	5	1030
0.865562	1	1	5	1030
0.865602	1	1	5	1030
0.865642	1	1	5	1030
0.865682	1	1	5	1030
0.865722	1	1	5	1030
0.865762	1	1	5	1030
0.865802	1	1	5	1030
0.865842	1	1	5	1030
0.865882	1	1	5	1030
0.865922	1	1	5	1030
0.865962	1	1	5	1030
0.866002	1	1	5	1030
0.866042	1	1	5	1030
0.866082	1	1	5	1030
0.866122	1	1	5	1030
0.866162	1	1	5	1030
0.866202	1	1	5	1030
0.866242	1	1	5	1030
0.866282	1	1	5	1030
0.866322	1	1	5	1030
0.866362	1	1	5	1030
0.866402	1	1	5	1030
0.866442	1	1	5	1030
0.866482	1	1	5	1030
0.866522	1	1	5	1030
0.866562	1	1	5	1030
0.866602	1	1	5	1030
0.866642	1	1	5	1030
0.866682	1	1	5	1030
0.866722	1	1	5	1030
0.866762	1	1	5	1030
0.866802	1	1	5	1030
0.866842	1	1	5	1030
0.866882	1	1	5	1030
0.866922	1	1	5	1030
0.866962	1	1	5	1030
0.867002	1	1	5	1030
0.867042	1	1	5	1030
0.867082	1	1	5	1030
0.867122	1	1	5	1030
0.867162	1	1	5	1030
0.867202	1	1	5	1030
0.867242	1	1	5	1030
0.867282	1	1	5	1030
0.867322	1	1	5	1030
0.867362	1	1	5	1030
0.867402	1	1	5	1030
0.867442	1	1	5	1030
0.867482	1	1	5	1030
0.867522	1	1	5	1030
0.867562	1	1	5	1030
0.867602	1	1	5	1030
0.867642	1	1	5	1030
0.867682	1	1	5	1030
0.867722	1	1	5	1030
0.867762	1	1	5	1030
0.867802	1	1	5	1030
0.867842	1	1	5	1030
0.867882	1	1	5	1030
0.867922	1	1	5	1030
0.867962	1	1	5	1030
0.868002	1	1	5	1030
0.868042	1	1	5	1030
0.868082	1	1	5	1030
0.868122	1	1	5	1030
0.868162	1	1	5	1030
0.868202	1	1	5	1030
0.868242	1	1	5	1030
0.868282	1	1	5	1030
0.868322	1	1	5	1030
0.868362	1	1	5	1030
0.868402	1	1	5	1030
0.868442	1	1	5	1030
0.868482	1	1	5	1030
0.868522	1	1	5	1030
0.868562	1	1	5	1030
0.868602	1	1	5	1030
0.868642	1	1	5	1030
0.868682	1	1	5	1030
0.868722	1	1	5	1030
0.868762	1	1	5	1030
0.868802	1	1	5	1030
0.868842	1	1	5	1030
0.868882	1	1	5	1030
0.868922	1	1	5	1030
0.868962	1	1	5	1030
0.869002	1	1	5	1030
0.869042	1	1	5	1030
0.869082	1	1	5	1030
0.869122	1	1	5	1030
0.869162	1	1	5	1030
0.869202	1	1	5	1030
0.869242	1	1	5	1030
0.869282	1	1	5	1030
0.869322	1	1	5	1030
0.869362	1	1	5	1030
0.869402	1	1	5	1030
0.869442	1	1	5	1030
0.869482	1	1	5	1030
0.869522	1	1	5	1030
0.869562	1	1	5	1030
0.869602	1	1	5	1030
0.869642	1	1	5	1030
0.869682	1	1	5	1030
0.869722	1	1	5	1030
0.869762	1	1	5	1030
0.869802	1	1	5	1030
0.869842	1	1	5	1030
0.869882	1	1	5	1030
0.869922	1	1	5	1030
0.869962	1	1	5	1030
0.870002	1	1	5	1030
0.870042	1	1	5	1030
0.870082	1	1	5	1030
0.870122	1	1	5	1030
0.870162	1	1	5	1030
0.870202	1	1	5	1030
0.870242	1	1	5	1030
0.870282	1	1	5	1030
0.870322	1	1	5	1030
0.870362	1	1	5	1030
0.870402	1	1	5	1030
0.870442	1	1	5	1030
0.870482	1	1	5	1030
0.870522	1	1	5	1030
0.870562	1	1	5	1030
0.870602	1	1	5	1030
0.870642	1	1	5	1030
0.870682	1	1	5	1030
0.870722	1	1	5	1030
0.870762	1	1	5	1030
0.870802	1	1	5	1030
0.870842	1	1	5	1030
0.870882	1	1	5	1030
0.870922	1	1	5	1030
0.870962	1	1	5	1030
0.871002	1	1	5	1030
0.871042	1	1	5	1030
0.871082	1	1	5	1030
0.871122	1	1	5	1030
0.871162	1	1	5	1030
0.871202	1	1	5	1030
0.871242	1	1	5	1030
0.871282	1	1	5	1030
0.871322	1	1	5	1030
0.871362	1	1	5	1030
0.871402	1	1	5	1030
0.871442	1	1	5	1030
0.871482	1	1	5	1030
0.871522	1	1	5	1030
0.871562	1	1	5	1030
0.871602	1	1	5	1030
0.871642	1	1	5	1030
0.871682	1	1	5	1030
0.871722	1	1	5	1030
0.871762	1	1	5	1030
0.871802	1	1	5	1030
0.871842	1	1	5	1030
0.871882	1	1	5	1030
0.871922	1	1	5	1030
0.871962	1	1	5	1030
0.872002	1	1	5	1030
0.872042	1	1	5	1030
0.872082	1	1	5	1030
0.872122	1	1	5	1030
0.872162	1	1	5	1030
0.872202	1	1	5	1030
0.872242	1	1	5	1030
0.872282	1	1	5	1030
0.872322	1	1	5	1030
0.872362	1	1	5	1030
0.872402	1	1	5	1030
0.872442	1	1	5	1030
0.872482	1	1	5	1030
0.872522	1	1	5	1030
0.872562	1	1	5	1030
0.872602	1	1	5	1030
0.872642	1	1	5	1030
0.872682	1	1	5	1030
0.872722	1	1	5	1030
0.872762	1	1	5	1030
0.872802	1	1	5	1030
0.872842	1	1	5	1030
0.872882	1	1	5	1030
0.872922	1	1	5	1030
0.872962	1	1	5	1030
0.873002	1	1	5	1030
0.873042	1	1	5	1030
0.873082	1	1	5	1030
0.873122	1	1	5	1030
0.873162	1	1	5	1030
0.873202	1	1	5	1030
0.873242	1	1	5	1030
0.873282	1	1	5	1030
0.873322	1	1	5	1030
0.873362	1	1	5	1030
0.873402	1	1	5	1030
0.873442	1	1	5	1030
0.873482	1	1	5	1030
0.873522	1	1	5	1030
0.873562	1	1	5	1030
0.873602	1	1	5	1030
0.873642	1	1	5	1030
0.873682	1	1	5	1030
0.873722	1	1	5	1030
0.873762	1	1	5	1030
0.873802	1	1	5	1030
0.873842	1	1	5	1030
0.873882	1	1	5	1030
0.873922	1	1	5	1030
0.873962	1	1	5	1030
0.874002	1	1	5	1030
0.874042	1	1	5	1030
0.874082	1	1	5	1030
0.874122	1	1	5	1030
0.874162	1	1	5	1030
0.874202	1	1	5	1030
0.874242	1	1	5	1030
0.874282	1	1	5	1030
0.874322	1	1	5	1030
0.874362	1	1	5	1030
0.874402	1	1	5	1030
0.874442	1	1	5	1030
0.874482	1	1	5	1030
0.874522	1	1	5	1030
0.874562	1	1	5	1030
0.874602	1	1	5	1030
0.874642	1	1	5	1030
0.874682	1	1	5	1030
0.874722	1	1	5	1030
0.874762	1	1	5	1030
0.874802	1	1	5	1030
0.874842	1	1	5	1030
0.874882	1	1	5	1030
0.874922	1	1	5	1030
0.874962	1	1	5	1030
0.875002	1	1	5	1030
0.875042	1	1	5	1030
0.875082	1	1	5	1030
0.875122	1	1	5	1030
0.875162	1	1	5	1030
0.875202	1	1	5	1030
0.875242	1	1	5	1030
0.875282	1	1	5	1030
0.875322	1	1	5	1030
0.875362	1	1	5	1030
0.875402	1	1	5	1030
0.875442	1	1	5	1030
0.875482	1	1	5	1030
0.875522	1	1	5	1030
0.875562	1	1	5	1030
0.875602	1	1	5	1030
0.875642	1	1	5	1030
0.875682	1	1	5	1030
0.875722	1	1	5	1030
0.875762	1	1	5	1030
0.875802	1	1	5	1030
0.875842	1	1	5	1030
0.875882	1	1	5	1030
0.875922	1	1	5	1030
0.875962	1	1	5	1030
0.876002	1	1	5	1030
0.876042	1	1	5	1030
0.876082	1	1	5	1030
0.876122	1	1	5	1030
0.876162	1	1	5	1030
0.876202	1	1	5	1030
0.876242	1	1	5	1030
0.876282	1	1	5	1030
0.876322	1	1	5	1030
0.876362	1	1	5	1030
0.876402	1	1	5	1030
0.876442	1	1	5	1030
0.876482	1	1	5	1030
0.876522	1	1	5	1030
0.876562	1	1	5	1030
0.876602	1	1	5	1030
0.876642	1	1	5	1030
0.876682	1	1	5	1030
0.876722	1	1	5	1030
0.876762	1	1	5	1030
0.876802	1	1	5	1030
0.876842	1	1	5	1030
0.876882	1	1	5	1030
0.876922	1	1	5	1030
0.876962	1	1	5	1030
0.877002	1	1	5	1030
0.877042	1	1	5	1030
0.877082	1	1	5	1030
0.877122	1	1	5	1030
0.877162	1	1	5	1030
0.877202	1	1	5	1030
0.877242	1	1	5	1030
0.877282	1	1	5	1030
0.877322	1	1	5	1030
0.877362	1	1	5	1030
0.877402	1	1	5	1030
0.877442	1	1	5	1030
0.877482	1	1	5	1030
0.877522	1	1	5	1030
0.877562	1	1	5	1030
0.877602	1	1	5	1030
0.877642	1	1	5	1030
0.877682	1	1	5	1030
0.877722	1	1	5	1030
0.877762	1	1	5	1030
0.877802	1	1	5	1030
0.877842	1	1	5	1030
0.877882	1	1	5	1030
0.877922	1	1	5	1030
0.877962	1	1	5	1030
0.878002	1	1	5	1030
0.878042	1	1	5	1030
0.878082	1	1	5	1030
0.878122	1	1	5	1030
0.878162	1	1	5	1030
0.878202	1	1	5	1030
0.878242	1	1	5	1030
0.878282	1	1	5	1030
0.878322	1	1	5	1030
0.878362	1	1	5	1030
0.878402	1	1	5	1030
0.878442	1	1	5	1030
0.878482	1	1	5	1030
0.878522	1	1	5	1030
0.878562	1	1	5	1030
0.878602	1	1	5	1030
0.878642	1	1	5	1030
0.878682	1	1	5	1030
0.878722	1	1	5	1030
0.878762	1	1	5	1030
0.878802	1	1	5	1030
0.878842	1	1	5	1030
0.878882	1	1	5	1030
0.878922	1	1	5	1030
0.878962	1	1	5	1030
0.879002	1	1	5	1030
0.879042	1	1	5	1030
0.879082	1	1	5	1030
0.879122	1	1	5	1030
0.879162	1	1	5	1030
0.879202	1	1	5	1030
0.879242	1	1	5	1030
0.879282	1	1	5	1030
0.879322	1	1	5	1030
0.879362	1	1	5	1030
0.879402	1	1	5	1030
0.879442	1	1	5	1030
0.879482	1	1	5	1030
0.879522	1	1	5	1030
0.879562	1	1	5	1030
0.879602	1	1	5	1030
0.879642	1	1	5	1030
0.879682	1	1	5	1030
0.879722	1	1	5	1030
0.879762	1	1	5	1030
0.879802	1	1	5	1030
0.879842	1	1	5	1030
0.879882	1	1	5	1030
0.879922	1	1	5	1030
0.879962	1	1	5	1030
0.880002	1	1	5	1030
0.880042	1	1	5	1030
0.880082	1	1	5	1030
0.880122	1	1	5	1030
0.880162	1	1	5	1030
0.880202	1	1	5	1030
0.880242	1	1	5	1030
0.880282	1	1	5	1030
0.880322	1	1	5	1030
0.880362	1	1	5	1030
0.880402	1	1	5	1030
0.880442	1	1	5	1030
0.880482	1	1	5	1030
0.880522	1	1	5	1030
0.880562	1	1	5	1030
0.880602	1	1	5	1030
0.880642	1	1	5	1030
0.880682	1	1	5	1030
0.880722	1	1	5	1030
0.880762	1	1	5	1030
0.880802	1	1	5	1030
0.880842	1	1	5	1030
0.880882	1	1	5	1030
0.880922	1	1	5	1030
0.880962	1	1	5	1030
0.881002	1	1	5	1030
0.881042	1	1	5	1030
0.881082	1	1	5	1030
0.881122	1	1	5	1030
0.881162	1	1	5	1030
0.881202	1	1	5	1030
0.881242	1	1	5	1030
0.881282	1	1	5	1030
0.881322	1	1	5	1030
0.881362	1	1	5	1030
0.881402	1	1	5	1030
0.881442	1	1	5	1030
0.881482	1	1	5	1030
0.881522	1	1	5	1030
0.881562	1	1	5	1030
0.881602	1	1	5	1030
0.881642	1	1	5	1030
0.881682	1	1	5	1030
0.881722	1	1	5	1030
0.881762	1	1	5	1030
0.881802	1	1	5	1030
0.881842	1	1	5	1030
0.881882	1	1	5	1030
0.881922	1	1	5	1030
0.881962	1	1	5	1030
0.882002	1	1	5	1030
0.882042	1	1	5	1030
0.882082	1	1	5	1030
0.882122	1	1	5	1030
0.882162	1	1	5	1030
0.882202	1	1	5	1030
0.882242	1	1	5	1030
0.882282	1	1	5	1030
0.882322	1	1	5	1030
0.882362	1	1	5	1030
0.882402	1	1	5	1030
0.882442	1	1	5	1030
0.882482	1	1	5	1030
0.882522	1	1	5	1030
0.882562	1	1	5	1030
0.882602	1	1	5	1030
0.882642	1	1	5	1030
0.882682	1	1	5	1030
0.882722	1	1	5	1030
0.882762	1	1	5	1030
0.882802	1	1	5	1030
0.882842	1	1	5	1030
0.882882	1	1	5	1030
0.882922	1	1	5	1030
0.882962	1	1	5	1030
0.883002	1	1	5	1030
0.883042	1	1	5	1030
0.883082	1	1	5	1030
0.883122	1	1	5	1030
0.883162	1	1	5	1030
0.883202	1	1	5	1030
0.883242	1	1	5	1030
0.883282	1	1	5	1030
0.883322	1	1	5	1030
0.883362	1	1	5	1030
0.883402	1	1	5	1030
0.883442	1	1	5	1030
0.883482	1	1	5	1030
0.883522	1	1	5	1030
0.883562	1	1	5	1030
0.883602	1	1	5	1030
0.883642	1	1	5	1030
0.883682	1	1	5	1030
0.883722	1	1	5	1030
0.883762	1	1	5	1030
0.883802	1	1	5	1030
0.883842	1	1	5	1030
0.883882	1	1	5	1030
0.883922	1	1	5	1030
0.883962	1	1	5	1030
0.884002	1	1	5	1030
0.884042	1	1	5	1030
0.884082	1	1	5	1030
0.884122	1	1	5	1030
0.884162	1	1	5	1030
0.884202	1	1	5	1030
0.884242	1	1	5	1030
0.884282	1	1	5	1030
0.884322	1	1	5	1030
0.884362	1	1	5	1030
0.884402	1	1	5	1030
0.884442	1	1	5	1030
0.884482	1	1	5	1030
0.884522	1	1	5	1030
0.884562	1	1	5	1030
0.884602	1	1	5	1030
0.884642	1	1	5	1030
0.884682	1	1	5	1030
0.884722	1	1	5	1030
0.884762	1	1	5	1030
0.884802	1	1	5	1030
0.884842	1	1	5	1030
0.884882	1	1	5	1030
0.884922	1	1	5	1030
0.884962	1	1	5	1030
0.885002	1	1	5	1030
0.885042	1	1	5	1030
0.885082	1	1	5	1030
0.885122	1	1	5	1030
0.885162	1	1	5	1030
0.885202	1	1	5	1030
0.885242	1	1	5	1030
0.885282	1	1	5	1030
0.885322	1	1	5	1030
0.885362	1	1	5	1030
0.885402	1	1	5	1030
0.885442	1	1	5	1030
0.885482	1	1	5	1030
0.885522	1	1	5	1030
0.885562	1	1	5	1030
0.885602	1	1	5	1030
0.885642	1	1	5	1030
0.885682	1	1	5	1030
0.885722	1	1	5	1030
0.885762	1	1	5	1030
0.885802	1	1	5	1030
0.885842	1	1	5	1030
0.885882	1	1	5	1030
0.885922	1	1	5	1030
0.885962	1	1	5	1030
0.886002	1	1	5	1030
0.886042	1	1	5	1030
0.886082	1	1	5	1030
0.886122	1	1	5	1030
0.886162	1	1	5	1030
0.886202	1	1	5	1030
0.886242	1	1	5	1030
0.886282	1	1	5	1030
0.886322	1	1	5	1030
0.886362	1	1	5	1030
0.886402	1	1	5	1030
0.886442	1	1	5	1030
0.886482	1	1	5	1030
0.886522	1	1	5	1030
0.886562	1	1	5	1030
0.886602	1	1	5	1030
0.886642	1	1	5	1030
0.886682	1	1	5	1030
0.886722	1	1	5	1030
0.886762	1	1	5	1030
0.886802	1	1	5	1030
0.886842	1	1	5	1030
0.886882	1	1	5	1030
0.886922	1	1	5	1030
0.886962	1	1	5	1030
0.887002	1	1	5	1030
0.887042	1	1	5	1030
0.887082	1	1	5	1030
0.887122	1	1	5	1030
0.887162	1	1	5	1030
0.887202	1	1	5	1030
0.887242	1	1	5	1030
0.887282	1	1	5	1030
0.887322	1	1	5	1030
0.887362	1	1	5	1030
0.887402	1	1	5	1030
0.887442	1	1	5	1030
0.887482	1	1	5	1030
0.887522	1	1	5	1030
0.887562	1	1	5	1030
0.887602	1	1	5	1030
0.887642	1	1	5	1030
0.887682	1	1	5	1030
0.887722	1	1	5	1030
0.887762	1	1	5	1030
0.887802	1	1	5	1030
0.887842	1	1	5	1030
0.887882	1	1	5	1030
0.887922	1	1	5	1030
0.887962	1	1	5	1030
0.888002	1	1	5	1030
0.888042	1	1	5	1030
0.888082	1	1	5	1030
0.888122	1	1	5	1030
0.888162	1	1	5	1030
0.888202	1	1	5	1030
0.888242	1	1	5	1030
0.888282	1	1	5	1030
0.888322	1	1	5	1030
0.888362	1	1	5	1030
0.888402	1	1	5	1030
0.888442	1	1	5	1030
0.888482	1	1	5	1030
0.888522	1	1	5	1030
0.888562	1	1	5	1030
0.888602	1	1	5	1030
0.888642	1	1	5	1030
0.888682	1	1	5	1030
0.888722	1	1	5	1030
0.888762	1	1	5	1030
0.888802	1	1	5	1030
0.888842	1	1	5	1030
0.888882	1	1	5	1030
0.888922	1	1	5	1030
0.888962	1	1	5	1030
0.889002	1	1	5	1030
0.889042	1	1	5	1030
0.889082	1	1	5	1030
0.889122	1	1	5	1030
0.889162	1	1	5	1030
0.889202	1	1	5	1030
0.889242	1	1	5	1030
0.889282	1	1	5	1030
0.889322	1	1	5	1030
0.889362	1	1	5	1030
0.889402	1	1	5	1030
0.889442	1	1	5	1030
0.889482	1	1	5	1030
0.889522	1	1	5	1030
0.889562	1	1	5	1030
0.889602	1	1	5	1030
0.889642	1	1	5	1030
0.889682	1	1	5	1030
0.889722	1	1	5	1030
0.889762	1	1	5	1030
0.889802	1	1	5	1030
0.889842	1	1	5	1030
0.889882	1	1	5	1030
0.889922	1	1	5	1030
0.889962	1	1	5	1030
0.890002	1	1	5	1030
0.890042	1	1	5	1030
0.890082	1	1	5	1030
0.890122	1	1	5	1030
0.890162	1	1	5	1030
0.890202	1	1	5	1030
0.890242	1	1	5	1030
0.890282	1	1	5	1030
0.890322	1	1	5	1030
0.890362	1	1	5	1030
0.890402	1	1	5	1030
0.890442	1	1	5	1030
0.890482	1	1	5	1030
0.890522	1	1	5	1030
0.890562	1	1	5	1030
0.890602	1	1	5	1030
0.890642	1	1	5	1030
0.890682	1	1	5	1030
0.890722	1	1	5	1030
0.890762	1	1	5	1030
0.890802	1	1	5	1030
0.890842	1	1	5	1030
0.890882	1	1	5	1030
0.890922	1	1	5	1030
0.890962	1	1	5	1030
0.891002	1	1	5	1030
0.891042	1	1	5	1030
0.891082	1	1	5	1030
0.891122	1	1	5	1030
0.891162	1	1	5	1030
0.891202	1	1	5	1030
0.891242	1	1	5	1030
0.891282	1	1	5	1030
0.891322	1	1	5	1030
0.891362	1	1	5	1030
0.891402	1	1	5	1030
0.891442	1	1	5	1030
0.891482	1	1	5	1030
0.891522	1	1	5	1030
0.891562	1	1	5	1030
0.891602	1	1	5	1030
0.891642	1	1	5	1030
0.891682	1	1	5	1030
0.891722	1	1	5	1030
0.891762	1	1	5	1030
0.891802	1	1	5	1030
0.891842	1	1	5	1030
0.891882	1	1	5	1030
0.891922	1	1	5	1030
0.891962	1	1	5	1030
0.892002	1	1	5	1030
0.892042	1	1	5	1030
0.892082	1	1	5	1030
0.892122	1	1	5	1030
0.892162	1	1	5	1030
0.892202	1	1	5	1030
0.892242	1	1	5	1030
0.892282	1	1	5	1030
0.892322	1	1	5	1030
0.892362	1	1	5	1030
0.892402	1	1	5	1030
0.892442	1	1	5	1030
0.892482	1	1	5	1030
0.892522	1	1	5	1030
0.892562	1	1	5	1030
0.892602	1	1	5	1030
0.892642	1	1	5	1030
0.892682	1	1	5	1030
0.892722	1	1	5	1030
0.892762	1	1	5	1030
0.892802	1	1	5	1030
0.892842	1	1	5	1030
0.892882	1	1	5	1030
0.892922	1	1	5	1030
0.892962	1	1	5	1030
0.893002	1	1	5	1030
0.893042	1	1	5	1030
0.893082	1	1	5	1030
0.893122	1	1	5	1030
0.893162	1	1	5	1030
0.893202	1	1	5	1030
0.893242	1	1	5	1030
0.893282	1	1	5	1030
0.893322	1	1	5	1030
0.893362	1	1	5	1030
0.893402	1	1	5	1030
0.893442	1	1	5	1030
0.893482	1	1	5	1030
0.893522	1	1	5	1030
0.893562	1	1	5	1030
0.893602	1	1	5	1030
0.893642	1	1	5	1030
0.893682	1	1	5	1030
0.893722	1	1	5	1030
0.893762	1	1	5	1030
0.893802	1	1	5	1030
0.893842	1	1	5	1030
0.893882	1	1	5	1030
0.893922	1	1	5	1030
0.893962	1	1	5	1030
0.894002	1	1	5	1030
0.894042	1	1	5	1030
0.894082	1	1	5	1030
0.894122	1	1	5	1030
0.894162	1	1	5	1030
0.894202	1	1	5	1030
0.894242	1	1	5	1030
0.894282	1	1	5	1030
0.894322	1	1	5	1030
0.894362	1	1	5	1030
0.894402	1	1	5	1030
0.894442	1	1	5	1030
0.894482	1	1	5	1030
0.894522	1	1	5	1030
0.894562	1	1	5	1030
0.894602	1	1	5	1030
0.894642	1	1	5	1030
0.894682	1	1	5	1030
0.894722	1	1	5	1030
0.894762	1	1	5	1030
0.894802	1	1	5	1030
0.894842	1	1	5	1030
0.894882	1	1	5	1030
0.894922	1	1	5	1030
0.894962	1	1	5	1030
0.895002	1	1	5	1030
0.895042	1	1	5	1030
0.895082	1	1	5	1030
0.895122	1	1	5	1030
0.895162	1	1	5	1030
0.895202	1	1	5	1030
0.895242	1	1	5	1030
0.895282	1	1	5	1030
0.895322	1	1	5	1030
0.895362	1	1	5	1030
0.895402	1	1	5	1030
0.895442	1	1	5	1030
0.895482	1	1	5	1030
0.895522	1	1	5	1030
0.895562	1	1	5	1030
0.895602	1	1	5	1030
0.895642	1	1	5	1030
0.895682	1	1	5	1030
0.895722	1	1	5	1030
0.895762	1	1	5	1030
0.895802	1	1	5	1030
0.895842	1	1	5	1030
0.895882	1	1	5	1030
0.895922	1	1	5	1030
0.895962	1	1	5	1030
0.896002	1	1	5	1030
0.896042	1	1	5	1030
0.896082	1	1	5	1030
0.896122	1	1	5	1030
0.896162	1	1	5	1030
0.896202	1	1	5	1030
0.896242	1	1	5	1030
0.896282	1	1	5	1030
0.896322	1	1	5	1030
0.896362	1	1	5	1030
0.896402	1	1	5	1030
0.896442	1	1	5	1030
0.896482	1	1	5	1030
0.896522	1	1	5	1030
0.896562	1	1	5	1030
0.896602	1	1	5	1030
0.896642	1	1	5	1030
0.896682	1	1	5	1030
0.896722	1	1	5	1030
0.896762	1	1	5	1030
0.896802	1	1	5	1030
0.896842	1	1	5	1030
0.896882	1	1	5	1030
0.896922	1	1	5	1030
0.896962	1	1	5	1030
0.897002	1	1	5	1030
0.897042	1	1	5	1030
0.897082	1	1	5	1030
0.897122	1	1	5	1030
0.897162	1	1	5	1030
0.897202	1	1	5	1030
0.897242	1	1	5	1030
0.897282	1	1	5	1030
0.897322	1	1	5	1030
0.897362	1	1	5	1030
0.897402	1	1	5	1030
0.897442	1	1	5	1030
0.897482	1	1	5	1030
0.897522	1	1	5	1030
0.897562	1	1	5	1030
0.897602	1	1	5	1030
0.897642	1	1	5	1030
0.897682	1	1	5	1030
0.897722	1	1	5	1030
0.897762	1	1	5	1030
0.897802	1	1	5	1030
0.897842	1	1	5	1030
0.897882	1	1	5	1030
0.897922	1	1	5	1030
0.897962	1	1	5	1030
0.898002	1	1	5	1030
0.898042	1	1	5	1030
0.898082	1	1	5	1030
0.898122	1	1	5	1030
0.898162	1	1	5	1030
0.898202	1	1	5	1030
0.898242	1	1	5	1030
0.898282	1	1	5	1030
0.898322	1	1	5	1030
0.898362	1	1	5	1030
0.898402	1	1	5	1030
0.898442	1	1	5	1030
0.898482	1	1	5	1030
0.898522	1	1	5	1030
0.898562	1	1	5	1030
0.898602	1	1	5	1030
0.898642	1	1	5	1030
0.898682	1	1	5	1030
0.898722	1	1	5	1030
0.898762	1	1	5	1030
0.898802	1	1	5	1030
0.898842	1	1	5	1030
0.898882	1	1	5	1030
0.898922	1	1	5	1030
0.898962	1	1	5	1030
0.899002	1	1	5	1030
0.899042	1	1	5	1030
0.899082	1	1	5	1030
0.899122	1	1	5	1030
0.899162	1	1	5	1030
0.899202	1	1	5	1030
0.899242	1	1	5	1030
0.899282	1	1	5	1030
0.899322	1	1	5	1030
0.899362	1	1	5	1030
0.899402	1	1	5	1030
0.899442	1	1	5	1030
0.899482	1	1	5	1030
0.899522	1	1	5	1030
0.899562	1	1	5	1030
0.899602	1	1	5	1030
0.899642	1	1	5	1030
0.899682	1	1	5	1030
0.899722	1	1	5	1030
0.899762	1	1	5	1030
0.899802	1	1	5	1030
0.899842	1	1	5	1030
0.899882	1	1	5	1030
0.899922	1	1	5	1030
0.899962	1	1	5	1030
0.900002	1	1	5	1030
0.900042	1	1	5	1030
0.900082	1	1	5	1030
0.900122	1	1	5	1030
0.900162	1	1	5	1030
0.900202	1	1	5	1030
0.900242	1	1	5	1030
0.900282	1	1	5	1030
0.900322	1	1	5	1030
0.900362	1	1	5	1030
0.900402	1	1	5	1030
0.900442	1	1	5	1030
0.900482	1	1	5	1030
0.900522	1	1	5	1030
0.900562	1	1	5	1030
0.900602	1	1	5	1030
0.900642	1	1	5	1030
0.900682	1	1	5	1030
0.900722	1	1	5	1030
0.900762	1	1	5	1030
0.900802	1	1	5	1030
0.900842	1	1	5	1030
0.900882	1	1	5	1030
0.900922	1	1	5	1030
0.900962	1	1	5	1030
0.901002	1	1	5	1030
0.901042	1	1	5	1030
0.901082	1	1	5	1030
0.901122	1	1	5	1030
0.901162	1	1	5	1030
0.901202	1	1	5	1030
0.901242	1	1	5	1030
0.901282	1	1	5	1030
0.901322	1	1	5	1030
0.901362	1	1	5	1030
0.901402	1	1	5	1030
0.901442	1	1	5	1030
0.901482	1	1	5	1030
0.901522	1	1	5	1030
0.901562	1	1	5	1030
0.901602	1	1	5	1030
0.901642	1	1	5	1030
0.901682	1	1	5	1030
0.901722	1	1	5	1030
0.901762	1	1	5	1030
0.901802	1	1	5	1030
0.901842	1	1	5	1030
0.901882	1	1	5	1030
0.901922	1	1	5	1030
0.901962	1	1	5	1030
0.902002	1	1	5	1030
0.902042	1	1	5	1030
0.902082	1	1	5	1030
0.902122	1	1	5	1030
0.902162	1	1	5	1030
0.902202	1	1	5	1030
0.902242	1	1	5	1030
0.902282	1	1	5	1030
0.902322	1	1	5	1030
0.902362	1	1	5	1030
0.902402	1	1	5	1030
0.902442	1	1	5	1030
0.902482	1	1	5	1030
0.902522	1	1	5	1030
0.902562	1	1	5	1030
0.902602	1	1	5	1030
0.902642	1	1	5	1030
0.902682	1	1	5	1030
0.902722	1	1	5	1030
0.902762	1	1	5	1030
0.902802	1	1	5	1030
0.902842	1	1	5	1030
0.902882	1	1	5	1030
0.902922	1	1	5	1030
0.902962	1	1	5	1030
0.903002	1	1	5	1030
0.903042	1	1	5	1030
0.903082	1	1	5	1030
0.903122	1	1	5	1030
0.903162	1	1	5	1030
0.903202	1	1	5	1030
0.903242	1	1	5	1030
0.903282	1	1	5	1030
0.903322	1	1	5	1030
0.903362	1	1	5	1030
0.903402	1	1	5	1030
0.903442	1	1	5	1030
0.903482	1	1	5	1030
0.903522	1	1	5	1030
0.903562	1	1	5	1030
0.903602	1	1	5	1030
0.903642	1	1	5	1030
0.903682	1	1	5	1030
0.903722	1	1	5	1030
0.903762	1	1	5	1030
0.903802	1	1	5	1030
0.903842	1	1	5	1030
0.903882	1	1	5	1030
0.903922	1	1	5	1030
0.903962	1	1	5	1030
0.904002	1	1	5	1030
0.904042	1	1	5	1030
0.904082	1	1	5	1030
0.904122	1	1	5	1030
0.904162	1	1	5	1030
0.904202	1	1	5	1030
0.904242	1	1	5	1030
0.904282	1	1	5	1030
0.904322	1	1	5	1030
0.904362	1	1	5	1030
0.904402	1	1	5	1030
0.904442	1	1	5	1030
0.904482	1	1	5	1030
0.904522	1	1	5	1030
0.904562	1	1	5	1030
0.904602	1	1	5	1030
0.904642	1	1	5	1030
0.904682	1	1	5	1030
0.904722	1	1	5	1030
0.904762	1	1	5	1030
0.904802	1	1	5	1030
0.904842	1	1	5	1030
0.904882	1	1	5	1030
0.904922	1	1	5	1030
0.904962	1	1	5	1030
0.905002	1	1	5	1030
0.905042	1	1	5	1030
0.905082	1	1	5	1030
0.905122	1	1	5	1030
0.905162	1	1	5	1030
0.905202	1	1	5	1030
0.905242	1	1	5	1030
0.905282	1	1	5	1030
0.905322	1	1	5	1030
0.905362	1	1	5	1030
0.905402	1	1	5	1030
0.905442	1	1	5	1030
0.905482	1	1	5	1030
0.905522	1	1	5	1030
0.905562	1	1	5	1030
0.905602	1	1	5	1030
0.905642	1	1	5	1030
0.905682	1	1	5	1030
0.905722	1	1	5	1030
0.905762	1	1	5	1030
0.905802	1	1	5	1030
0.905842	1	1	5	1030
0.905882	1	1	5	1030
0.905922	1	1	5	1030
0.905962	1	1	5	1030
0.906002	1	1	5	1030
0.906042	1	1	5	1030
0.906082	1	1	5	1030
0.906122	1	1	5	1030
0.906162	1	1	5	1030
0.906202	1	1	5	1030
0.906242	1	1	5	1030
0.906282	1	1	5	1030
0.906322	1	1	5	1030
0.906362	1	1	5	1030
0.906402	1	1	5	1030
0.906442	1	1	5	1030
0.906482	1	1	5	1030
0.906522	1	1	5	1030
0.906562	1	1	5	1030
0.906602	1	1	5	1030
0.906642	1	1	5	1030
0.906682	1	1	5	1030
0.906722	1	1	5	1030
0.906762	1	1	5	1030
0.906802	1	1	5	1030
0.906842	1	1	5	1030
0.906882	1	1	5	1030
0.906922	1	1	5	1030
0.906962	1	1	5	1030
0.907002	1	1	5	1030
0.907042	1	1	5	1030
0.907082	1	1	5	1030
0.907122	1	1	5	1030
0.907162	1	1	5	1030
0.907202	1	1	5	1030
0.907242	1	1	5	1030
0.907282	1	1	5	1030
0.907322	1	1	5	1030
0.907362	1	1	5	1030
0.907402	1	1	5	1030
0.907442	1	1	5	1030
0.907482	1	1	5	1030
0.907522	1	1	5	1030
0.907562	1	1	5	1030
0.907602	1	1	5	1030
0.907642	1	1	5	1030
0.907682	1	1	5	1030
0.907722	1	1	5	1030
0.907762	1	1	5	1030
0.907802	1	1	5	1030
0.907842	1	1	5	1030
0.907882	1	1	5	1030
0.907922	1	1	5	1030
0.907962	1	1	5	1030
0.908002	1	1	5	1030
0.908042	1	1	5	1030
0.908082	1	1	5	1030
0.908122	1	1	5	1030
0.908162	1	1	5	1030
0.908202	1	1	5	1030
0.908242	1	1	5	1030
0.908282	1	1	5	1030
0.908322	1	1	5	1030
0.908362	1	1	5	1030
0.908402	1	1	5	1030
0.908442	1	1	5	1030
0.908482	1	1	5	1030
0.908522	1	1	5	1030
0.908562	1	1	5	1030
0.908602	1	1	5	1030
0.908642	1	1	5	1030
0.908682	1	1	5	1030
0.908722	1	1	5	1030
0.908762	1	1	5	1030
0.908802	1	1	5	1030
0.908842	1	1	5	1030
0.908882	1	1	5	1030
0.908922	1	1	5	1030
0.908962	1	1	5	1030
0.909002	1	1	5	1030
0.909042	1	1	5	1030
0.909082	1	1	5	1030
0.909122	1	1	5	1030
0.909162	1	1	5	1030
0.909202	1	1	5	1030
0.909242	1	1	5	1030
0.909282	1	1	5	1030
0.909322	1	1	5	1030
0.909362	1	1	5	1030
0.909402	1	1	5	1030
0.909442	1	1	5	1030
0.909482	1	1	5	1030
0.909522	1	1	5	1030
0.909562	1	1	5	1030
0.909602	1	1	5	1030
0.909642	1	1	5	1030
0.909682	1	1	5	1030
0.909722	1	1	5	1030
0.909762	1	1	5	1030
0.909802	1	1	5	1030
0.909842	1	1	5	1030
0.909882	1	1	5	1030
0.909922	1	1	5	1030
0.909962	1	1	5	1030
0.910002	1	1	5	1030
0.910042	1	1	5	1030
0.910082	1	1	5	1030
0.910122	1	1	5	1030
0.910162	1	1	5	1030
0.910202	1	1	5	1030
0.910242	1	1	5	1030
0.910282	1	1	5	1030
0.910322	1	1	5	1030
0.910362	1	1	5	1030
0.910402	1	1	5	1030
0.910442	1	1	5	1030
0.910482	1	1	5	1030
0.910522	1	1	5	1030
0.910562	1	1	5	1030
0.910602	1	1	5	1030
0.910642	1	1	5	1030
0.910682	1	1	5	1030
0.910722	1	1	5	1030
0.910762	1	1	5	1030
0.910802	1	1	5	1030
0.910842	1	1	5	1030
0.910882	1	1	5	1030
0.910922	1	1	5	1030
0.910962	1	1	5	1030
0.911002	1	1	5	1030
0.911042	1	1	5	1030
0.911082	1	1	5	1030
0.911122	1	1	5	1030
0.911162	1	1	5	1030
0.911202	1	1	5	1030
0.911242	1	1	5	1030
0.911282	1	1	5	1030
0.911322	1	1	5	1030
0.911362	1	1	5	1030
0.911402	1	1	5	1030
0.911442	1	1	5	1030
0.911482	1	1	5	1030
0.911522	1	1	5	1030
0.911562	1	1	5	1030
0.911602	1	1	5	1030
0.911642	1	1	5	1030
0.911682	1	1	5	1030
0.911722	1	1	5	1030
0.911762	1	1	5	1030
0.911802	1	1	5	1030
0.911842	1	1	5	1030
0.911882	1	1	5	1030
0.911922	1	1	5	1030
0.911962	1	1	5	1030
0.912002	1	1	5	1030
0.912042	1	1	5	1030
0.912082	1	1	5	1030
0.912122	1	1	5	1030
0.912162	1	1	5	1030
0.912202	1	1	5	1030
0.912242	1	1	5	1030
0.912282	1	1	5	1030
0.912322	1	1	5	1030
0.912362	1	1	5	1030
0.912402	1	1	5	1030
0.912442	1	1	5	1030
0.912482	1	1	5	1030
0.912522	1	1	5	1030
0.912562	1	1	5	1030
0.912602	1	1	5	1030
0.912642	1	1	5	1030
0.912682	1	1	5	1030
0.912722	1	1	5	1030
0.912762	1	1	5	1030
0.912802	1	1	5	1030
0.912842	1	1	5	1030
0.912882	1	1	5	1030
0.912922	1	1	5	1030
0.912962	1	1	5	1030
0.913002	1	1	5	1030
0.913042	1	1	5	1030
0.913082	1	1	5	1030
0.913122	1	1	5	1030
0.913162	1	1	5	1030
0.913202	1	1	5	1030
0.913242	1	1	5	1030
0.913282	1	1	5	1030
0.913322	1	1	5	1030
0.913362	1	1	5	1030
0.913402	1	1	5	1030
0.913442	1	1	5	1030
0.913482	1	1	5	1030
0.913522	1	1	5	1030
0.913562	1	1	5	1030
0.913602	1	1	5	1030
0.913642	1	1	5	1030
0.913682	1	1	5	1030
0.913722	1	1	5	1030
0.913762	1	1	5	1030
0.913802	1	1	5	1030
0.913842	1	1	5	1030
0.913882	1	1	5	1030
0.913922	1	1	5	1030
0.913962	1	1	5	1030
0.914002	1	1	5	1030
0.914042	1	1	5	1030
0.914082	1	1	5	1030
0.914122	1	1	5	1030
0.914162	1	1	5	1030
0.914202	1	1	5	1030
0.914242	1	1	5	1030
0.914282	1	1	5	1030
0.914322	1	1	5	1030
0.914362	1	1	5	1030
0.914402	1	1	5	1030
0.914442	1	1	5	1030
0.914482	1	1	5	1030
0.914522	1	1	5	1030
0.914562	1	1	5	1030
0.914602	1	1	5	1030
0.914642	1	1	5	1030
0.914682	1	1	5	1030
0.914722	1	1	5	1030
0.914762	1	1	5	1030
0.914802	1	1	5	1030
0.914842	1	1	5	1030
0.914882	1	1	5	1030
0.914922	1	1	5	1030
0.914962	1	1	5	1030
0.915002	1	1	5	1030
0.915042	1	1	5	1030
0.915082	1	1	5	1030
0.915122	1	1	5	1030
0.915162	1	1	5	1030
0.915202	1	1	5	1030
0.915242	1	1	5	1030
0.915282	1	1	5	1030
0.915322	1	1	5	1030
0.915362	1	1	5	1030
0.915402	1	1	5	1030
0.915442	1	1	5	1030
0.915482	1	1	5	1030
0.915522	1	1	5	1030
0.915562	1	1	5	1030
0.915602	1	1	5	1030
0.915642	1	1	5	1030
0.915682	1	1	5	1030
0.915722	1	1	5	1030
0.915762	1	1	5	1030
0.915802	1	1	5	1030
0.915842	1	1	5	1030
0.915882	1	1	5	1030
0.915922	1	1	5	1030
0.915962	1	1	5	1030
0.916002	1	1	5	1030
0.916042	1	1	5	1030
0.916082	1	1	5	1030
0.916122	1	1	5	1030
0.916162	1	1	5	1030
0.916202	1	1	5	1030
0.916242	1	1	5	1030
0.916282	1	1	5	1030
0.916322	1	1	5	1030
0.916362	1	1	5	1030
0.916402	1	1	5	1030
0.916442	1	1	5	1030
0.916482	1	1	5	1030
0.916522	1	1	5	1030
0.916562	1	1	5	1030
0.916602	1	1	5	1030
0.916642	1	1	5	1030
0.916682	1	1	5	1030
0.916722	1	1	5	1030
0.916762	1	1	5	1030
0.916802	1	1	5	1030
0.916842	1	1	5	1030
0.916882	1	1	5	1030
0.916922	1	1	5	1030
0.916962	1	1	5	1030
0.917002	1	1	5	1030
0.917042	1	1	5	1030
0.917082	1	1	5	1030
0.917122	1	1	5	1030
0.917162	1	1	5	1030
0.917202	1	1	5	1030
0.917242	1	1	5	1030
0.917282	1	1	5	1030
0.917322	1	1	5	1030
0.917362	1	1	5	1030
0.917402	1	1	5	1030
0.917442	1	1	5	1030
0.917482	1	1	5	1030
0.917522	1	1	5	1030
0.917562	1	1	5	1030
0.917602	1	1	5	1030
0.917642	1	1	5	1030
0.917682	1	1	5	1030
0.917722	1	1	5	1030
0.917762	1	1	5	1030
0.917802	1	1	5	1030
0.917842	1	1	5	1030
0.917882	1	1	5	1030
0.917922	1	1	5	1030
0.917962	1	1	5	1030
0.918002	1	1	5	1030
0.918042	1	1	5	1030
0.918082	1	1	5	1030
0.918122	1	1	5	1030
0.918162	1	1	5	1030
0.918202	1	1	5	1030
0.918242	1	1	5	1030
0.918282	1	1	5	1030
0.918322	1	1	5	1030
0.918362	1	1	5	1030
0.918402	1	1	5	1030
0.918442	1	1	5	1030
0.918482	1	1	5	1030
0.918522	1	1	5	1030
0.918562	1	1	5	1030
0.918602	1	1	5	1030
0.918642	1	1	5	1030
0.918682	1	1	5	1030
0.918722	1	1	5	1030
0.918762	1	1	5	1030
0.918802	1	1	5	1030
0.918842	1	1	5	1030
0.918882	1	1	5	1030
0.918922	1	1	5	1030
0.918962	1	1	5	1030
0.919002	1	1	5	1030
0.919042	1	1	5	1030
0.919082	1	1	5	1030
0.919122	1	1	5	1030
0.919162	1	1	5	1030
0.919202	1	1	5	1030
0.919242	1	1	5	1030
0.919282	1	1	5	1030
0.919322	1	1	5	1030
0.919362	1	1	5	1030
0.919402	1	1	5	1030
0.919442	1	1	5	1030
0.919482	1	1	5	1030
0.919522	1	1	5	1030
0.919562	1	1	5	1030
0.919602	1	1	5	1030
0.919642	1	1	5	1030
0.919682	1	1	5	1030
0.919722	1	1	5	1030
0.919762	1	1	5	1030
0.919802	1	1	5	1030
0.919842	1	1	5	1030
0.919882	1	1	5	1030
0.919922	1	1	5	1030
0.919962	1	1	5	1030
0.920002	1	1	5	1030
0.920042	1	1	5	1030
0.920082	1	1	5	1030
0.920122	1	1	5	1030
0.920162	1	1	5	1030
0.920202	1	1	5	1030
0.920242	1	1	5	1030
0.920282	1	1	5	1030
0.920322	1	1	5	1030
0.920362	1	1	5	1030
0.920402	1	1	5	1030
0.920442	1	1	5	1030
0.920482	1	1	5	1030
0.920522	1	1	5	1030
0.920562	1	1	5	1030
0.920602	1	1	5	1030
0.920642	1	1	5	1030
0.920682	1	1	5	1030
0.920722	1	1	5	1030
0.920762	1	1	5	1030
0.920802	1	1	5	1030
0.920842	1	1	5	1030
0.920882	1	1	5	1030
0.920922	1	1	5	1030
0.920962	1	1	5	1030
0.921002	1	1	5	1030
0.921042	1	1	5	1030
0.921082	1	1	5	1030
0.921122	1	1	5	1030
0.921162	1	1	5	1030
0.921202	1	1	5	1030
0.921242	1	1	5	1030
0.921282	1	1	5	1030
0.921322	1	1	5	1030
0.921362	1	1	5	1030
0.921402	1	1	5	1030
0.921442	1	1	5	1030
0.921482	1	1	5	1030
0.921522	1	1	5	1030
0.921562	1	1	5	1030
0.921602	1	1	5	1030
0.921642	1	1	5	1030
0.921682	1	1	5	1030
0.921722	1	1	5	1030
0.921762	1	1	5	1030
0.921802	1	1	5	1030
0.921842	1	1	5	1030
0.921882	1	1	5	1030
0.921922	1	1	5	1030
0.921962	1	1	5	1030
0.922002	1	1	5	1030
0.922042	1	1	5	1030
0.922082	1	1	5	1030
0.922122	1	1	5	1030
0.922162	1	1	5	1030
0.922202	1	1	5	1030
0.922242	1	1	5	1030
0.922282	1	1	5	1030
0.922322	1	1	5	1030
0.922362	1	1	5	1030
0.922402	1	1	5	1030
0.922442	1	1	5	1030
0.922482	1	1	5	1030
0.922522	1	1	5	1030
0.922562	1	1	5	1030
0.922602	1	1	5	1030
0.922642	1	1	5	1030
0.922682	1	1	5	1030
0.922722	1	1	5	1030
0.922762	1	1	5	1030
0.922802	1	1	5	1030
0.922842	1	1	5	1030
0.922882	1	1	5	1030
0.922922	1	1	5	1030
0.922962	1	1	5	1030
0.923002	1	1	5	1030
0.923042	1	1	5	1030
0.923082	1	1	5	1030
0.923122	1	1	5	1030
0.923162	1	1	5	1030
0.923202	1	1	5	1030
0.923242	1	1	5	1030
0.923282	1	1	5	1030
0.923322	1	1	5	1030
0.923362	1	1	5	1030
0.923402	1	1	5	1030
0.923442	1	1	5	1030
0.923482	1	1	5	1030
0.923522	1	1	5	1030
0.923562	1	1	5	1030
0.923602	1	1	5	1030
0.923642	1	1	5	1030
0.923682	1	1	5	1030
0.923722	1	1	5	1030
0.923762	1	1	5	1030
0.923802	1	1	5	1030
0.923842	1	1	5	1030
0.923882	1	1	5	1030
0.923922	1	1	5	1030
0.923962	1	1	5	1030
0.924002	1	1	5	1030
0.924042	1	1	5	1030
0.924082	1	1	5	1030
0.924122	1	1	5	1030
0.924162	1	1	5	1030
0.924202	1	1	5	1030
0.924242	1	1	5	1030
0.924282	1	1	5	1030
0.924322	1	1	5	1030
0.924362	1	1	5	1030
0.924402	1	1	5	1030
0.924442	1	1	5	1030
0.924482	1	1	5	1030
0.924522	1	1	5	1030
0.924562	1	1	5	1030
0.924602	1	1	5	1030
0.924642	1	1	5	1030
0.924682	1	1	5	1030
0.924722	1	1	5	1030
0.924762	1	1	5	1030
0.924802	1	1	5	1030
0.924842	1	1	5	1030
0.924882	1	1	5	1030
0.924922	1	1	5	1030
0.924962	1	1	5	1030
0.925002	1	1	5	1030
0.925042	1	1	5	1030
0.925082	1	1	5	1030
0.925122	1	1	5	1030
0.925162	1	1	5	1030
0.925202	1	1	5	1030
0.925242	1	1	5	1030
0.925282	1	1	5	1030
0.925322	1	1	5	1030
0.925362	1	1	5	1030
0.925402	1	1	5	1030
0.925442	1	1	5	1030
0.925482	1	1	5	1030
0.925522	1	1	5	1030
0.925562	1	1	5	1030
0.925602	1	1	5	1030
0.925642	1	1	5	1030
0.925682	1	1	5	1030
0.925722	1	1	5	1030
0.925762	1	1	5	1030
0.925802	1	1	5	1030
0.925842	1	1	5	1030
0.925882	1	1	5	1030
0.925922	1	1	5	1030
0.925962	1	1	5	1030
0.926002	1	1	5	1030
0.926042	1	1	5	1030
0.926082	1	1	5	1030
0.926122	1	1	5	1030
0.926162	1	1	5	1030
0.926202	1	1	5	1030
0.926242	1	1	5	1030
0.926282	1	1	5	1030
0.926322	1	1	5	1030
0.926362	1	1	5	1030
0.926402	1	1	5	1030
0.926442	1	1	5	1030
0.926482	1	1	5	1030
0.926522	1	1	5	1030
0.926562	1	1	5	1030
0.926602	1	1	5	1030
0.926642	1	1	5	1030
0.926682	1	1	5	1030
0.926722	1	1	5	1030
0.926762	1	1	5	1030
0.926802	1	1	5	1030
0.926842	1	1	5	1030
0.926882	1	1	5	1030
0.926922	1	1	5	1030
0.926962	1	1	5	1030
0.927002	1	1	5	1030
0.927042	1	1	5	1030
0.927082	1	1	5	1030
0.927122	1	1	5	1030
0.927162	1	1	5	1030
0.927202	1	1	5	1030
0.927242	1	1	5	1030
0.927282	1	1	5	1030
0.927322	1	1	5	1030
0.927362	1	1	5	1030
0.927402	1	1	5	1030
0.927442	1	1	5	1030
0.927482	1	1	5	1030
0.927522	1	1	5	1030
0.927562	1	1	5	1030
0.927602	1	1	5	1030
0.927642	1	1	5	1030
0.927682	1	1	5	1030
0.927722	1	1	5	1030
0.927762	1	1	5	1030
0.927802	1	1	5	1030
0.927842	1	1	5	1030
0.927882	1	1	5	1030
0.927922	1	1	5	1030
0.927962	1	1	5	1030
0.928002	1	1	5	1030
0.928042	1	1	5	1030
0.928082	1	1	5	1030
0.928122	1	1	5	1030
0.928162	1	1	5	1030
0.928202	1	1	5	1030
0.928242	1	1	5	1030
0.928282	1	1	5	1030
0.928322	1	1	5	1030
0.928362	1	1	5	1030
0.928402	1	1	5	1030
0.928442	1	1	5	1030
0.928482	1	1	5	1030
0.928522	1	1	5	1030
0.928562	1	1	5	1030
0.928602	1	1	5	1030
0.928642	1	1	5	1030
0.928682	1	1	5	1030
0.928722	1	1	5	1030
0.928762	1	1	5	1030
0.928802	1	1	5	1030
0.928842	1	1	5	1030
0.928882	1	1	5	1030
0.928922	1	1	5	1030
0.928962	1	1	5	1030
0.929002	1	1	5	1030
0.929042	1	1	5	1030
0.929082	1	1	5	1030
0.929122	1	1	5	1030
0.929162	1	1	5	1030
0.929202	1	1	5	1030
0.929242	1	1	5	1030
0.929282	1	1	5	1030
0.929322	1	1	5	1030
0.929362	1	1	5	1030
0.929402	1	1	5	1030
0.929442	1	1	5	1030
0.929482	1	1	5	1030
0.929522	1	1	5	1030
0.929562	1	1	5	1030
0.929602	1	1	5	1030
0.929642	1	1	5	1030
0.929682	1	1	5	1030
0.929722	1	1	5	1030
0.929762	1	1	5	1030
0.929802	1	1	5	1030
0.929842	1	1	5	1030
0.929882	1	1	5	1030
0.929922	1	1	5	1030
0.929962	1	1	5	1030
0.930002	1	1	5	1030
0.930042	1	1	5	1030
0.930082	1	1	5	1030
0.930122	1	1	5	1030
0.930162	1	1	5	1030
0.930202	1	1	5	1030
0.930242	1	1	5	1030
0.930282	1	1	5	1030
0.930322	1	1	5	1030
0.930362	1	1	5	1030
0.930402	1	1	5	1030
0.930442	1	1	5	1030
0.930482	1	1	5	1030
0.930522	1	1	5	1030
0.930562	1	1	5	1030
0.930602	1	1	5	1030
0.930642	1	1	5	1030
0.930682	1	1	5	1030
0.930722	1	1	5	1030
0.930762	1	1	5	1030
0.930802	1	1	5	1030
0.930842	1	1	5	1030
0.930882	1	1	5	1030
0.930922	1	1	5	1030
0.930962	1	1	5	1030
0.931002	1	1	5	1030
0.931042	1	1	5	1030
0.931082	1	1	5	1030
0.931122	1	1	5	1030
0.931162	1	1	5	1030
0.931202	1	1	5	1030
0.931242	1	1	5	1030
0.931282	1	1	5	1030
0.931322	1	1	5	1030
0.931362	1	1	5	1030
0.931402	1	1	5	1030
0.931442	1	1	5	1030
0.931482	1	1	5	1030
0.931522	1	1	5	1030
0.931562	1	1	5	1030
0.931602	1	1	5	1030
0.931642	1	1	5	1030
0.931682	1	1	5	1030
0.931722	1	1	5	1030
0.931762	1	1	5	1030
0.931802	1	1	5	1030
0.931842	1	1	5	1030
0.931882	1	1	5	1030
0.931922	1	1	5	1030
0.931962	1	1	5	1030
0.932002	1	1	5	1030
0.932042	1	1	5	1030
0.932082	1	1	5	1030
0.932122	1	1	5	1030
0.932162	1	1	5	1030
0.932202	1	1	5	1030
0.932242	1	1	5	1030
0.932282	1	1	5	1030
0.932322	1	1	5	1030
0.932362	1	1	5	1030
0.932402	1	1	5	1030
0.932442	1	1	5	1030
0.932482	1	1	5	1030
0.932522	1	1	5	1030
0.932562	1	1	5	1030
0.932602	1	1	5	1030
0.932642	1	1	5	1030
0.932682	1	1	5	1030
0.932722	1	1	5	1030
0.932762	1	1	5	1030
0.932802	1	1	5	1030
0.932842	1	1	5	1030
0.932882	1	1	5	1030
0.932922	1	1	5	1030
0.932962	1	1	5	1030
0.933002	1	1	5	1030
0.933042	1	1	5	1030
0.933082	1	1	5	1030
0.933122	1	1	5	1030
0.933162	1	1	5	1030
0.933202	1	1	5	1030
0.933242	1	1	5	1030
0.933282	1	1	5	1030
0.933322	1	1	5	1030
0.933362	1	1	5	1030
0.933402	1	1	5	1030
0.933442	1	1	5	1030
0.933482	1	1	5	1030
0.933522	1	1	5	1030
0.933562	1	1	5	1030
0.933602	1	1	5	1030
0.933642	1	1	5	1030
0.933682	1	1	5	1030
0.933722	1	1	5	1030
0.933762	1	1	5	1030
0.933802	1	1	5	1030
0.933842	1	1	5	1030
0.933882	1	1	5	1030
0.933922	1	1	5	1030
0.933962	1	1	5	1030
0.934002	1	1	5	1030
0.934042	1	1	5	1030
0.934082	1	1	5	1030
0.934122	1	1	5	1030
0.934162	1	1	5	1030
0.934202	1	1	5	1030
0.934242	1	1	5	1030
0.934282	1	1	5	1030
0.934322	1	1	5	1030
0.934362	1	1	5	1030
0.934402	1	1	5	1030
0.934442	1	1	5	1030
0.934482	1	1	5	1030
0.934522	1	1	5	1030
0.934562	1	1	5	1030
0.934602	1	1	5	1030
0.934642	1	1	5	1030
0.934682	1	1	5	1030
0.934722	1	1	5	1030
0.934762	1	1	5	1030
0.934802	1	1	5	1030
0.934842	1	1	5	1030
0.934882	1	1	5	1030
0.934922	1	1	5	1030
0.934962	1	1	5	1030
0.935002	1	1	5	1030
0.935042	1	1	5	1030
0.935082	1	1	5	1030
0.935122	1	1	5	1030
0.935162	1	1	5	1030
0.935202	1	1	5	1030
0.935242	1	1	5	1030
0.935282	1	1	5	1030
0.935322	1	1	5	1030
0.935362	1	1	5	1030
0.935402	1	1	5	1030
0.935442	1	1	5	1030
0.935482	1	1	5	1030
0.935522	1	1	5	1030
0.935562	1	1	5	1030
0.935602	1	1	5	1030
0.935642	1	1	5	1030
0.935682	1	1	5	1030
0.935722	1	1	5	1030
0.935762	1	1	5	1030
0.935802	1	1	5	1030
0.935842	1	1	5	1030
0.935882	1	1	5	1030
0.935922	1	1	5	1030
0.935962	1	1	5	1030
0.936002	1	1	5	1030
0.936042	1	1	5	1030
0.936082	1	1	5	1030
0.936122	1	1	5	1030
0.936162	1	1	5	1030
0.936202	1	1	5	1030
0.936242	1	1	5	1030
0.936282	1	1	5	1030
0.936322	1	1	5	1030
0.936362	1	1	5	1030
0.936402	1	1	5	1030
0.936442	1	1	5	1030
0.936482	1	1	5	1030
0.936522	1	1	5	1030
0.936562	1	1	5	1030
0.936602	1	1	5	1030
0.936642	1	1	5	1030
0.936682	1	1	5	1030
0.936722	1	1	5	1030
0.936762	1	1	5	1030
0.936802	1	1	5	1030
0.936842	1	1	5	1030
0.936882	1	1	5	1030
0.936922	1	1	5	1030
0.936962	1	1	5	1030
0.937002	1	1	5	1030
0.937042	1	1	5	1030
0.937082	1	1	5	1030
0.937122	1	1	5	1030
0.937162	1	1	5	1030
0.937202	1	1	5	1030
0.937242	1	1	5	1030
0.937282	1	1	5	1030
0.937322	1	1	5	1030
0.937362	1	1	5	1030
0.937402	1	1	5	1030
0.937442	1	1	5	1030
0.937482	1	1	5	1030
0.937522	1	1	5	1030
0.937562	1	1	5	1030
0.937602	1	1	5	1030
0.937642	1	1	5	1030
0.937682	1	1	5	1030
0.937722	1	1	5	1030
0.937762	1	1	5	1030
0.937802	1	1	5	1030
0.937842	1	1	5	1030
0.937882	1	1	5	1030
0.937922	1	1	5	1030
0.937962	1	1	5	1030
0.938002	1	1	5	1030
0.938042	1	1	5	1030
0.938082	1	1	5	1030
0.938122	1	1	5	1030
0.938162	1	1	5	1030
0.938202	1	1	5	1030
0.938242	1	1	5	1030
0.938282	1	1	5	1030
0.938322	1	1	5	1030
0.938362	1	1	5	1030
0.938402	1	1	5	1030
0.938442	1	1	5	1030
0.938482	1	1	5	1030
0.938522	1	1	5	1030
0.938562	1	1	5	1030
0.938602	1	1	5	1030
0.938642	1	1	5	1030
0.938682	1	1	5	1030
0.938722	1	1	5	1030
0.938762	1	1	5	1030
0.938802	1	1	5	1030
0.938842	1	1	5	1030
0.938882	1	1	5	1030
0.938922	1	1	5	1030
0.938962	1	1	5	1030
0.939002	1	1	5	1030
0.939042	1	1	5	1030
0.939082	1	1	5	1030
0.939122	1	1	5	1030
0.939162	1	1	5	1030
0.939202	1	1	5	1030
0.939242	1	1	5	1030
0.939282	1	1	5	1030
0.939322	1	1	5	1030
0.939362	1	1	5	1030
0.939402	1	1	5	1030
0.939442	1	1	5	1030
0.939482	1	1	5	1030
0.939522	1	1	5	1030
0.939562	1	1	5	1030
0.939602	1	1	5	1030
0.939642	1	1	5	1030
0.939682	1	1	5	1030
0.939722	1	1	5	1030
0.939762	1	1	5	1030
0.939802	1	1	5	1030
0.939842	1	1	5	1030
0.939882	1	1	5	1030
0.939922	1	1	5	1030
0.939962	1	1	5	1030
0.940002	1	1	5	1030
0.940042	1	1	5	1030
0.940082	1	1	5	1030
0.940122	1	1	5	1030
0.940162	1	1	5	1030
0.940202	1	1	5	1030
0.940242	1	1	5	1030
0.940282	1	1	5	1030
0.940322	1	1	5	1030
0.940362	1	1	5	1030
0.940402	1	1	5	1030
0.940442	1	1	5	1030
0.940482	1	1	5	1030
0.940522	1	1	5	1030
0.940562	1	1	5	1030
0.940602	1	1	5	1030
0.940642	1	1	5	1030
0.940682	1	1	5	1030
0.940722	1	1	5	1030
0.940762	1	1	5	1030
0.940802	1	1	5	1030
0.940842	1	1	5	1030
0.940882	1	1	5	1030
0.940922	1	1	5	1030
0.940962	1	1	5	1030
0.941002	1	1	5	1030
0.941042	1	1	5	1030
0.941082	1	1	5	1030
0.941122	1	1	5	1030
0.941162	1	1	5	1030
0.941202	1	1	5	1030
0.941242	1	1	5	1030
0.941282	1	1	5	1030
0.941322	1	1	5	1030
0.941362	1	1	5	1030
0.941402	1	1	5	1030
0.941442	1	1	5	1030
0.941482	1	1	5	1030
0.941522	1	1	5	1030
0.941562	1	1	5	1030
0.941602	1	1	5	1030
0.941642	1	1	5	1030
0.941682	1	1	5	1030
0.941722	1	1	5	1030
0.941762	1	1	5	1030
0.941802	1	1	5	1030
0.941842	1	1	5	1030
0.941882	1	1	5	1030
0.941922	1	1	5	1030
0.941962	1	1	5	1030
0.942002	1	1	5	1030
0.942042	1	1	5	1030
0.942082	1	1	5	1030
0.942122	1	1	5	1030
0.942162	1	1	5	1030
0.942202	1	1	5	1030
0.942242	1	1	5	1030
0.942282	1	1	5	1030
0.942322	1	1	5	1030
0.942362	1	1	5	1030
0.942402	1	1	5	1030
0.942442	1	1	5	1030
0.942482	1	1	5	1030
0.942522	1	1	5	1030
0.942562	1	1	5	1030
0.942602	1	1	5	1030
0.942642	1	1	5	1030
0.942682	1	1	5	1030
0.942722	1	1	5	1030
0.942762	1	1	5	1030
0.942802	1	1	5	1030
0.942842	1	1	5	1030
0.942882	1	1	5	1030
0.942922	1	1	5	1030
0.942962	1	1	5	1030
0.943002	1	1	5	1030
0.943042	1	1	5	1030
0.943082	1	1	5	1030
0.943122	1	1	5	1030
0.943162	1	1	5	1030
0.943202	1	1	5	1030
0.943242	1	1	5	1030
0.943282	1	1	5	1030
0.943322	1	1	5	1030
0.943362	1	1	5	1030
0.943402	1	1	5	1030
0.943442	1	1	5	1030
0.943482	1	1	5	1030
0.943522	1	1	5	1030
0.943562	1	1	5	1030
0.943602	1	1	5	1030
0.943642	1	1	5	1030
0.943682	1	1	5	1030
0.943722	1	1	5	1030
0.943762	1	1	5	1030
0.943802	1	1	5	1030
0.943842	1	1	5	1030
0.943882	1	1	5	1030
0.943922	1	1	5	1030
0.943962	1	1	5	1030
0.944002	1	1	5	1030
0.944042	1	1	5	1030
0.944082	1	1	5	1030
0.944122	1	1	5	1030
0.944162	1	1	5	1030
0.944202	1	1	5	1030
0.944242	1	1	5	1030
0.944282	1	1	5	1030
0.944322	1	1	5	1030
0.944362	1	1	5	1030
0.944402	1	1	5	1030
0.944442	1	1	5	1030
0.944482	1	1	5	1030
0.944522	1	1	5	1030
0.944562	1	1	5	1030
0.944602	1	1	5	1030
0.944642	1	1	5	1030
0.944682	1	1	5	1030
0.944722	1	1	5	1030
0.944762	1	1	5	1030
0.944802	1	1	5	1030
0.944842	1	1	5	1030
0.944882	1	1	5	1030
0.944922	1	1	5	1030
0.944962	1	1	5	1030
0.945002	1	1	5	1030
0.945042	1	1	5	1030
0.945082	1	1	5	1030
0.945122	1	1	5	1030
0.945162	1	1	5	1030
0.945202	1	1	5	1030
0.945242	1	1	5	1030
0.945282	1	1	5	1030
0.945322	1	1	5	1030
0.945362	1	1	5	1030
0.945402	1	1	5	1030
0.945442	1	1	5	1030
0.945482	1	1	5	1030
0.945522	1	1	5	1030
0.945562	1	1	5	1030
0.945602	1	1	5	1030
0.945642	1	1	5	1030
0.945682	1	1	5	1030
0.945722	1	1	5	1030
0.945762	1	1	5	1030
0.945802	1	1	5	1030
0.945842	1	1	5	1030
0.945882	1	1	5	1030
0.945922	1	1	5	1030
0.945962	1	1	5	1030
0.946002	1	1	5	1030
0.946042	1	1	5	1030
0.946082	1	1	5	1030
0.946122	1	1	5	1030
0.946162	1	1	5	1030
0.946202	1	1	5	1030
0.946242	1	1	5	1030
0.946282	1	1	5	1030
0.946322	1	1	5	1030
0.946362	1	1	5	1030
0.946402	1	1	5	1030
0.946442	1	1	5	1030
0.946482	1	1	5	1030
0.946522	1	1	5	1030
0.946562	1	1	5	1030
0.946602	1	1	5	1030
0.946642	1	1	5	1030
0.946682	1	1	5	1030
0.946722	1	1	5	1030
0.946762	1	1	5	1030
0.946802	1	1	5	1030
0.946842	1	1	5	1030
0.946882	1	1	5	1030
0.946922	1	1	5	1030
0.946962	1	1	5	1030
0.947002	1	1	5	1030
0.947042	1	1	5	1030
0.947082	1	1	5	1030
0.947122	1	1	5	1030
0.947162	1	1	5	1030
0.947202	1	1	5	1030
0.947242	1	1	5	1030
0.947282	1	1	5	1030
0.947322	1	1	5	1030
0.947362	1	1	5	1030
0.947402	1	1	5	1030
0.947442	1	1	5	1030
0.947482	1	1	5	1030
0.947522	1	1	5	1030
0.947562	1	1	5	1030
0.947602	1	1	5	1030
0.947642	1	1	5	1030
0.947682	1	1	5	1030
0.947722	1	1	5	1030
0.947762	1	1	5	1030
0.947802	1	1	5	1030
0.947842	1	1	5	1030
0.947882	1	1	5	1030
0.947922	1	1	5	1030
0.947962	1	1	5	1030
0.948002	1	1	5	1030
0.948042	1	1	5	1030
0.948082	1	1	5	1030
0.948122	1	1	5	1030
0.948162	1	1	5	1030
0.948202	1	1	5	1030
0.948242	1	1	5	1030
0.948282	1	1	5	1030
0.948322	1	1	5	1030
0.948362	1	1	5	1030
0.948402	1	1	5	1030
0.948442	1	1	5	1030
0.948482	1	1	5	1030
0.948522	1	1	5	1030
0.948562	1	1	5	1030
0.948602	1	1	5	1030
0.948642	1	1	5	1030
0.948682	1	1	5	1030
0.948722	1	1	5	1030
0.948762	1	1	5	1030
0.948802	1	1	5	1030
0.948842	1	1	5	1030
0.948882	1	1	5	1030
0.948922	1	1	5	1030
0.948962	1	1	5	1030
0.949002	1	1	5	1030
0.949042	1	1	5	1030
0.949082	1	1	5	1030
0.949122	1	1	5	1030
0.949162	1	1	5	1030
0.949202	1	1	5	1030
0.949242	1	1	5	1030
0.949282	1	1	5	1030
0.949322	1	1	5	1030
0.949362	1	1	5	1030
0.949402	1	1	5	1030
0.949442	1	1	5	1030
0.949482	1	1	5	1030
0.949522	1	1	5	1030
0.949562	1	1	5	1030
0.949602	1	1	5	1030
0.949642	1	1	5	1030
0.949682	1	1	5	1030
0.949722	1	1	5	1030
0.949762	1	1	5	1030
0.949802	1	1	5	1030
0.949842	1	1	5	1030
0.949882	1	1	5	1030
0.949922	1	1	5	1030
0.949962	1	1	5	1030
0.950002	1	1	5	1030
0.950042	1	1	5	1030
0.950082	1	1	5	1030
0.950122	1	1	5	1030
0.950162	1	1	5	1030
0.950202	1	1	5	1030
0.950242	1	1	5	1030
0.950282	1	1	5	1030
0.950322	1	1	5	1030
0.950362	1	1	5	1030
0.950402	1	1	5	1030
0.950442	1	1	5	1030
0.950482	1	1	5	1030
0.950522	1	1	5	1030
0.950562	1	1	5	1030
0.950602	1	1	5	1030
0.950642	1	1	5	1030
0.950682	1	1	5	1030
0.950722	1	1	5	1030
0.950762	1	1	5	1030
0.950802	1	1	5	1030
0.950842	1	1	5	1030
0.950882	1	1	5	1030
0.950922	1	1	5	1030
0.950962	1	1	5	1030
0.951002	1	1	5	1030
0.951042	1	1	5	1030
0.951082	1	1	5	1030
0.951122	1	1	5	1030
0.951162	1	1	5	1030
0.951202	1	1	5	1030
0.951242	1	1	5	1030
0.951282	1	1	5	1030
0.951322	1	1	5	1030
0.951362	1	1	5	1030
0.951402	1	1	5	1030
0.951442	1	1	5	1030
0.951482	1	1	5	1030
0.951522	1	1	5	1030
0.951562	1	1	5	1030
0.951602	1	1	5	1030
0.951642	1	1	5	1030
0.951682	1	1	5	1030
0.951722	1	1	5	1030
0.951762	1	1	5	1030
0.951802	1	1	5	1030
0.951842	1	1	5	1030
0.951882	1	1	5	1030
0.951922	1	1	5	1030
0.951962	1	1	5	1030
0.952002	1	1	5	1030
0.952042	1	1	5	1030
0.952082	1	1	5	1030
0.952122	1	1	5	1030
0.952162	1	1	5	1030
0.952202	1	1	5	1030
0.952242	1	1	5	1030
0.952282	1	1	5	1030
0.952322	1	1	5	1030
0.952362	1	1	5	1030
0.952402	1	1	5	1030
0.952442	1	1	5	1030
0.952482	1	1	5	1030
0.952522	1	1	5	1030
0.952562	1	1	5	1030
0.952602	1	1	5	1030
0.952642	1	1	5	1030
0.952682	1	1	5	1030
0.952722	1	1	5	1030
0.952762	1	1	5	1030
0.952802	1	1	5	1030
0.952842	1	1	5	1030
0.952882	1	1	5	1030
0.952922	1	1	5	1030
0.952962	1	1	5	1030
0.953002	1	1	5	1030
0.953042	1	1	5	1030
0.953082	1	1	5	1030
0.953122	1	1	5	1030
0.953162	1	1	5	1030
0.953202	1	1	5	1030
0.953242	1	1	5	1030
0.953282	1	1	5	1030
0.953322	1	1	5	1030
0.953362	1	1	5	1030
0.953402	1	1	5	1030
0.953442	1	1	5	1030
0.953482	1	1	5	1030
0.953522	1	1	5	1030
0.953562	1	1	5	1030
0.953602	1	1	5	1030
0.953642	1	1	5	1030
0.953682	1	1	5	1030
0.953722	1	1	5	1030
0.953762	1	1	5	1030
0.953802	1	1	5	1030
0.953842	1	1	5	1030
0.953882	1	1	5	1030
0.953922	1	1	5	1030
0.953962	1	1	5	1030
0.954002	1	1	5	1030
0.954042	1	1	5	1030
0.954082	1	1	5	1030
0.954122	1	1	5	1030
0.954162	1	1	5	1030
0.954202	1	1	5	1030
0.954242	1	1	5	1030
0.954282	1	1	5	1030
0.954322	1	1	5	1030
0.954362	1	1	5	1030
0.954402	1	1	5	1030
0.954442	1	1	5	1030
0.954482	1	1	5	1030
0.954522	1	1	5	1030
0.954562	1	1	5	1030
0.954602	1	1	5	1030
0.954642	1	1	5	1030
0.954682	1	1	5	1030
0.954722	1	1	5	1030
0.954762	1	1	5	1030
0.954802	1	1	5	1030
0.954842	1	1	5	1030
0.954882	1	1	5	1030
0.954922	1	1	5	1030
0.954962	1	1	5	1030
0.955002	1	1	5	1030
0.955042	1	1	5	1030
0.955082	1	1	5	1030
0.955122	1	1	5	1030
0.955162	1	1	5	1030
0.955202	1	1	5	1030
0.955242	1	1	5	1030
0.955282	1	1	5	1030
0.955322	1	1	5	1030
0.955362	1	1	5	1030
0.955402	1	1	5	1030
0.955442	1	1	5	1030
0.955482	1	1	5	1030
0.955522	1	1	5	1030
0.955562	1	1	5	1030
0.955602	1	1	5	1030
0.955642	1	1	5	1030
0.955682	1	1	5	1030
0.955722	1	1	5	1030
0.955762	1	1	5	1030
0.955802	1	1	5	1030
0.955842	1	1	5	1030
0.955882	1	1	5	1030
0.955922	1	1	5	1030
0.955962	1	1	5	1030
0.956002	1	1	5	1030
0.956042	1	1	5	1030
0.956082	1	1	5	1030
0.956122	1	1	5	1030
0.956162	1	1	5	1030
0.956202	1	1	5	1030
0.956242	1	1	5	1030
0.956282	1	1	5	1030
0.956322	1	1	5	1030
0.956362	1	1	5	1030
0.956402	1	1	5	1030
0.956442	1	1	5	1030
0.956482	1	1	5	1030
0.956522	1	1	5	1030
0.956562	1	1	5	1030
0.956602	1	1	5	1030
0.956642	1	1	5	1030
0.956682	1	1	5	1030
0.956722	1	1	5	1030
0.956762	1	1	5	1030
0.956802	1	1	5	1030
0.956842	1	1	5	1030
0.956882	1	1	5	1030
0.956922	1	1	5	1030
0.956962	1	1	5	1030
0.957002	1	1	5	1030
0.957042	1	1	5	1030
0.957082	1	1	5	1030
0.957122	1	1	5	1030
0.957162	1	1	5	1030
0.957202	1	1	5	1030
0.957242	1	1	5	1030
0.957282	1	1	5	1030
0.957322	1	1	5	1030
0.957362	1	1	5	1030
0.957402	1	1	5	1030
0.957442	1	1	5	1030
0.957482	1	1	5	1030
0.957522	1	1	5	1030
0.957562	1	1	5	1030
0.957602	1	1	5	1030
0.957642	1	1	5	1030
0.957682	1	1	5	1030
0.957722	1	1	5	1030
0.957762	1	1	5	1030
0.957802	1	1	5	1030
0.957842	1	1	5	1030
0.957882	1	1	5	1030
0.957922	1	1	5	1030
0.957962	1	1	5	1030
0.958002	1	1	5	1030
0.958042	1	1	5	1030
0.958082	1	1	5	1030
0.958122	1	1	5	1030
0.958162	1	1	5	1030
0.958202	1	1	5	1030
0.958242	1	1	5	1030
0.958282	1	1	5	1030
0.958322	1	1	5	1030
0.958362	1	1	5	1030
0.958402	1	1	5	1030
0.958442	1	1	5	1030
0.958482	1	1	5	1030
0.958522	1	1	5	1030
0.958562	1	1	5	1030
0.958602	1	1	5	1030
0.958642	1	1	5	1030
0.958682	1	1	5	1030
0.958722	1	1	5	1030
0.958762	1	1	5	1030
0.958802	1	1	5	1030
0.958842	1	1	5	1030
0.958882	1	1	5	1030
0.958922	1	1	5	1030
0.958962	1	1	5	1030
0.959002	1	1	5	1030
0.959042	1	1	5	1030
0.959082	1	1	5	1030
0.959122	1	1	5	1030
0.959162	1	1	5	1030
0.959202	1	1	5	1030
0.959242	1	1	5	1030
0.959282	1	1	5	1030
0.959322	1	1	5	1030
0.959362	1	1	5	1030
0.959402	1	1	5	1030
0.959442	1	1	5	1030
0.959482	1	1	5	1030
0.959522	1	1	5	1030
0.959562	1	1	5	1030
0.959602	1	1	5	1030
0.959642	1	1	5	1030
0.959682	1	1	5	1030
0.959722	1	1	5	1030
0.959762	1	1	5	1030
0.959802	1	1	5	1030
0.959842	1	1	5	1030
0.959882	1	1	5	1030
0.959922	1	1	5	1030
0.959962	1	1	5	1030
0.960002	1	1	5	1030
0.960042	1	1	5	1030
0.960082	1	1	5	1030
0.960122	1	1	5	1030
0.960162	1	1	5	1030
0.960202	1	1	5	1030
0.960242	1	1	5	1030
0.960282	1	1	5	1030
0.960322	1	1	5	1030
0.960362	1	1	5	1030
0.960402	1	1	5	1030
0.960442	1	1	5	1030
0.960482	1	1	5	1030
0.960522	1	1	5	1030
0.960562	1	1	5	1030
0.960602	1	1	5	1030
0.960642	1	1	5	1030
0.960682	1	1	5	1030
0.960722	1	1	5	1030
0.960762	1	1	5	1030
0.960802	1	1	5	1030
0.960842	1	1	5	1030
0.960882	1	1	5	1030
0.960922	1	1	5	1030
0.960962	1	1	5	1030
0.961002	1	1	5	1030
0.961042	1	1	5	1030
0.961082	1	1	5	1030
0.961122	1	1	5	1030
0.961162	1	1	5	1030
0.961202	1	1	5	1030
0.961242	1	1	5	1030
0.961282	1	1	5	1030
0.961322	1	1	5	1030
0.961362	1	1	5	1030
0.961402	1	1	5	1030
0.961442	1	1	5	1030
0.961482	1	1	5	1030
0.961522	1	1	5	1030
0.961562	1	1	5	1030
0.961602	1	1	5	1030
0.961642	1	1	5	1030
0.961682	1	1	5	1030
0.961722	1	1	5	1030
0.961762	1	1	5	1030
0.961802	1	1	5	1030
0.961842	1	1	5	1030
0.961882	1	1	5	1030
0.961922	1	1	5	1030
0.961962	1	1	5	1030
0.962002	1	1	5	1030
0.962042	1	1	5	1030
0.962082	1	1	5	1030
0.962122	1	1	5	1030
0.962162	1	1	5	1030
0.962202	1	1	5	1030
0.962242	1	1	5	1030
0.962282	1	1	5	1030
0.962322	1	1	5	1030
0.962362	1	1	5	1030
0.962402	1	1	5	1030
0.962442	1	1	5	1030
0.962482	1	1	5	1030
0.962522	1	1	5	1030
0.962562	1	1	5	1030
0.962602	1	1	5	1030
0.962642	1	1	5	1030
0.962682	1	1	5	1030
0.962722	1	1	5	1030
0.962762	1	1	5	1030
0.962802	1	1	5	1030
0.962842	1	1	5	1030
0.962882	1	1	5	1030
0.962922	1	1	5	1030
0.962962	1	1	5	1030
0.963002	1	1	5	1030
0.963042	1	1	5	1030
0.963082	1	1	5	1030
0.963122	1	1	5	1030
0.963162	1	1	5	1030
0.963202	1	1	5	1030
0.963242	1	1	5	1030
0.963282	1	1	5	1030
0.963322	1	1	5	1030
0.963362	1	1	5	1030
0.963402	1	1	5	1030
0.963442	1	1	5	1030
0.963482	1	1	5	1030
0.963522	1	1	5	1030
0.963562	1	1	5	1030
0.963602	1	1	5	1030
0.963642	1	1	5	1030
0.963682	1	1	5	1030
0.963722	1	1	5	1030
0.963762	1	1	5	1030
0.963802	1	1	5	1030
0.963842	1	1	5	1030
0.963882	1	1	5	1030
0.963922	1	1	5	1030
0.963962	1	1	5	1030
0.964002	1	1	5	1030
0.964042	1	1	5	1030
0.964082	1	1	5	1030
0.964122	1	1	5	1030
0.964162	1	1	5	1030
0.964202	1	1	5	1030
0.964242	1	1	5	1030
0.964282	1	1	5	1030
0.964322	1	1	5	1030
0.964362	1	1	5	1030
0.964402	1	1	5	1030
0.964442	1	1	5	1030
0.964482	1	1	5	1030
0.964522	1	1	5	1030
0.964562	1	1	5	1030
0.964602	1	1	5	1030
0.964642	1	1	5	1030
0.964682	1	1	5	1030
0.964722	1	1	5	1030
0.964762	1	1	5	1030
0.964802	1	1	5	1030
0.964842	1	1	5	1030
0.964882	1	1	5	1030
0.964922	1	1	5	1030
0.964962	1	1	5	1030
0.965002	1	1	5	1030
0.965042	1	1	5	1030
0.965082	1	1	5	1030
0.965122	1	1	5	1030
0.965162	1	1	5	1030
0.965202	1	1	5	1030
0.965242	1	1	5	1030
0.965282	1	1	5	1030
0.965322	1	1	5	1030
0.965362	1	1	5	1030
0.965402	1	1	5	1030
0.965442	1	1	5	1030
0.965482	1	1	5	1030
0.965522	1	1	5	1030
0.965562	1	1	5	1030
0.965602	1	1	5	1030
0.965642	1	1	5	1030
0.965682	1	1	5	1030
0.965722	1	1	5	1030
0.965762	1	1	5	1030
0.965802	1	1	5	1030
0.965842	1	1	5	1030
0.965882	1	1	5	1030
0.965922	1	1	5	1030
0.965962	1	1	5	1030
0.966002	1	1	5	1030
0.966042	1	1	5	1030
0.966082	1	1	5	1030
0.966122	1	1	5	1030
0.966162	1	1	5	1030
0.966202	1	1	5	1030
0.966242	1	1	5	1030
0.966282	1	1	5	1030
0.966322	1	1	5	1030
0.966362	1	1	5	1030
0.966402	1	1	5	1030
0.966442	1	1	5	1030
0.966482	1	1	5	1030
0.966522	1	1	5	1030
0.966562	1	1	5	1030
0.966602	1	1	5	1030
0.966642	1	1	5	1030
0.966682	1	1	5	1030
0.966722	1	1	5	1030
0.966762	1	1	5	1030
0.966802	1	1	5	1030
0.966842	1	1	5	1030
0.966882	1	1	5	1030
0.966922	1	1	5	1030
0.966962	1	1	5	1030
0.967002	1	1	5	1030
0.967042	1	1	5	1030
0.967082	1	1	5	1030
0.967122	1	1	5	1030
0.967162	1	1	5	1030
0.967202	1	1	5	1030
0.967242	1	1	5	1030
0.967282	1	1	5	1030
0.967322	1	1	5	1030
0.967362	1	1	5	1030
0.967402	1	1	5	1030
0.967442	1	1	5	1030
0.967482	1	1	5	1030
0.967522	1	1	5	1030
0.967562	1	1	5	1030
0.967602	1	1	5	1030
0.967642	1	1	5	1030
0.967682	1	1	5	1030
0.967722	1	1	5	1030
0.967762	1	1	5	1030
0.967802	1	1	5	1030
0.967842	1	1	5	1030
0.967882	1	1	5	1030
0.967922	1	1	5	1030
0.967962	1	1	5	1030
0.968002	1	1	5	1030
0.968042	1	1	5	1030
0.968082	1	1	5	1030
0.968122	1	1	5	1030
0.968162	1	1	5	1030
0.968202	1	1	5	1030
0.968242	1	1	5	1030
0.968282	1	1	5	1030
0.968322	1	1	5	1030
0.968362	1	1	5	1030
0.968402	1	1	5	1030
0.968442	1	1	5	1030
0.968482	1	1	5	1030
0.968522	1	1	5	1030
0.968562	1	1	5	1030
0.968602	1	1	5	1030
0.968642	1	1	5	1030
0.968682	1	1	5	1030
0.968722	1	1	5	1030
0.968762	1	1	5	1030
0.968802	1	1	5	1030
0.968842	1	1	5	1030
0.968882	1	1	5	1030
0.968922	1	1	5	1030
0.968962	1	1	5	1030
0.969002	1	1	5	1030
0.969042	1	1	5	1030
0.969082	1	1	5	1030
0.969122	1	1	5	1030
0.969162	1	1	5	1030
0.969202	1	1	5	1030
0.969242	1	1	5	1030
0.969282	1	1	5	1030
0.969322	1	1	5	1030
0.969362	1	1	5	1030
0.969402	1	1	5	1030
0.969442	1	1	5	1030
0.969482	1	1	5	1030
0.969522	1	1	5	1030
0.969562	1	1	5	1030
0.969602	1	1	5	1030
0.969642	1	1	5	1030
0.969682	1	1	5	1030
0.969722	1	1	5	1030
0.969762	1	1	5	1030
0.969802	1	1	5	1030
0.969842	1	1	5	1030
0.969882	1	1	5	1030
0.969922	1	1	5	1030
0.969962	1	1	5	1030
0.970002	1	1	5	1030
0.970042	1	1	5	1030
0.970082	1	1	5	1030
0.970122	1	1	5	1030
0.970162	1	1	5	1030
0.970202	1	1	5	1030
0.970242	1	1	5	1030
0.970282	1	1	5	1030
0.970322	1	1	5	1030
0.970362	1	1	5	1030
0.970402	1	1	5	1030
0.970442	1	1	5	1030
0.970482	1	1	5	1030
0.970522	1	1	5	1030
0.970562	1	1	5	1030
0.970602	1	1	5	1030
0.970642	1	1	5	1030
0.970682	1	1	5	1030
0.970722	1	1	5	1030
0.970762	1	1	5	1030
0.970802	1	1	5	1030
0.970842	1	1	5	1030
0.970882	1	1	5	1030
0.970922	1	1	5	1030
0.970962	1	1	5	1030
0.971002	1	1	5	1030
0.971042	1	1	5	1030
0.971082	1	1	5	1030
0.971122	1	1	5	1030
0.971162	1	1	5	1030
0.971202	1	1	5	1030
0.971242	1	1	5	1030
0.971282	1	1	5	1030
0.971322	1	1	5	1030
0.971362	1	1	5	1030
0.971402	1	1	5	1030
0.971442	1	1	5	1030
0.971482	1	1	5	1030
0.971522	1	1	5	1030
0.971562	1	1	5	1030
0.971602	1	1	5	1030
0.971642	1	1	5	1030
0.971682	1	1	5	1030
0.971722	1	1	5	1030
0.971762	1	1	5	1030
0.971802	1	1	5	1030
0.971842	1	1	5	1030
0.971882	1	1	5	1030
0.971922	1	1	5	1030
0.971962	1	1	5	1030
0.972002	1	1	5	1030
0.972042	1	1	5	1030
0.972082	1	1	5	1030
0.972122	1	1	5	1030
0.972162	1	1	5	1030
0.972202	1	1	5	1030
0.972242	1	1	5	1030
0.972282	1	1	5	1030
0.972322	1	1	5	1030
0.972362	1	1	5	1030
0.972402	1	1	5	1030
0.972442	1	1	5	1030
0.972482	1	1	5	1030
0.972522	1	1	5	1030
0.972562	1	1	5	1030
0.972602	1	1	5	1030
0.972642	1	1	5	1030
0.972682	1	1	5	1030
0.972722	1	1	5	1030
0.972762	1	1	5	1030
0.972802	1	1	5	1030
0.972842	1	1	5	1030
0.972882	1	1	5	1030
0.972922	1	1	5	1030
0.972962	1	1	5	1030
0.973002	1	1	5	1030
0.973042	1	1	5	1030
0.973082	1	1	5	1030
0.973122	1	1	5	1030
0.973162	1	1	5	1030
0.973202	1	1	5	1030
0.973242	1	1	5	1030
0.973282	1	1	5	1030
0.973322	1	1	5	1030
0.973362	1	1	5	1030
0.973402	1	1	5	1030
0.973442	1	1	5	1030
0.973482	1	1	5	1030
0.973522	1	1	5	1030
0.973562	1	1	5	1030
0.973602	1	1	5	1030
0.973642	1	1	5	1030
0.973682	1	1	5	1030
0.973722	1	1	5	1030
0.973762	1	1	5	1030
0.973802	1	1	5	1030
0.973842	1	1	5	1030
0.973882	1	1	5	1030
0.973922	1	1	5	1030
0.973962	1	1	5	1030
0.974002	1	1	5	1030
0.974042	1	1	5	1030
0.974082	1	1	5	1030
0.974122	1	1	5	1030
0.974162	1	1	5	1030
0.974202	1	1	5	1030
0.974242	1	1	5	1030
0.974282	1	1	5	1030
0.974322	1	1	5	1030
0.974362	1	1	5	1030
0.974402	1	1	5	1030
0.974442	1	1	5	1030
0.974482	1	1	5	1030
0.974522	1	1	5	1030
0.974562	1	1	5	1030
0.974602	1	1	5	1030
0.974642	1	1	5	1030
0.974682	1	1	5	1030
0.974722	1	1	5	1030
0.974762	1	1	5	1030
0.974802	1	1	5	1030
0.974842	1	1	5	1030
0.974882	1	1	5	1030
0.974922	1	1	5	1030
0.974962	1	1	5	1030
0.975002	1	1	5	1030
0.975042	1	1	5	1030
0.975082	1	1	5	1030
0.975122	1	1	5	1030
0.975162	1	1	5	1030
0.975202	1	1	5	1030
0.975242	1	1	5	1030
0.975282	1	1	5	1030
0.975322	1	1	5	1030
0.975362	1	1	5	1030
0.975402	1	1	5	1030
0.975442	1	1	5	1030
0.975482	1	1	5	1030
0.975522	1	1	5	1030
0.975562	1	1	5	1030
0.975602	1	1	5	1030
0.975642	1	1	5	1030
0.975682	1	1	5	1030
0.975722	1	1	5	1030
0.975762	1	1	5	1030
0.975802	1	1	5	1030
0.975842	1	1	5	1030
0.975882	1	1	5	1030
0.975922	1	1	5	1030
0.975962	1	1	5	1030
0.976002	1	1	5	1030
0.976042	1	1	5	1030
0.976082	1	1	5	1030
0.976122	1	1	5	1030
0.976162	1	1	5	1030
0.976202	1	1	5	1030
0.976242	1	1	5	1030
0.976282	1	1	5	1030
0.976322	1	1	5	1030
0.976362	1	1	5	1030
0.976402	1	1	5	1030
0.976442	1	1	5	1030
0.976482	1	1	5	1030
0.976522	1	1	5	1030
0.976562	1	1	5	1030
0.976602	1	1	5	1030
0.976642	1	1	5	1030
0.976682	1	1	5	1030
0.976722	1	1	5	1030
0.976762	1	1	5	1030
0.976802	1	1	5	1030
0.976842	1	1	5	1030
0.976882	1	1	5	1030
0.976922	1	1	5	1030
0.976962	1	1	5	1030
0.977002	1	1	5	1030
0.977042	1	1	5	1030
0.977082	1	1	5	1030
0.977122	1	1	5	1030
0.977162	1	1	5	1030
0.977202	1	1	5	1030
0.977242	1	1	5	1030
0.977282	1	1	5	1030
0.977322	1	1	5	1030
0.977362	1	1	5	1030
0.977402	1	1	5	1030
0.977442	1	1	5	1030
0.977482	1	1	5	1030
0.977522	1	1	5	1030
0.977562	1	1	5	1030
0.977602	1	1	5	1030
0.977642	1	1	5	1030
0.977682	1	1	5	1030
0.977722	1	1	5	1030
0.977762	1	1	5	1030
0.977802	1	1	5	1030
0.977842	1	1	5	1030
0.977882	1	1	5	1030
0.977922	1	1	5	1030
0.977962	1	1	5	1030
0.978002	1	1	5	1030
0.978042	1	1	5	1030
0.978082	1	1	5	1030
0.978122	1	1	5	1030
0.978162	1	1	5	1030
0.978202	1	1	5	1030
0.978242	1	1	5	1030
0.978282	1	1	5	1030
0.978322	1	1	5	1030
0.978362	1	1	5	1030
0.978402	1	1	5	1030
0.978442	1	1	5	1030
0.978482	1	1	5	1030
0.978522	1	1	5	1030
0.978562	1	1	5	1030
0.978602	1	1	5	1030
0.978642	1	1	5	1030
0.978682	1	1	5	1030
0.978722	1	1	5	1030
0.978762	1	1	5	1030
0.978802	1	1	5	1030
0.978842	1	1	5	1030
0.978882	1	1	5	1030
0.978922	1	1	5	1030
0.978962	1	1	5	1030
0.979002	1	1	5	1030
0.979042	1	1	5	1030
0.979082	1	1	5	1030
0.979122	1	1	5	1030
0.979162	1	1	5	1030
0.979202	1	1	5	1030
0.979242	1	1	5	1030
0.979282	1	1	5	1030
0.979322	1	1	5	1030
0.979362	1	1	5	1030
0.979402	1	1	5	1030
0.979442	1	1	5	1030
0.979482	1	1	5	1030
0.979522	1	1	5	1030
0.979562	1	1	5	1030
0.979602	1	1	5	1030
0.979642	1	1	5	1030
0.979682	1	1	5	1030
0.979722	1	1	5	1030
0.979762	1	1	5	1030
0.979802	1	1	5	1030
0.979842	1	1	5	1030
0.979882	1	1	5	1030
0.979922	1	1	5	1030
0.979962	1	1	5	1030
0.980002	1	1	5	1030
0.980042	1	1	5	1030
0.980082	1	1	5	1030
0.980122	1	1	5	1030
0.980162	1	1	5	1030
0.980202	1	1	5	1030
0.980242	1	1	5	1030
0.980282	1	1	5	1030
0.980322	1	1	5	1030
0.980362	1	1	5	1030
0.980402	1	1	5	1030
0.980442	1	1	5	1030
0.980482	1	1	5	1030
0.980522	1	1	5	1030
0.980562	1	1	5	1030
0.980602	1	1	5	1030
0.980642	1	1	5	1030
0.980682	1	1	5	1030
0.980722	1	1	5	1030
0.980762	1	1	5	1030
0.980802	1	1	5	1030
0.980842	1	1	5	1030
0.980882	1	1	5	1030
0.980922	1	1	5	1030
0.980962	1	1	5	1030
0.981002	1	1	5	1030
0.981042	1	1	5	1030
0.981082	1	1	5	1030
0.981122	1	1	5	1030
0.981162	1	1	5	1030
0.981202	1	1	5	1030
0.981242	1	1	5	1030
0.981282	1	1	5	1030
0.981322	1	1	5	1030
0.981362	1	1	5	1030
0.981402	1	1	5	1030
0.981442	1	1	5	1030
0.981482	1	1	5	1030
0.981522	1	1	5	1030
0.981562	1	1	5	1030
0.981602	1	1	5	1030
0.981642	1	1	5	1030
0.981682	1	1	5	1030
0.981722	1	1	5	1030
0.981762	1	1	5	1030
0.981802	1	1	5	1030
0.981842	1	1	5	1030
0.981882	1	1	5	1030
0.981922	1	1	5	1030
0.981962	1	1	5	1030
0.982002	1	1	5	1030
0.982042	1	1	5	1030
0.982082	1	1	5	1030
0.982122	1	1	5	1030
0.982162	1	1	5	1030
0.982202	1	1	5	1030
0.982242	1	1	5	1030
0.982282	1	1	5	1030
0.982322	1	1	5	1030
0.982362	1	1	5	1030
0.982402	1	1	5	1030
0.982442	1	1	5	1030
0.982482	1	1	5	1030
0.982522	1	1	5	1030
0.982562	1	1	5	1030
0.982602	1	1	5	1030
0.982642	1	1	5	1030
0.982682	1	1	5	1030
0.982722	1	1	5	1030
0.982762	1	1	5	1030
0.982802	1	1	5	1030
0.982842	1	1	5	1030
0.982882	1	1	5	1030
0.982922	1	1	5	1030
0.982962	1	1	5	1030
0.983002	1	1	5	1030
0.983042	1	1	5	1030
0.983082	1	1	5	1030
0.983122	1	1	5	1030
0.983162	1	1	5	1030
0.983202	1	1	5	1030
0.983242	1	1	5	1030
0.983282	1	1	5	1030
0.983322	1	1	5	1030
0.983362	1	1	5	1030
0.983402	1	1	5	1030
0.983442	1	1	5	1030
0.983482	1	1	5	1030
0.983522	1	1	5	1030
0.983562	1	1	5	1030
0.983602	1	1	5	1030
0.983642	1	1	5	1030
0.983682	1	1	5	1030
0.983722	1	1	5	1030
0.983762	1	1	5	1030
0.983802	1	1	5	1030
0.983842	1	1	5	1030
0.983882	1	1	5	1030
0.983922	1	1	5	1030
0.983962	1	1	5	1030
0.984002	1	1	5	1030
0.984042	1	1	5	1030
0.984082	1	1	5	1030
0.984122	1	1	5	1030
0.984162	1	1	5	1030
0.984202	1	1	5	1030
0.984242	1	1	5	1030
0.984282	1	1	5	1030
0.984322	1	1	5	1030
0.984362	1	1	5	1030
0.984402	1	1	5	1030
0.984442	1	1	5	1030
0.984482	1	1	5	1030
0.984522	1	1	5	1030
0.984562	1	1	5	1030
0.984602	1	1	5	1030
0.984642	1	1	5	1030
0.984682	1	1	5	1030
0.984722	1	1	5	1030
0.984762	1	1	5	1030
0.984802	1	1	5	1030
0.984842	1	1	5	1030
0.984882	1	1	5	1030
0.984922	1	1	5	1030
0.984962	1	1	5	1030
0.985002	1	1	5	1030
0.985042	1	1	5	1030
0.985082	1	1	5	1030
0.985122	1	1	5	1030
0.985162	1	1	5	1030
0.985202	1	1	5	1030
0.985242	1	1	5	1030
0.985282	1	1	5	1030
0.985322	1	1	5	1030
0.985362	1	1	5	1030
0.985402	1	1	5	1030
0.985442	1	1	5	1030
0.985482	1	1	5	1030
0.985522	1	1	5	1030
0.985562	1	1	5	1030
0.985602	1	1	5	1030
0.985642	1	1	5	1030
0.985682	1	1	5	1030
0.985722	1	1	5	1030
0.985762	1	1	5	1030
0.985802	1	1	5	1030
0.985842	1	1	5	1030
0.985882	1	1	5	1030
0.985922	1	1	5	1030
0.985962	1	1	5	1030
0.986002	1	1	5	1030
0.986042	1	1	5	1030
0.986082	1	1	5	1030
0.986122	1	1	5	1030
0.986162	1	1	5	1030
0.986202	1	1	5	1030
0.986242	1	1	5	1030
0.986282	1	1	5	1030
0.986322	1	1	5	1030
0.986362	1	1	5	1030
0.986402	1	1	5	1030
0.986442	1	1	5	1030
0.986482	1	1	5	1030
0.986522	1	1	5	1030
0.986562	1	1	5	1030
0.986602	1	1	5	1030
0.986642	1	1	5	1030
0.986682	1	1	5	1030
0.986722	1	1	5	1030
0.986762	1	1	5	1030
0.986802	1	1	5	1030
0.986842	1	1	5	1030
0.986882	1	1	5	1030
0.986922	1	1	5	1030
0.986962	1	1	5	1030
0.987002	1	1	5	1030
0.987042	1	1	5	1030
0.987082	1	1	5	1030
0.987122	1	1	5	1030
0.987162	1	1	5	1030
0.987202	1	1	5	1030
0.987242	1	1	5	1030
0.987282	1	1	5	1030
0.987322	1	1	5	1030
0.987362	1	1	5	1030
0.987402	1	1	5	1030
0.987442	1	1	5	1030
0.987482	1	1	5	1030
0.987522	1	1	5	1030
0.987562	1	1	5	1030
0.987602	1	1	5	1030
0.987642	1	1	5	1030
0.987682	1	1	5	1030
0.987722	1	1	5	1030
0.987762	1	1	5	1030
0.987802	1	1	5	1030
0.987842	1	1	5	1030
0.987882	1	1	5	1030
0.987922	1	1	5	1030
0.987962	1	1	5	1030
0.988002	1	1	5	1030
0.988042	1	1	5	1030
0.988082	1	1	5	1030
0.988122	1	1	5	1030
0.988162	1	1	5	1030
0.988202	1	1	5	1030
0.988242	1	1	5	1030
0.988282	1	1	5	1030
0.988322	1	1	5	1030
0.988362	1	1	5	1030
0.988402	1	1	5	1030
0.988442	1	1	5	1030
0.988482	1	1	5	1030
0.988522	1	1	5	1030
0.988562	1	1	5	1030
0.988602	1	1	5	1030
0.988642	1	1	5	1030
0.988682	1	1	5	1030
0.988722	1	1	5	1030
0.988762	1	1	5	1030
0.988802	1	1	5	1030
0.988842	1	1	5	1030
0.988882	1	1	5	1030
0.988922	1	1	5	1030
0.988962	1	1	5	1030
0.989002	1	1	5	1030
0.989042	1	1	5	1030
0.989082	1	1	5	1030
0.989122	1	1	5	1030
0.989162	1	1	5	1030
0.989202	1	1	5	1030
0.989242	1	1	5	1030
0.989282	1	1	5	1030
0.989322	1	1	5	1030
0.989362	1	1	5	1030
0.989402	1	1	5	1030
0.989442	1	1	5	1030
0.989482	1	1	5	1030
0.989522	1	1	5	1030
0.989562	1	1	5	1030
0.989602	1	1	5	1030
0.989642	1	1	5	1030
0.989682	1	1	5	1030
0.989722	1	1	5	1030
0.989762	1	1	5	1030
0.989802	1	1	5	1030
0.989842	1	1	5	1030
0.989882	1	1	5	1030
0.989922	1	1	5	1030
0.989962	1	1	5	1030
0.990002	1	1	5	1030
0.990042	1	1	5	1030
0.990082	1	1	5	1030
0.990122	1	1	5	1030
0.990162	1	1	5	1030
0.990202	1	1	5	1030
0.990242	1	1	5	1030
0.990282	1	1	5	1030
0.990322	1	1	5	1030
0.990362	1	1	5	1030
0.990402	1	1	5	1030
0.990442	1	1	5	1030
0.990482	1	1	5	1030
0.990522	1	1	5	1030
0.990562	1	1	5	1030
0.990602	1	1	5	1030
0.990642	1	1	5	1030
0.990682	1	1	5	1030
0.990722	1	1	5	1030
0.990762	1	1	5	1030
0.990802	1	1	5	1030
0.990842	1	1	5	1030
0.990882	1	1	5	1030
0.990922	1	1	5	1030
0.990962	1	1	5	1030
0.991002	1	1	5	1030
0.991042	1	1	5	1030
0.991082	1	1	5	1030
0.991122	1	1	5	1030
0.991162	1	1	5	1030
0.991202	1	1	5	1030
0.991242	1	1	5	1030
0.991282	1	1	5	1030
0.991322	1	1	5	1030
0.991362	1	1	5	1030
0.991402	1	1	5	1030
0.991442	1	1	5	1030
0.991482	1	1	5	1030
0.991522	1	1	5	1030
0.991562	1	1	5	1030
0.991602	1	1	5	1030
0.991642	1	1	5	1030
0.991682	1	1	5	1030
0.991722	1	1	5	1030
0.991762	1	1	5	1030
0.991802	1	1	5	1030
0.991842	1	1	5	1030
0.991882	1	1	5	1030
0.991922	1	1	5	1030
0.991962	1	1	5	1030
0.992002	1	1	5	1030
0.992042	1	1	5	1030
0.992082	1	1	5	1030
0.992122	1	1	5	1030
0.992162	1	1	5	1030
0.992202	1	1	5	1030
0.992242	1	1	5	1030
0.992282	1	1	5	1030
0.992322	1	1	5	1030
0.992362	1	1	5	1030
0.992402	1	1	5	1030
0.992442	1	1	5	1030
0.992482	1	1	5	1030
0.992522	1	1	5	1030
0.992562	1	1	5	1030
0.992602	1	1	5	1030
0.992642	1	1	5	1030
0.992682	1	1	5	1030
0.992722	1	1	5	1030
0.992762	1	1	5	1030
0.992802	1	1	5	1030
0.992842	1	1	5	1030
0.992882	1	1	5	1030
0.992922	1	1	5	1030
0.992962	1	1	5	1030
0.993002	1	1	5	1030
0.993042	1	1	5	1030
0.993082	1	1	5	1030
0.993122	1	1	5	1030
0.993162	1	1	5	1030
0.993202	1	1	5	1030
0.993242	1	1	5	1030
0.993282	1	1	5	1030
0.993322	1	1	5	1030
0.993362	1	1	5	1030
0.993402	1	1	5	1030
0.993442	1	1	5	1030
0.993482	1	1	5	1030
0.993522	1	1	5	1030
0.993562	1	1	5	1030
0.993602	1	1	5	1030
0.993642	1	1	5	1030
0.993682	1	1	5	1030
0.993722	1	1	5	1030
0.993762	1	1	5	1030
0.993802	1	1	5	1030
0.993842	1	1	5	1030
0.993882	1	1	5	1030
0.993922	1	1	5	1030
0.993962	1	1	5	1030
0.994002	1	1	5	1030
0.994042	1	1	5	1030
0.994082	1	1	5	1030
0.994122	1	1	5	1030
0.994162	1	1	5	1030
0.994202	1	1	5	1030
0.994242	1	1	5	1030
0.994282	1	1	5	1030
0.994322	1	1	5	1030
0.994362	1	1	5	1030
0.994402	1	1	5	1030
0.994442	1	1	5	1030
0.994482	1	1	5	1030
0.994522	1	1	5	1030
0.994562	1	1	5	1030
0.994602	1	1	5	1030
0.994642	1	1	5	1030
0.994682	1	1	5	1030
0.994722	1	1	5	1030
0.994762	1	1	5	1030
0.994802	1	1	5	1030
0.994842	1	1	5	1030
0.994882	1	1	5	1030
0.994922	1	1	5	1030
0.994962	1	1	5	1030
0.995002	1	1	5	1030
0.995042	1	1	5	1030
0.995082	1	1	5	1030
0.995122	1	1	5	1030
0.995162	1	1	5	1030
0.995202	1	1	5	1030
0.995242	1	1	5	1030
0.995282	1	1	5	1030
0.995322	1	1	5	1030
0.995362	1	1	5	1030
0.995402	1	1	5	1030
0.995442	1	1	5	1030
0.995482	1	1	5	1030
0.995522	1	1	5	1030
0.995562	1	1	5	1030
0.995602	1	1	5	1030
0.995642	1	1	5	1030
0.995682	1	1	5	1030
0.995722	1	1	5	1030
0.995762	1	1	5	1030
0.995802	1	1	5	1030
0.995842	1	1	5	1030
0.995882	1	1	5	1030
0.995922	1	1	5	1030
0.995962	1	1	5	1030
0.996002	1	1	5	1030
0.996042	1	1	5	1030
0.996082	1	1	5	1030
0.996122	1	1	5	1030
0.996162	1	1	5	1030
0.996202	1	1	5	1030
0.996242	1	1	5	1030
0.996282	1	1	5	1030
0.996322	1	1	5	1030
0.996362	1	1	5	1030
0.996402	1	1	5	1030
0.996442	1	1	5	1030
0.996482	1	1	5	1030
0.996522	1	1	5	1030
0.996562	1	1	5	1030
0.996602	1	1	5	1030
0.996642	1	1	5	1030
0.996682	1	1	5	1030
0.996722	1	1	5	1030
0.996762	1	1	5	1030
0.996802	1	1	5	1030
0.996842	1	1	5	1030
0.996882	1	1	5	1030
0.996922	1	1	5	1030
0.996962	1	1	5	1030
0.997002	1	1	5	1030
0.997042	1	1	5	1030
0.997082	1	1	5	1030
0.997122	1	1	5	1030
0.997162	1	1	5	1030
0.997202	1	1	5	1030
0.997242	1	1	5	1030
0.997282	1	1	5	1030
0.997322	1	1	5	1030
0.997362	1	1	5	1030
0.997402	1	1	5	1030
0.997442	1	1	5	1030
0.997482	1	1	5	1030
0.997522	1	1	5	1030
0.997562	1	1	5	1030
0.997602	1	1	5	1030
0.997642	1	1	5	1030
0.997682	1	1	5	1030
0.997722	1	1	5	1030
0.997762	1	1	5	1030
0.997802	1	1	5	1030
0.997842	1	1	5	1030
0.997882	1	1	5	1030
0.997922	1	1	5	1030
0.997962	1	1	5	1030
0.998002	1	1	5	1030
0.998042	1	1	5	1030
0.998082	1	1	5	1030
0.998122	1	1	5	1030
0.998162	1	1	5	1030
0.998202	1	1	5	1030
0.998242	1	1	5	1030
0.998282	1	1	5	1030
0.998322	1	1	5	1030
0.998362	1	1	5	1030
0.998402	1	1	5	1030
0.998442	1	1	5	1030
0.998482	1	1	5	1030
0.998522	1	1	5	1030
0.998562	1	1	5	1030
0.998602	1	1	5	1030
0.998642	1	1	5	1030
0.998682	1	1	5	1030
0.998722	1	1	5	1030
0.998762	1	1	5	1030
0.998802	1	1	5	1030
0.998842	1	1	5	1030
0.998882	1	1	5	1030
0.998922	1	1	5	1030
0.998962	1	1	5	1030
0.999002	1	1	5	1030
0.999042	1	1	5	1030
0.999082	1	1	5	1030
0.999122	1	1	5	1030
0.999162	1	1	5	1030
0.999202	1	1	5	1030
0.999242	1	1	5	1030
0.999282	1	1	5	1030
0.999322	1	1	5	1030
0.999362	1	1	5	1030
0.999402	1	1	5	1030
0.999442	1	1	5	1030
0.999482	1	1	5	1030
0.999522	1	1	5	1030
0.999562	1	1	5	1030
0.999602	1	1	5	1030
0.999642	1	1	5	1030
0.999682	1	1	5	1030
0.999722	1	1	5	1030
0.999762	1	1	5	1030
0.999802	1	1	5	1030
0.999842	1	1	5	1030
0.999882	1	1	5	1030
0.999922	1	1	5	1030
0.999962	1	1	5	1030
1	1	1	5	1030
1.00004	1	1	5	1030
1.00008	1	1	5	1030
1.00012	1	1	5	1030
1.00016	1	1	5	1030
1.0002	1	1	5	1030
1.00024	1	1	5	1030
1.00028	1	1	5	1030
1.00032	1	1	5	1030
1.00036	1	1	5	1030
1.0004	1	1	5	1030
1.00044	1	1	5	1030
1.00048	1	1	5	1030
1.00052	1	1	5	1030
1.00056	1	1	5	1030
1.0006	1	1	5	1030
1.00064	1	1	5	1030
1.00068	1	1	5	1030
1.00072	1	1	5	1030
1.00076	1	1	5	1030
1.0008	1	1	5	1030
1.00084	1	1	5	1030
1.00088	1	1	5	1030
1.00092	1	1	5	1030
1.00096	1	1	5	1030
1.001	1	1	5	1030
1.00104	1	1	5	1030
1.00108	1	1	5	1030
1.00112	1	1	5	1030
1.00116	1	1	5	1030
1.0012	1	1	5	1030
1.00124	1	1	5	1030
1.00128	1	1	5	1030
1.00132	1	1	5	1030
1.00136	1	1	5	1030
1.0014	1	1	5	1030
1.00144	1	1	5	1030
1.00148	1	1	5	1030
1.00152	1	1	5	1030
1.00156	1	1	5	1030
1.0016	1	1	5	1030
1.00164	1	1	5	1030
1.00168	1	1	5	1030
1.00172	1	1	5	1030
1.00176	1	1	5	1030
1.0018	1	1	5	1030
1.00184	1	1	5	1030
1.00188	1	1	5	1030
1.00192	1	1	5	1030
1.00196	1	1	5	1030
1.002	1	1	5	1030
1.00204	1	1	5	1030
1.00208	1	1	5	1030
1.00212	1	1	5	1030
1.00216	1	1	5	1030
1.0022	1	1	5	1030
1.00224	1	1	5	1030
1.00228	1	1	5	1030
1.00232	1	1	5	1030
1.00236	1	1	5	1030
1.0024	1	1	5	1030
1.00244	1	1	5	1030
1.00248	1	1	5	1030
1.00252	1	1	5	1030
1.00256	1	1	5	1030
1.0026	1	1	5	1030
1.00264	1	1	5	1030
1.00268	1	1	5	1030
1.00272	1	1	5	1030
1.00276	1	1	5	1030
1.0028	1	1	5	1030
1.00284	1	1	5	1030
1.00288	1	1	5	1030
1.00292	1	1	5	1030
1.00296	1	1	5	1030
1.003	1	1	5	1030
1.00304	1	1	5	1030
1.00308	1	1	5	1030
1.00312	1	1	5	1030
1.00316	1	1	5	1030
1.0032	1	1	5	1030
1.00324	1	1	5	1030
1.00328	1	1	5	1030
1.00332	1	1	5	1030
1.00336	1	1	5	1030
1.0034	1	1	5	1030
1.00344	1	1	5	1030
1.00348	1	1	5	1030
1.00352	1	1	5	1030
1.00356	1	1	5	1030
1.0036	1	1	5	1030
1.00364	1	1	5	1030
1.00368	1	1	5	1030
1.00372	1	1	5	1030
1.00376	1	1	5	1030
1.0038	1	1	5	1030
1.00384	1	1	5	1030
1.00388	1	1	5	1030
1.00392	1	1	5	1030
1.00396	1	1	5	1030
1.004	1	1	5	1030
1.00404	1	1	5	1030
1.00408	1	1	5	1030
1.00412	1	1	5	1030
1.00416	1	1	5	1030
1.0042	1	1	5	1030
1.00424	1	1	5	1030
1.00428	1	1	5	1030
1.00432	1	1	5	1030
1.00436	1	1	5	1030
1.0044	1	1	5	1030
1.00444	1	1	5	1030
1.00448	1	1	5	1030
1.00452	1	1	5	1030
1.00456	1	1	5	1030
1.0046	1	1	5	1030
1.00464	1	1	5	1030
1.00468	1	1	5	1030
1.00472	1	1	5	1030
1.00476	1	1	5	1030
1.0048	1	1	5	1030
1.00484	1	1	5	1030
1.00488	1	1	5	1030
1.00492	1	1	5	1030
1.00496	1	1	5	1030
1.005	1	1	5	1030
1.00504	1	1	5	1030
1.00508	1	1	5	1030
1.00512	1	1	5	1030
1.00516	1	1	5	1030
1.0052	1	1	5	1030
1.00524	1	1	5	1030
1.00528	1	1	5	1030
1.00532	1	1	5	1030
1.00536	1	1	5	1030
1.0054	1	1	5	1030
1.00544	1	1	5	1030
1.00548	1	1	5	1030
1.00552	1	1	5	1030
1.00556	1	1	5	1030
1.0056	1	1	5	1030
1.00564	1	1	5	1030
1.00568	1	1	5	1030
1.00572	1	1	5	1030
1.00576	1	1	5	1030
1.0058	1	1	5	1030
1.00584	1	1	5	1030
1.00588	1	1	5	1030
1.00592	1	1	5	1030
1.00596	1	1	5	1030
1.006	1	1	5	1030
1.00604	1	1	5	1030
1.00608	1	1	5	1030
1.00612	1	1	5	1030
1.00616	1	1	5	1030
1.0062	1	1	5	1030
1.00624	1	1	5	1030
1.00628	1	1	5	1030
1.00632	1	1	5	1030
1.00636	1	1	5	1030
1.0064	1	1	5	1030
1.00644	1	1	5	1030
1.00648	1	1	5	1030
1.00652	1	1	5	1030
1.00656	1	1	5	1030
1.0066	1	1	5	1030
1.00664	1	1	5	1030
1.00668	1	1	5	1030
1.00672	1	1	5	1030
1.00676	1	1	5	1030
1.0068	1	1	5	1030
1.00684	1	1	5	1030
1.00688	1	1	5	1030
1.00692	1	1	5	1030
1.00696	1	1	5	1030
1.007	1	1	5	1030
1.00704	1	1	5	1030
1.00708	1	1	5	1030
1.00712	1	1	5	1030
1.00716	1	1	5	1030
1.0072	1	1	5	1030
1.00724	1	1	5	1030
1.00728	1	1	5	1030
1.00732	1	1	5	1030
1.00736	1	1	5	1030
1.0074	1	1	5	1030
1.00744	1	1	5	1030
1.00748	1	1	5	1030
1.00752	1	1	5	1030
1.00756	1	1	5	1030
1.0076	1	1	5	1030
1.00764	1	1	5	1030
1.00768	1	1	5	1030
1.00772	1	1	5	1030
1.00776	1	1	5	1030
1.0078	1	1	5	1030
1.00784	1	1	5	1030
1.00788	1	1	5	1030
1.00792	1	1	5	1030
1.00796	1	1	5	1030
1.008	1	1	5	1030
1.00804	1	1	5	1030
1.00808	1	1	5	1030
1.00812	1	1	5	1030
1.00816	1	1	5	1030
1.0082	1	1	5	1030
1.00824	1	1	5	1030
1.00828	1	1	5	1030
1.00832	1	1	5	1030
1.00836	1	1	5	1030
1.0084	1	1	5	1030
1.00844	1	1	5	1030
1.00848	1	1	5	1030
1.00852	1	1	5	1030
1.00856	1	1	5	1030
1.0086	1	1	5	1030
1.00864	1	1	5	1030
1.00868	1	1	5	1030
1.00872	1	1	5	1030
1.00876	1	1	5	1030
1.0088	1	1	5	1030
1.00884	1	1	5	1030
1.00888	1	1	5	1030
1.00892	1	1	5	1030
1.00896	1	1	5	1030
1.009	1	1	5	1030
1.00904	1	1	5	1030
1.00908	1	1	5	1030
1.00912	1	1	5	1030
1.00916	1	1	5	1030
1.0092	1	1	5	1030
1.00924	1	1	5	1030
1.00928	1	1	5	1030
1.00932	1	1	5	1030
1.00936	1	1	5	1030
1.0094	1	1	5	1030
1.00944	1	1	5	1030
1.00948	1	1	5	1030
1.00952	1	1	5	1030
1.00956	1	1	5	1030
1.0096	1	1	5	1030
1.00964	1	1	5	1030
1.00968	1	1	5	1030
1.00972	1	1	5	1030
1.00976	1	1	5	1030
1.0098	1	1	5	1030
1.00984	1	1	5	1030
1.00988	1	1	5	1030
1.00992	1	1	5	1030
1.00996	1	1	5	1030
1.01	1	1	5	1030
1.01004	1	1	5	1030
1.01008	1	1	5	1030
1.01012	1	1	5	1030
1.01016	1	1	5	1030
1.0102	1	1	5	1030
1.01024	1	1	5	1030
1.01028	1	1	5	1030
1.01032	1	1	5	1030
1.01036	1	1	5	1030
1.0104	1	1	5	1030
1.01044	1	1	5	1030
1.01048	1	1	5	1030
1.01052	1	1	5	1030
1.01056	1	1	5	1030
1.0106	1	1	5	1030
1.01064	1	1	5	1030
1.01068	1	1	5	1030
1.01072	1	1	5	1030
1.01076	1	1	5	1030
1.0108	1	1	5	1030
1.01084	1	1	5	1030
1.01088	1	1	5	1030
1.01092	1	1	5	1030
1.01096	1	1	5	1030
1.011	1	1	5	1030
1.01104	1	1	5	1030
1.01108	1	1	5	1030
1.01112	1	1	5	1030
1.01116	1	1	5	1030
1.0112	1	1	5	1030
1.01124	1	1	5	1030
1.01128	1	1	5	1030
1.01132	1	1	5	1030
1.01136	1	1	5	1030
1.0114	1	1	5	1030
1.01144	1	1	5	1030
1.01148	1	1	5	1030
1.01152	1	1	5	1030
1.01156	1	1	5	1030
1.0116	1	1	5	1030
1.01164	1	1	5	1030
1.01168	1	1	5	1030
1.01172	1	1	5	1030
1.01176	1	1	5	1030
1.0118	1	1	5	1030
1.01184	1	1	5	1030
1.01188	1	1	5	1030
1.01192	1	1	5	1030
1.01196	1	1	5	1030
1.012	1	1	5	1030
1.01204	1	1	5	1030
1.01208	1	1	5	1030
1.01212	1	1	5	1030
1.01216	1	1	5	1030
1.0122	1	1	5	1030
1.01224	1	1	5	1030
1.01228	1	1	5	1030
1.01232	1	1	5	1030
1.01236	1	1	5	1030
1.0124	1	1	5	1030
1.01244	1	1	5	1030
1.01248	1	1	5	1030
1.01252	1	1	5	1030
1.01256	1	1	5	1030
1.0126	1	1	5	1030
1.01264	1	1	5	1030
1.01268	1	1	5	1030
1.01272	1	1	5	1030
1.01276	1	1	5	1030
1.0128	1	1	5	1030
1.01284	1	1	5	1030
1.01288	1	1	5	1030
1.01292	1	1	5	1030
1.01296	1	1	5	1030
1.013	1	1	5	1030
1.01304	1	1	5	1030
1.01308	1	1	5	1030
1.01312	1	1	5	1030
1.01316	1	1	5	1030
1.0132	1	1	5	1030
1.01324	1	1	5	1030
1.01328	1	1	5	1030
1.01332	1	1	5	1030
1.01336	1	1	5	1030
1.0134	1	1	5	1030
1.01344	1	1	5	1030
1.01348	1	1	5	1030
1.01352	1	1	5	1030
1.01356	1	1	5	1030
1.0136	1	1	5	1030
1.01364	1	1	5	1030
1.01368	1	1	5	1030
1.01372	1	1	5	1030
1.01376	1	1	5	1030
1.0138	1	1	5	1030
1.01384	1	1	5	1030
1.01388	1	1	5	1030
1.01392	1	1	5	1030
1.01396	1	1	5	1030
1.014	1	1	5	1030
1.01404	1	1	5	1030
1.01408	1	1	5	1030
1.01412	1	1	5	1030
1.01416	1	1	5	1030
1.0142	1	1	5	1030
1.01424	1	1	5	1030
1.01428	1	1	5	1030
1.01432	1	1	5	1030
1.01436	1	1	5	1030
1.0144	1	1	5	1030
1.01444	1	1	5	1030
1.01448	1	1	5	1030
1.01452	1	1	5	1030
1.01456	1	1	5	1030
1.0146	1	1	5	1030
1.01464	1	1	5	1030
1.01468	1	1	5	1030
1.01472	1	1	5	1030
1.01476	1	1	5	1030
1.0148	1	1	5	1030
1.01484	1	1	5	1030
1.01488	1	1	5	1030
1.01492	1	1	5	1030
1.01496	1	1	5	1030
1.015	1	1	5	1030
1.01504	1	1	5	1030
1.01508	1	1	5	1030
1.01512	1	1	5	1030
1.01516	1	1	5	1030
1.0152	1	1	5	1030
1.01524	1	1	5	1030
1.01528	1	1	5	1030
1.01532	1	1	5	1030
1.01536	1	1	5	1030
1.0154	1	1	5	1030
1.01544	1	1	5	1030
1.01548	1	1	5	1030
1.01552	1	1	5	1030
1.01556	1	1	5	1030
1.0156	1	1	5	1030
1.01564	1	1	5	1030
1.01568	1	1	5	1030
1.01572	1	1	5	1030
1.01576	1	1	5	1030
1.0158	1	1	5	1030
1.01584	1	1	5	1030
1.01588	1	1	5	1030
1.01592	1	1	5	1030
1.01596	1	1	5	1030
1.016	1	1	5	1030
1.01604	1	1	5	1030
1.01608	1	1	5	1030
1.01612	1	1	5	1030
1.01616	1	1	5	1030
1.0162	1	1	5	1030
1.01624	1	1	5	1030
1.01628	1	1	5	1030
1.01632	1	1	5	1030
1.01636	1	1	5	1030
1.0164	1	1	5	1030
1.01644	1	1	5	1030
1.01648	1	1	5	1030
1.01652	1	1	5	1030
1.01656	1	1	5	1030
1.0166	1	1	5	1030
1.01664	1	1	5	1030
1.01668	1	1	5	1030
1.01672	1	1	5	1030
1.01676	1	1	5	1030
1.0168	1	1	5	1030
1.01684	1	1	5	1030
1.01688	1	1	5	1030
1.01692	1	1	5	1030
1.01696	1	1	5	1030
1.017	1	1	5	1030
1.01704	1	1	5	1030
1.01708	1	1	5	1030
1.01712	1	1	5	1030
1.01716	1	1	5	1030
1.0172	1	1	5	1030
1.01724	1	1	5	1030
1.01728	1	1	5	1030
1.01732	1	1	5	1030
1.01736	1	1	5	1030
1.0174	1	1	5	1030
1.01744	1	1	5	1030
1.01748	1	1	5	1030
1.01752	1	1	5	1030
1.01756	1	1	5	1030
1.0176	1	1	5	1030
1.01764	1	1	5	1030
1.01768	1	1	5	1030
1.01772	1	1	5	1030
1.01776	1	1	5	1030
1.0178	1	1	5	1030
1.01784	1	1	5	1030
1.01788	1	1	5	1030
1.01792	1	1	5	1030
1.01796	1	1	5	1030
1.018	1	1	5	1030
1.01804	1	1	5	1030
1.01808	1	1	5	1030
1.01812	1	1	5	1030
1.01816	1	1	5	1030
1.0182	1	1	5	1030
1.01824	1	1	5	1030
1.01828	1	1	5	1030
1.01832	1	1	5	1030
1.01836	1	1	5	1030
1.0184	1	1	5	1030
1.01844	1	1	5	1030
1.01848	1	1	5	1030
1.01852	1	1	5	1030
1.01856	1	1	5	1030
1.0186	1	1	5	1030
1.01864	1	1	5	1030
1.01868	1	1	5	1030
1.01872	1	1	5	1030
1.01876	1	1	5	1030
1.0188	1	1	5	1030
1.01884	1	1	5	1030
1.01888	1	1	5	1030
1.01892	1	1	5	1030
1.01896	1	1	5	1030
1.019	1	1	5	1030
1.01904	1	1	5	1030
1.01908	1	1	5	1030
1.01912	1	1	5	1030
1.01916	1	1	5	1030
1.0192	1	1	5	1030
1.01924	1	1	5	1030
1.01928	1	1	5	1030
1.01932	1	1	5	1030
1.01936	1	1	5	1030
1.0194	1	1	5	1030
1.01944	1	1	5	1030
1.01948	1	1	5	1030
1.01952	1	1	5	1030
1.01956	1	1	5	1030
1.0196	1	1	5	1030
1.01964	1	1	5	1030
1.01968	1	1	5	1030
1.01972	1	1	5	1030
1.01976	1	1	5	1030
1.0198	1	1	5	1030
1.01984	1	1	5	1030
1.01988	1	1	5	1030
1.01992	1	1	5	1030
1.01996	1	1	5	1030
1.02	1	1	5	1030
1.02004	1	1	5	1030
1.02008	1	1	5	1030
1.02012	1	1	5	1030
1.02016	1	1	5	1030
1.0202	1	1	5	1030
1.02024	1	1	5	1030
1.02028	1	1	5	1030
1.02032	1	1	5	1030
1.02036	1	1	5	1030
1.0204	1	1	5	1030
1.02044	1	1	5	1030
1.02048	1	1	5	1030
1.02052	1	1	5	1030
1.02056	1	1	5	1030
1.0206	1	1	5	1030
1.02064	1	1	5	1030
1.02068	1	1	5	1030
1.02072	1	1	5	1030
1.02076	1	1	5	1030
1.0208	1	1	5	1030
1.02084	1	1	5	1030
1.02088	1	1	5	1030
1.02092	1	1	5	1030
1.02096	1	1	5	1030
1.021	1	1	5	1030
1.02104	1	1	5	1030
1.02108	1	1	5	1030
1.02112	1	1	5	1030
1.02116	1	1	5	1030
1.0212	1	1	5	1030
1.02124	1	1	5	1030
1.02128	1	1	5	1030
1.02132	1	1	5	1030
1.02136	1	1	5	1030
1.0214	1	1	5	1030
1.02144	1	1	5	1030
1.02148	1	1	5	1030
1.02152	1	1	5	1030
1.02156	1	1	5	1030
1.0216	1	1	5	1030
1.02164	1	1	5	1030
1.02168	1	1	5	1030
1.02172	1	1	5	1030
1.02176	1	1	5	1030
1.0218	1	1	5	1030
1.02184	1	1	5	1030
1.02188	1	1	5	1030
1.02192	1	1	5	1030
1.02196	1	1	5	1030
1.022	1	1	5	1030
1.02204	1	1	5	1030
1.02208	1	1	5	1030
1.02212	1	1	5	1030
1.02216	1	1	5	1030
1.0222	1	1	5	1030
1.02224	1	1	5	1030
1.02228	1	1	5	1030
1.02232	1	1	5	1030
1.02236	1	1	5	1030
1.0224	1	1	5	1030
1.02244	1	1	5	1030
1.02248	1	1	5	1030
1.02252	1	1	5	1030
1.02256	1	1	5	1030
1.0226	1	1	5	1030
1.02264	1	1	5	1030
1.02268	1	1	5	1030
1.02272	1	1	5	1030
1.02276	1	1	5	1030
1.0228	1	1	5	1030
1.02284	1	1	5	1030
1.02288	1	1	5	1030
1.02292	1	1	5	1030
1.02296	1	1	5	1030
1.023	1	1	5	1030
1.02304	1	1	5	1030
1.02308	1	1	5	1030
1.02312	1	1	5	1030
1.02316	1	1	5	1030
1.0232	1	1	5	1030
1.02324	1	1	5	1030
1.02328	1	1	5	1030
1.02332	1	1	5	1030
1.02336	1	1	5	1030
1.0234	1	1	5	1030
1.02344	1	1	5	1030
1.02348	1	1	5	1030
1.02352	1	1	5	1030
1.02356	1	1	5	1030
1.0236	1	1	5	1030
1.02364	1	1	5	1030
1.02368	1	1	5	1030
1.02372	1	1	5	1030
1.02376	1	1	5	1030
1.0238	1	1	5	1030
1.02384	1	1	5	1030
1.02388	1	1	5	1030
1.02392	1	1	5	1030
1.02396	1	1	5	1030
1.024	1	1	5	1030
1.02404	1	1	5	1030
1.02408	1	1	5	1030
1.02412	1	1	5	1030
1.02416	1	1	5	1030
1.0242	1	1	5	1030
1.02424	1	1	5	1030
1.02428	1	1	5	1030
1.02432	1	1	5	1030
1.02436	1	1	5	1030
1.0244	1	1	5	1030
1.02444	1	1	5	1030
1.02448	1	1	5	1030
1.02452	1	1	5	1030
1.02456	1	1	5	1030
1.0246	1	1	5	1030
1.02464	1	1	5	1030
1.02468	1	1	5	1030
1.02472	1	1	5	1030
1.02476	1	1	5	1030
1.0248	1	1	5	1030
1.02484	1	1	5	1030
1.02488	1	1	5	1030
1.02492	1	1	5	1030
1.02496	1	1	5	1030
1.025	1	1	5	1030
1.02504	1	1	5	1030
1.02508	1	1	5	1030
1.02512	1	1	5	1030
1.02516	1	1	5	1030
1.0252	1	1	5	1030
1.02524	1	1	5	1030
1.02528	1	1	5	1030
1.02532	1	1	5	1030
1.02536	1	1	5	1030
1.0254	1	1	5	1030
1.02544	1	1	5	1030
1.02548	1	1	5	1030
1.02552	1	1	5	1030
1.02556	1	1	5	1030
1.0256	1	1	5	1030
1.02564	1	1	5	1030
1.02568	1	1	5	1030
1.02572	1	1	5	1030
1.02576	1	1	5	1030
1.0258	1	1	5	1030
1.02584	1	1	5	1030
1.02588	1	1	5	1030
1.02592	1	1	5	1030
1.02596	1	1	5	1030
1.026	1	1	5	1030
1.02604	1	1	5	1030
1.02608	1	1	5	1030
1.02612	1	1	5	1030
1.02616	1	1	5	1030
1.0262	1	1	5	1030
1.02624	1	1	5	1030
1.02628	1	1	5	1030
1.02632	1	1	5	1030
1.02636	1	1	5	1030
1.0264	1	1	5	1030
1.02644	1	1	5	1030
1.02648	1	1	5	1030
1.02652	1	1	5	1030
1.02656	1	1	5	1030
1.0266	1	1	5	1030
1.02664	1	1	5	1030
1.02668	1	1	5	1030
1.02672	1	1	5	1030
1.02676	1	1	5	1030
1.0268	1	1	5	1030
1.02684	1	1	5	1030
1.02688	1	1	5	1030
1.02692	1	1	5	1030
1.02696	1	1	5	1030
1.027	1	1	5	1030
1.02704	1	1	5	1030
1.02708	1	1	5	1030
1.02712	1	1	5	1030
1.02716	1	1	5	1030
1.0272	1	1	5	1030
1.02724	1	1	5	1030
1.02728	1	1	5	1030
1.02732	1	1	5	1030
1.02736	1	1	5	1030
1.0274	1	1	5	1030
1.02744	1	1	5	1030
1.02748	1	1	5	1030
1.02752	1	1	5	1030
1.02756	1	1	5	1030
1.0276	1	1	5	1030
1.02764	1	1	5	1030
1.02768	1	1	5	1030
1.02772	1	1	5	1030
1.02776	1	1	5	1030
1.0278	1	1	5	1030
1.02784	1	1	5	1030
1.02788	1	1	5	1030
1.02792	1	1	5	1030
1.02796	1	1	5	1030
1.028	1	1	5	1030
1.02804	1	1	5	1030
1.02808	1	1	5	1030
1.02812	1	1	5	1030
1.02816	1	1	5	1030
1.0282	1	1	5	1030
1.02824	1	1	5	1030
1.02828	1	1	5	1030
1.02832	1	1	5	1030
1.02836	1	1	5	1030
1.0284	1	1	5	1030
1.02844	1	1	5	1030
1.02848	1	1	5	1030
1.02852	1	1	5	1030
1.02856	1	1	5	1030
1.0286	1	1	5	1030
1.02864	1	1	5	1030
1.02868	1	1	5	1030
1.02872	1	1	5	1030
1.02876	1	1	5	1030
1.0288	1	1	5	1030
1.02884	1	1	5	1030
1.02888	1	1	5	1030
1.02892	1	1	5	1030
1.02896	1	1	5	1030
1.029	1	1	5	1030
1.02904	1	1	5	1030
1.02908	1	1	5	1030
1.02912	1	1	5	1030
1.02916	1	1	5	1030
1.0292	1	1	5	1030
1.02924	1	1	5	1030
1.02928	1	1	5	1030
1.02932	1	1	5	1030
1.02936	1	1	5	1030
1.0294	1	1	5	1030
1.02944	1	1	5	1030
1.02948	1	1	5	1030
1.02952	1	1	5	1030
1.02956	1	1	5	1030
1.0296	1	1	5	1030
1.02964	1	1	5	1030
1.02968	1	1	5	1030
1.02972	1	1	5	1030
1.02976	1	1	5	1030
1.0298	1	1	5	1030
1.02984	1	1	5	1030
1.02988	1	1	5	1030
1.02992	1	1	5	1030
1.02996	1	1	5	1030
1.03	1	1	5	1030
1.03004	1	1	5	1030
1.03008	1	1	5	1030
1.03012	1	1	5	1030
1.03016	1	1	5	1030
1.0302	1	1	5	1030
1.03024	1	1	5	1030
1.03028	1	1	5	1030
1.03032	1	1	5	1030
1.03036	1	1	5	1030
1.0304	1	1	5	1030
1.03044	1	1	5	1030
1.03048	1	1	5	1030
1.03052	1	1	5	1030
1.03056	1	1	5	1030
1.0306	1	1	5	1030
1.03064	1	1	5	1030
1.03068	1	1	5	1030
1.03072	1	1	5	1030
1.03076	1	1	5	1030
1.0308	1	1	5	1030
1.03084	1	1	5	1030
1.03088	1	1	5	1030
1.03092	1	1	5	1030
1.03096	1	1	5	1030
1.031	1	1	5	1030
1.03104	1	1	5	1030
1.03108	1	1	5	1030
1.03112	1	1	5	1030
1.03116	1	1	5	1030
1.0312	1	1	5	1030
1.03124	1	1	5	1030
1.03128	1	1	5	1030
1.03132	1	1	5	1030
1.03136	1	1	5	1030
1.0314	1	1	5	1030
1.03144	1	1	5	1030
1.03148	1	1	5	1030
1.03152	1	1	5	1030
1.03156	1	1	5	1030
1.0316	1	1	5	1030
1.03164	1	1	5	1030
1.03168	1	1	5	1030
1.03172	1	1	5	1030
1.03176	1	1	5	1030
1.0318	1	1	5	1030
1.03184	1	1	5	1030
1.03188	1	1	5	1030
1.03192	1	1	5	1030
1.03196	1	1	5	1030
1.032	1	1	5	1030
1.03204	1	1	5	1030
1.03208	1	1	5	1030
1.03212	1	1	5	1030
1.03216	1	1	5	1030
1.0322	1	1	5	1030
1.03224	1	1	5	1030
1.03228	1	1	5	1030
1.03232	1	1	5	1030
1.03236	1	1	5	1030
1.0324	1	1	5	1030
1.03244	1	1	5	1030
1.03248	1	1	5	1030
1.03252	1	1	5	1030
1.03256	1	1	5	1030
1.0326	1	1	5	1030
1.03264	1	1	5	1030
1.03268	1	1	5	1030
1.03272	1	1	5	1030
1.03276	1	1	5	1030
1.0328	1	1	5	1030
1.03284	1	1	5	1030
1.03288	1	1	5	1030
1.03292	1	1	5	1030
1.03296	1	1	5	1030
1.033	1	1	5	1030
1.03304	1	1	5	1030
1.03308	1	1	5	1030
1.03312	1	1	5	1030
1.03316	1	1	5	1030
1.0332	1	1	5	1030
1.03324	1	1	5	1030
1.03328	1	1	5	1030
1.03332	1	1	5	1030
1.03336	1	1	5	1030
1.0334	1	1	5	1030
1.03344	1	1	5	1030
1.03348	1	1	5	1030
1.03352	1	1	5	1030
1.03356	1	1	5	1030
1.0336	1	1	5	1030
1.03364	1	1	5	1030
1.03368	1	1	5	1030
1.03372	1	1	5	1030
1.03376	1	1	5	1030
1.0338	1	1	5	1030
1.03384	1	1	5	1030
1.03388	1	1	5	1030
1.03392	1	1	5	1030
1.03396	1	1	5	1030
1.034	1	1	5	1030
1.03404	1	1	5	1030
1.03408	1	1	5	1030
1.03412	1	1	5	1030
1.03416	1	1	5	1030
1.0342	1	1	5	1030
1.03424	1	1	5	1030
1.03428	1	1	5	1030
1.03432	1	1	5	1030
1.03436	1	1	5	1030
1.0344	1	1	5	1030
1.03444	1	1	5	1030
1.03448	1	1	5	1030
1.03452	1	1	5	1030
1.03456	1	1	5	1030
1.0346	1	1	5	1030
1.03464	1	1	5	1030
1.03468	1	1	5	1030
1.03472	1	1	5	1030
1.03476	1	1	5	1030
1.0348	1	1	5	1030
1.03484	1	1	5	1030
1.03488	1	1	5	1030
1.03492	1	1	5	1030
1.03496	1	1	5	1030
1.035	1	1	5	1030
1.03504	1	1	5	1030
1.03508	1	1	5	1030
1.03512	1	1	5	1030
1.03516	1	1	5	1030
1.0352	1	1	5	1030
1.03524	1	1	5	1030
1.03528	1	1	5	1030
1.03532	1	1	5	1030
1.03536	1	1	5	1030
1.0354	1	1	5	1030
1.03544	1	1	5	1030
1.03548	1	1	5	1030
1.03552	1	1	5	1030
1.03556	1	1	5	1030
1.0356	1	1	5	1030
1.03564	1	1	5	1030
1.03568	1	1	5	1030
1.03572	1	1	5	1030
1.03576	1	1	5	1030
1.0358	1	1	5	1030
1.03584	1	1	5	1030
1.03588	1	1	5	1030
1.03592	1	1	5	1030
1.03596	1	1	5	1030
1.036	1	1	5	1030
1.03604	1	1	5	1030
1.03608	1	1	5	1030
1.03612	1	1	5	1030
1.03616	1	1	5	1030
1.0362	1	1	5	1030
1.03624	1	1	5	1030
1.03628	1	1	5	1030
1.03632	1	1	5	1030
1.03636	1	1	5	1030
1.0364	1	1	5	1030
1.03644	1	1	5	1030
1.03648	1	1	5	1030
1.03652	1	1	5	1030
1.03656	1	1	5	1030
1.0366	1	1	5	1030
1.03664	1	1	5	1030
1.03668	1	1	5	1030
1.03672	1	1	5	1030
1.03676	1	1	5	1030
1.0368	1	1	5	1030
1.03684	1	1	5	1030
1.03688	1	1	5	1030
1.03692	1	1	5	1030
1.03696	1	1	5	1030
1.037	1	1	5	1030
1.03704	1	1	5	1030
1.03708	1	1	5	1030
1.03712	1	1	5	1030
1.03716	1	1	5	1030
1.0372	1	1	5	1030
1.03724	1	1	5	1030
1.03728	1	1	5	1030
1.03732	1	1	5	1030
1.03736	1	1	5	1030
1.0374	1	1	5	1030
1.03744	1	1	5	1030
1.03748	1	1	5	1030
1.03752	1	1	5	1030
1.03756	1	1	5	1030
1.0376	1	1	5	1030
1.03764	1	1	5	1030
1.03768	1	1	5	1030
1.03772	1	1	5	1030
1.03776	1	1	5	1030
1.0378	1	1	5	1030
1.03784	1	1	5	1030
1.03788	1	1	5	1030
1.03792	1	1	5	1030
1.03796	1	1	5	1030
1.038	1	1	5	1030
1.03804	1	1	5	1030
1.03808	1	1	5	1030
1.03812	1	1	5	1030
1.03816	1	1	5	1030
1.0382	1	1	5	1030
1.03824	1	1	5	1030
1.03828	1	1	5	1030
1.03832	1	1	5	1030
1.03836	1	1	5	1030
1.0384	1	1	5	1030
1.03844	1	1	5	1030
1.03848	1	1	5	1030
1.03852	1	1	5	1030
1.03856	1	1	5	1030
1.0386	1	1	5	1030
1.03864	1	1	5	1030
1.03868	1	1	5	1030
1.03872	1	1	5	1030
1.03876	1	1	5	1030
1.0388	1	1	5	1030
1.03884	1	1	5	1030
1.03888	1	1	5	1030
1.03892	1	1	5	1030
1.03896	1	1	5	1030
1.039	1	1	5	1030
1.03904	1	1	5	1030
1.03908	1	1	5	1030
1.03912	1	1	5	1030
1.03916	1	1	5	1030
1.0392	1	1	5	1030
1.03924	1	1	5	1030
1.03928	1	1	5	1030
1.03932	1	1	5	1030
1.03936	1	1	5	1030
1.0394	1	1	5	1030
1.03944	1	1	5	1030
1.03948	1	1	5	1030
1.03952	1	1	5	1030
1.03956	1	1	5	1030
1.0396	1	1	5	1030
1.03964	1	1	5	1030
1.03968	1	1	5	1030
1.03972	1	1	5	1030
1.03976	1	1	5	1030
1.0398	1	1	5	1030
1.03984	1	1	5	1030
1.03988	1	1	5	1030
1.03992	1	1	5	1030
1.03996	1	1	5	1030
1.04	1	1	5	1030
1.04004	1	1	5	1030
1.04008	1	1	5	1030
1.04012	1	1	5	1030
1.04016	1	1	5	1030
1.0402	1	1	5	1030
1.04024	1	1	5	1030
1.04028	1	1	5	1030
1.04032	1	1	5	1030
1.04036	1	1	5	1030
1.0404	1	1	5	1030
1.04044	1	1	5	1030
1.04048	1	1	5	1030
1.04052	1	1	5	1030
1.04056	1	1	5	1030
1.0406	1	1	5	1030
1.04064	1	1	5	1030
1.04068	1	1	5	1030
1.04072	1	1	5	1030
1.04076	1	1	5	1030
1.0408	1	1	5	1030
1.04084	1	1	5	1030
1.04088	1	1	5	1030
1.04092	1	1	5	1030
1.04096	1	1	5	1030
1.041	1	1	5	1030
1.04104	1	1	5	1030
1.04108	1	1	5	1030
1.04112	1	1	5	1030
1.04116	1	1	5	1030
1.0412	1	1	5	1030
1.04124	1	1	5	1030
1.04128	1	1	5	1030
1.04132	1	1	5	1030
1.04136	1	1	5	1030
1.0414	1	1	5	1030
1.04144	1	1	5	1030
1.04148	1	1	5	1030
1.04152	1	1	5	1030
1.04156	1	1	5	1030
1.0416	1	1	5	1030
1.04164	1	1	5	1030
1.04168	1	1	5	1030
1.04172	1	1	5	1030
1.04176	1	1	5	1030
1.0418	1	1	5	1030
1.04184	1	1	5	1030
1.04188	1	1	5	1030
1.04192	1	1	5	1030
1.04196	1	1	5	1030
1.042	1	1	5	1030
1.04204	1	1	5	1030
1.04208	1	1	5	1030
1.04212	1	1	5	1030
1.04216	1	1	5	1030
1.0422	1	1	5	1030
1.04224	1	1	5	1030
1.04228	1	1	5	1030
1.04232	1	1	5	1030
1.04236	1	1	5	1030
1.0424	1	1	5	1030
1.04244	1	1	5	1030
1.04248	1	1	5	1030
1.04252	1	1	5	1030
1.04256	1	1	5	1030
1.0426	1	1	5	1030
1.04264	1	1	5	1030
1.04268	1	1	5	1030
1.04272	1	1	5	1030
1.04276	1	1	5	1030
1.0428	1	1	5	1030
1.04284	1	1	5	1030
1.04288	1	1	5	1030
1.04292	1	1	5	1030
1.04296	1	1	5	1030
1.043	1	1	5	1030
1.04304	1	1	5	1030
1.04308	1	1	5	1030
1.04312	1	1	5	1030
1.04316	1	1	5	1030
1.0432	1	1	5	1030
1.04324	1	1	5	1030
1.04328	1	1	5	1030
1.04332	1	1	5	1030
1.04336	1	1	5	1030
1.0434	1	1	5	1030
1.04344	1	1	5	1030
1.04348	1	1	5	1030
1.04352	1	1	5	1030
1.04356	1	1	5	1030
1.0436	1	1	5	1030
1.04364	1	1	5	1030
1.04368	1	1	5	1030
1.04372	1	1	5	1030
1.04376	1	1	5	1030
1.0438	1	1	5	1030
1.04384	1	1	5	1030
1.04388	1	1	5	1030
1.04392	1	1	5	1030
1.04396	1	1	5	1030
1.044	1	1	5	1030
1.04404	1	1	5	1030
1.04408	1	1	5	1030
1.04412	1	1	5	1030
1.04416	1	1	5	1030
1.0442	1	1	5	1030
1.04424	1	1	5	1030
1.04428	1	1	5	1030
1.04432	1	1	5	1030
1.04436	1	1	5	1030
1.0444	1	1	5	1030
1.04444	1	1	5	1030
1.04448	1	1	5	1030
1.04452	1	1	5	1030
1.04456	1	1	5	1030
1.0446	1	1	5	1030
1.04464	1	1	5	1030
1.04468	1	1	5	1030
1.04472	1	1	5	1030
1.04476	1	1	5	1030
1.0448	1	1	5	1030
1.04484	1	1	5	1030
1.04488	1	1	5	1030
1.04492	1	1	5	1030
1.04496	1	1	5	1030
1.045	1	1	5	1030
1.04504	1	1	5	1030
1.04508	1	1	5	1030
1.04512	1	1	5	1030
1.04516	1	1	5	1030
1.0452	1	1	5	1030
1.04524	1	1	5	1030
1.04528	1	1	5	1030
1.04532	1	1	5	1030
1.04536	1	1	5	1030
1.0454	1	1	5	1030
1.04544	1	1	5	1030
1.04548	1	1	5	1030
1.04552	1	1	5	1030
1.04556	1	1	5	1030
1.0456	1	1	5	1030
1.04564	1	1	5	1030
1.04568	1	1	5	1030
1.04572	1	1	5	1030
1.04576	1	1	5	1030
1.0458	1	1	5	1030
1.04584	1	1	5	1030
1.04588	1	1	5	1030
1.04592	1	1	5	1030
1.04596	1	1	5	1030
1.046	1	1	5	1030
1.04604	1	1	5	1030
1.04608	1	1	5	1030
1.04612	1	1	5	1030
1.04616	1	1	5	1030
1.0462	1	1	5	1030
1.04624	1	1	5	1030
1.04628	1	1	5	1030
1.04632	1	1	5	1030
1.04636	1	1	5	1030
1.0464	1	1	5	1030
1.04644	1	1	5	1030
1.04648	1	1	5	1030
1.04652	1	1	5	1030
1.04656	1	1	5	1030
1.0466	1	1	5	1030
1.04664	1	1	5	1030
1.04668	1	1	5	1030
1.04672	1	1	5	1030
1.04676	1	1	5	1030
1.0468	1	1	5	1030
1.04684	1	1	5	1030
1.04688	1	1	5	1030
1.04692	1	1	5	1030
1.04696	1	1	5	1030
1.047	1	1	5	1030
1.04704	1	1	5	1030
1.04708	1	1	5	1030
1.04712	1	1	5	1030
1.04716	1	1	5	1030
1.0472	1	1	5	1030
1.04724	1	1	5	1030
1.04728	1	1	5	1030
1.04732	1	1	5	1030
1.04736	1	1	5	1030
1.0474	1	1	5	1030
1.04744	1	1	5	1030
1.04748	1	1	5	1030
1.04752	1	1	5	1030
1.04756	1	1	5	1030
1.0476	1	1	5	1030
1.04764	1	1	5	1030
1.04768	1	1	5	1030
1.04772	1	1	5	1030
1.04776	1	1	5	1030
1.0478	1	1	5	1030
1.04784	1	1	5	1030
1.04788	1	1	5	1030
1.04792	1	1	5	1030
1.04796	1	1	5	1030
1.048	1	1	5	1030
1.04804	1	1	5	1030
1.04808	1	1	5	1030
1.04812	1	1	5	1030
1.04816	1	1	5	1030
1.0482	1	1	5	1030
1.04824	1	1	5	1030
1.04828	1	1	5	1030
1.04832	1	1	5	1030
1.04836	1	1	5	1030
1.0484	1	1	5	1030
1.04844	1	1	5	1030
1.04848	1	1	5	1030
1.04852	1	1	5	1030
1.04856	1	1	5	1030
1.0486	1	1	5	1030
1.04864	1	1	5	1030
1.04868	1	1	5	1030
1.04872	1	1	5	1030
1.04876	1	1	5	1030
1.0488	1	1	5	1030
1.04884	1	1	5	1030
1.04888	1	1	5	1030
1.04892	1	1	5	1030
1.04896	1	1	5	1030
1.049	1	1	5	1030
1.04904	1	1	5	1030
1.04908	1	1	5	1030
1.04912	1	1	5	1030
1.04916	1	1	5	1030
1.0492	1	1	5	1030
1.04924	1	1	5	1030
1.04928	1	1	5	1030
1.04932	1	1	5	1030
1.04936	1	1	5	1030
1.0494	1	1	5	1030
1.04944	1	1	5	1030
1.04948	1	1	5	1030
1.04952	1	1	5	1030
1.04956	1	1	5	1030
1.0496	1	1	5	1030
1.04964	1	1	5	1030
1.04968	1	1	5	1030
1.04972	1	1	5	1030
1.04976	1	1	5	1030
1.0498	1	1	5	1030
1.04984	1	1	5	1030
1.04988	1	1	5	1030
1.04992	1	1	5	1030
1.04996	1	1	5	1030
1.05	1	1	5	1030
1.05004	1	1	5	1030
1.05008	1	1	5	1030
1.05012	1	1	5	1030
1.05016	1	1	5	1030
1.0502	1	1	5	1030
1.05024	1	1	5	1030
1.05028	1	1	5	1030
1.05032	1	1	5	1030
1.05036	1	1	5	1030
1.0504	1	1	5	1030
1.05044	1	1	5	1030
1.05048	1	1	5	1030
1.05052	1	1	5	1030
1.05056	1	1	5	1030
1.0506	1	1	5	1030
1.05064	1	1	5	1030
1.05068	1	1	5	1030
1.05072	1	1	5	1030
1.05076	1	1	5	1030
1.0508	1	1	5	1030
1.05084	1	1	5	1030
1.05088	1	1	5	1030
1.05092	1	1	5	1030
1.05096	1	1	5	1030
1.051	1	1	5	1030
1.05104	1	1	5	1030
1.05108	1	1	5	1030
1.05112	1	1	5	1030
1.05116	1	1	5	1030
1.0512	1	1	5	1030
1.05124	1	1	5	1030
1.05128	1	1	5	1030
1.05132	1	1	5	1030
1.05136	1	1	5	1030
1.0514	1	1	5	1030
1.05144	1	1	5	1030
1.05148	1	1	5	1030
1.05152	1	1	5	1030
1.05156	1	1	5	1030
1.0516	1	1	5	1030
1.05164	1	1	5	1030
1.05168	1	1	5	1030
1.05172	1	1	5	1030
1.05176	1	1	5	1030
1.0518	1	1	5	1030
1.05184	1	1	5	1030
1.05188	1	1	5	1030
1.05192	1	1	5	1030
1.05196	1	1	5	1030
1.052	1	1	5	1030
1.05204	1	1	5	1030
1.05208	1	1	5	1030
1.05212	1	1	5	1030
1.05216	1	1	5	1030
1.0522	1	1	5	1030
1.05224	1	1	5	1030
1.05228	1	1	5	1030
1.05232	1	1	5	1030
1.05236	1	1	5	1030
1.0524	1	1	5	1030
1.05244	1	1	5	1030
1.05248	1	1	5	1030
1.05252	1	1	5	1030
1.05256	1	1	5	1030
1.0526	1	1	5	1030
1.05264	1	1	5	1030
1.05268	1	1	5	1030
1.05272	1	1	5	1030
1.05276	1	1	5	1030
1.0528	1	1	5	1030
1.05284	1	1	5	1030
1.05288	1	1	5	1030
1.05292	1	1	5	1030
1.05296	1	1	5	1030
1.053	1	1	5	1030
1.05304	1	1	5	1030
1.05308	1	1	5	1030
1.05312	1	1	5	1030
1.05316	1	1	5	1030
1.0532	1	1	5	1030
1.05324	1	1	5	1030
1.05328	1	1	5	1030
1.05332	1	1	5	1030
1.05336	1	1	5	1030
1.0534	1	1	5	1030
1.05344	1	1	5	1030
1.05348	1	1	5	1030
1.05352	1	1	5	1030
1.05356	1	1	5	1030
1.0536	1	1	5	1030
1.05364	1	1	5	1030
1.05368	1	1	5	1030
1.05372	1	1	5	1030
1.05376	1	1	5	1030
1.0538	1	1	5	1030
1.05384	1	1	5	1030
1.05388	1	1	5	1030
1.05392	1	1	5	1030
1.05396	1	1	5	1030
1.054	1	1	5	1030
1.05404	1	1	5	1030
1.05408	1	1	5	1030
1.05412	1	1	5	1030
1.05416	1	1	5	1030
1.0542	1	1	5	1030
1.05424	1	1	5	1030
1.05428	1	1	5	1030
1.05432	1	1	5	1030
1.05436	1	1	5	1030
1.0544	1	1	5	1030
1.05444	1	1	5	1030
1.05448	1	1	5	1030
1.05452	1	1	5	1030
1.05456	1	1	5	1030
1.0546	1	1	5	1030
1.05464	1	1	5	1030
1.05468	1	1	5	1030
1.05472	1	1	5	1030
1.05476	1	1	5	1030
1.0548	1	1	5	1030
1.05484	1	1	5	1030
1.05488	1	1	5	1030
1.05492	1	1	5	1030
1.05496	1	1	5	1030
1.055	1	1	5	1030
1.05504	1	1	5	1030
1.05508	1	1	5	1030
1.05512	1	1	5	1030
1.05516	1	1	5	1030
1.0552	1	1	5	1030
1.05524	1	1	5	1030
1.05528	1	1	5	1030
1.05532	1	1	5	1030
1.05536	1	1	5	1030
1.0554	1	1	5	1030
1.05544	1	1	5	1030
1.05548	1	1	5	1030
1.05552	1	1	5	1030
1.05556	1	1	5	1030
1.0556	1	1	5	1030
1.05564	1	1	5	1030
1.05568	1	1	5	1030
1.05572	1	1	5	1030
1.05576	1	1	5	1030
1.0558	1	1	5	1030
1.05584	1	1	5	1030
1.05588	1	1	5	1030
1.05592	1	1	5	1030
1.05596	1	1	5	1030
1.056	1	1	5	1030
1.05604	1	1	5	1030
1.05608	1	1	5	1030
1.05612	1	1	5	1030
1.05616	1	1	5	1030
1.0562	1	1	5	1030
1.05624	1	1	5	1030
1.05628	1	1	5	1030
1.05632	1	1	5	1030
1.05636	1	1	5	1030
1.0564	1	1	5	1030
1.05644	1	1	5	1030
1.05648	1	1	5	1030
1.05652	1	1	5	1030
1.05656	1	1	5	1030
1.0566	1	1	5	1030
1.05664	1	1	5	1030
1.05668	1	1	5	1030
1.05672	1	1	5	1030
1.05676	1	1	5	1030
1.0568	1	1	5	1030
1.05684	1	1	5	1030
1.05688	1	1	5	1030
1.05692	1	1	5	1030
1.05696	1	1	5	1030
1.057	1	1	5	1030
1.05704	1	1	5	1030
1.05708	1	1	5	1030
1.05712	1	1	5	1030
1.05716	1	1	5	1030
1.0572	1	1	5	1030
1.05724	1	1	5	1030
1.05728	1	1	5	1030
1.05732	1	1	5	1030
1.05736	1	1	5	1030
1.0574	1	1	5	1030
1.05744	1	1	5	1030
1.05748	1	1	5	1030
1.05752	1	1	5	1030
1.05756	1	1	5	1030
1.0576	1	1	5	1030
1.05764	1	1	5	1030
1.05768	1	1	5	1030
1.05772	1	1	5	1030
1.05776	1	1	5	1030
1.0578	1	1	5	1030
1.05784	1	1	5	1030
1.05788	1	1	5	1030
1.05792	1	1	5	1030
1.05796	1	1	5	1030
1.058	1	1	5	1030
1.05804	1	1	5	1030
1.05808	1	1	5	1030
1.05812	1	1	5	1030
1.05816	1	1	5	1030
1.0582	1	1	5	1030
1.05824	1	1	5	1030
1.05828	1	1	5	1030
1.05832	1	1	5	1030
1.05836	1	1	5	1030
1.0584	1	1	5	1030
1.05844	1	1	5	1030
1.05848	1	1	5	1030
1.05852	1	1	5	1030
1.05856	1	1	5	1030
1.0586	1	1	5	1030
1.05864	1	1	5	1030
1.05868	1	1	5	1030
1.05872	1	1	5	1030
1.05876	1	1	5	1030
1.0588	1	1	5	1030
1.05884	1	1	5	1030
1.05888	1	1	5	1030
1.05892	1	1	5	1030
1.05896	1	1	5	1030
1.059	1	1	5	1030
1.05904	1	1	5	1030
1.05908	1	1	5	1030
1.05912	1	1	5	1030
1.05916	1	1	5	1030
1.0592	1	1	5	1030
1.05924	1	1	5	1030
1.05928	1	1	5	1030
1.05932	1	1	5	1030
1.05936	1	1	5	1030
1.0594	1	1	5	1030
1.05944	1	1	5	1030
1.05948	1	1	5	1030
1.05952	1	1	5	1030
1.05956	1	1	5	1030
1.0596	1	1	5	1030
1.05964	1	1	5	1030
1.05968	1	1	5	1030
1.05972	1	1	5	1030
1.05976	1	1	5	1030
1.0598	1	1	5	1030
1.05984	1	1	5	1030
1.05988	1	1	5	1030
1.05992	1	1	5	1030
1.05996	1	1	5	1030
1.06	1	1	5	1030
1.06004	1	1	5	1030
1.06008	1	1	5	1030
1.06012	1	1	5	1030
1.06016	1	1	5	1030
1.0602	1	1	5	1030
1.06024	1	1	5	1030
1.06028	1	1	5	1030
1.06032	1	1	5	1030
1.06036	1	1	5	1030
1.0604	1	1	5	1030
1.06044	1	1	5	1030
1.06048	1	1	5	1030
1.06052	1	1	5	1030
1.06056	1	1	5	1030
1.0606	1	1	5	1030
1.06064	1	1	5	1030
1.06068	1	1	5	1030
1.06072	1	1	5	1030
1.06076	1	1	5	1030
1.0608	1	1	5	1030
1.06084	1	1	5	1030
1.06088	1	1	5	1030
1.06092	1	1	5	1030
1.06096	1	1	5	1030
1.061	1	1	5	1030
1.06104	1	1	5	1030
1.06108	1	1	5	1030
1.06112	1	1	5	1030
1.06116	1	1	5	1030
1.0612	1	1	5	1030
1.06124	1	1	5	1030
1.06128	1	1	5	1030
1.06132	1	1	5	1030
1.06136	1	1	5	1030
1.0614	1	1	5	1030
1.06144	1	1	5	1030
1.06148	1	1	5	1030
1.06152	1	1	5	1030
1.06156	1	1	5	1030
1.0616	1	1	5	1030
1.06164	1	1	5	1030
1.06168	1	1	5	1030
1.06172	1	1	5	1030
1.06176	1	1	5	1030
1.0618	1	1	5	1030
1.06184	1	1	5	1030
1.06188	1	1	5	1030
1.06192	1	1	5	1030
1.06196	1	1	5	1030
1.062	1	1	5	1030
1.06204	1	1	5	1030
1.06208	1	1	5	1030
1.06212	1	1	5	1030
1.06216	1	1	5	1030
1.0622	1	1	5	1030
1.06224	1	1	5	1030
1.06228	1	1	5	1030
1.06232	1	1	5	1030
1.06236	1	1	5	1030
1.0624	1	1	5	1030
1.06244	1	1	5	1030
1.06248	1	1	5	1030
1.06252	1	1	5	1030
1.06256	1	1	5	1030
1.0626	1	1	5	1030
1.06264	1	1	5	1030
1.06268	1	1	5	1030
1.06272	1	1	5	1030
1.06276	1	1	5	1030
1.0628	1	1	5	1030
1.06284	1	1	5	1030
1.06288	1	1	5	1030
1.06292	1	1	5	1030
1.06296	1	1	5	1030
1.063	1	1	5	1030
1.06304	1	1	5	1030
1.06308	1	1	5	1030
1.06312	1	1	5	1030
1.06316	1	1	5	1030
1.0632	1	1	5	1030
1.06324	1	1	5	1030
1.06328	1	1	5	1030
1.06332	1	1	5	1030
1.06336	1	1	5	1030
1.0634	1	1	5	1030
1.06344	1	1	5	1030
1.06348	1	1	5	1030
1.06352	1	1	5	1030
1.06356	1	1	5	1030
1.0636	1	1	5	1030
1.06364	1	1	5	1030
1.06368	1	1	5	1030
1.06372	1	1	5	1030
1.06376	1	1	5	1030
1.0638	1	1	5	1030
1.06384	1	1	5	1030
1.06388	1	1	5	1030
1.06392	1	1	5	1030
1.06396	1	1	5	1030
1.064	1	1	5	1030
1.06404	1	1	5	1030
1.06408	1	1	5	1030
1.06412	1	1	5	1030
1.06416	1	1	5	1030
1.0642	1	1	5	1030
1.06424	1	1	5	1030
1.06428	1	1	5	1030
1.06432	1	1	5	1030
1.06436	1	1	5	1030
1.0644	1	1	5	1030
1.06444	1	1	5	1030
1.06448	1	1	5	1030
1.06452	1	1	5	1030
1.06456	1	1	5	1030
1.0646	1	1	5	1030
1.06464	1	1	5	1030
1.06468	1	1	5	1030
1.06472	1	1	5	1030
1.06476	1	1	5	1030
1.0648	1	1	5	1030
1.06484	1	1	5	1030
1.06488	1	1	5	1030
1.06492	1	1	5	1030
1.06496	1	1	5	1030
1.065	1	1	5	1030
1.06504	1	1	5	1030
1.06508	1	1	5	1030
1.06512	1	1	5	1030
1.06516	1	1	5	1030
1.0652	1	1	5	1030
1.06524	1	1	5	1030
1.06528	1	1	5	1030
1.06532	1	1	5	1030
1.06536	1	1	5	1030
1.0654	1	1	5	1030
1.06544	1	1	5	1030
1.06548	1	1	5	1030
1.06552	1	1	5	1030
1.06556	1	1	5	1030
1.0656	1	1	5	1030
1.06564	1	1	5	1030
1.06568	1	1	5	1030
1.06572	1	1	5	1030
1.06576	1	1	5	1030
1.0658	1	1	5	1030
1.06584	1	1	5	1030
1.06588	1	1	5	1030
1.06592	1	1	5	1030
1.06596	1	1	5	1030
1.066	1	1	5	1030
1.06604	1	1	5	1030
1.06608	1	1	5	1030
1.06612	1	1	5	1030
1.06616	1	1	5	1030
1.0662	1	1	5	1030
1.06624	1	1	5	1030
1.06628	1	1	5	1030
1.06632	1	1	5	1030
1.06636	1	1	5	1030
1.0664	1	1	5	1030
1.06644	1	1	5	1030
1.06648	1	1	5	1030
1.06652	1	1	5	1030
1.06656	1	1	5	1030
1.0666	1	1	5	1030
1.06664	1	1	5	1030
1.06668	1	1	5	1030
1.06672	1	1	5	1030
1.06676	1	1	5	1030
1.0668	1	1	5	1030
1.06684	1	1	5	1030
1.06688	1	1	5	1030
1.06692	1	1	5	1030
1.06696	1	1	5	1030
1.067	1	1	5	1030
1.06704	1	1	5	1030
1.06708	1	1	5	1030
1.06712	1	1	5	1030
1.06716	1	1	5	1030
1.0672	1	1	5	1030
1.06724	1	1	5	1030
1.06728	1	1	5	1030
1.06732	1	1	5	1030
1.06736	1	1	5	1030
1.0674	1	1	5	1030
1.06744	1	1	5	1030
1.06748	1	1	5	1030
1.06752	1	1	5	1030
1.06756	1	1	5	1030
1.0676	1	1	5	1030
1.06764	1	1	5	1030
1.06768	1	1	5	1030
1.06772	1	1	5	1030
1.06776	1	1	5	1030
1.0678	1	1	5	1030
1.06784	1	1	5	1030
1.06788	1	1	5	1030
1.06792	1	1	5	1030
1.06796	1	1	5	1030
1.068	1	1	5	1030
1.06804	1	1	5	1030
1.06808	1	1	5	1030
1.06812	1	1	5	1030
1.06816	1	1	5	1030
1.0682	1	1	5	1030
1.06824	1	1	5	1030
1.06828	1	1	5	1030
1.06832	1	1	5	1030
1.06836	1	1	5	1030
1.0684	1	1	5	1030
1.06844	1	1	5	1030
1.06848	1	1	5	1030
1.06852	1	1	5	1030
1.06856	1	1	5	1030
1.0686	1	1	5	1030
1.06864	1	1	5	1030
1.06868	1	1	5	1030
1.06872	1	1	5	1030
1.06876	1	1	5	1030
1.0688	1	1	5	1030
1.06884	1	1	5	1030
1.06888	1	1	5	1030
1.06892	1	1	5	1030
1.06896	1	1	5	1030
1.069	1	1	5	1030
1.06904	1	1	5	1030
1.06908	1	1	5	1030
1.06912	1	1	5	1030
1.06916	1	1	5	1030
1.0692	1	1	5	1030
1.06924	1	1	5	1030
1.06928	1	1	5	1030
1.06932	1	1	5	1030
1.06936	1	1	5	1030
1.0694	1	1	5	1030
1.06944	1	1	5	1030
1.06948	1	1	5	1030
1.06952	1	1	5	1030
1.06956	1	1	5	1030
1.0696	1	1	5	1030
1.06964	1	1	5	1030
1.06968	1	1	5	1030
1.06972	1	1	5	1030
1.06976	1	1	5	1030
1.0698	1	1	5	1030
1.06984	1	1	5	1030
1.06988	1	1	5	1030
1.06992	1	1	5	1030
1.06996	1	1	5	1030
1.07	1	1	5	1030
1.07004	1	1	5	1030
1.07008	1	1	5	1030
1.07012	1	1	5	1030
1.07016	1	1	5	1030
1.0702	1	1	5	1030
1.07024	1	1	5	1030
1.07028	1	1	5	1030
1.07032	1	1	5	1030
1.07036	1	1	5	1030
1.0704	1	1	5	1030
1.07044	1	1	5	1030
1.07048	1	1	5	1030
1.07052	1	1	5	1030
1.07056	1	1	5	1030
1.0706	1	1	5	1030
1.07064	1	1	5	1030
1.07068	1	1	5	1030
1.07072	1	1	5	1030
1.07076	1	1	5	1030
1.0708	1	1	5	1030
1.07084	1	1	5	1030
1.07088	1	1	5	1030
1.07092	1	1	5	1030
1.07096	1	1	5	1030
1.071	1	1	5	1030
1.07104	1	1	5	1030
1.07108	1	1	5	1030
1.07112	1	1	5	1030
1.07116	1	1	5	1030
1.0712	1	1	5	1030
1.07124	1	1	5	1030
1.07128	1	1	5	1030
1.07132	1	1	5	1030
1.07136	1	1	5	1030
1.0714	1	1	5	1030
1.07144	1	1	5	1030
1.07148	1	1	5	1030
1.07152	1	1	5	1030
1.07156	1	1	5	1030
1.0716	1	1	5	1030
1.07164	1	1	5	1030
1.07168	1	1	5	1030
1.07172	1	1	5	1030
1.07176	1	1	5	1030
1.0718	1	1	5	1030
1.07184	1	1	5	1030
1.07188	1	1	5	1030
1.07192	1	1	5	1030
1.07196	1	1	5	1030
1.072	1	1	5	1030
1.07204	1	1	5	1030
1.07208	1	1	5	1030
1.07212	1	1	5	1030
1.07216	1	1	5	1030
1.0722	1	1	5	1030
1.07224	1	1	5	1030
1.07228	1	1	5	1030
1.07232	1	1	5	1030
1.07236	1	1	5	1030
1.0724	1	1	5	1030
1.07244	1	1	5	1030
1.07248	1	1	5	1030
1.07252	1	1	5	1030
1.07256	1	1	5	1030
1.0726	1	1	5	1030
1.07264	1	1	5	1030
1.07268	1	1	5	1030
1.07272	1	1	5	1030
1.07276	1	1	5	1030
1.0728	1	1	5	1030
1.07284	1	1	5	1030
1.07288	1	1	5	1030
1.07292	1	1	5	1030
1.07296	1	1	5	1030
1.073	1	1	5	1030
1.07304	1	1	5	1030
1.07308	1	1	5	1030
1.07312	1	1	5	1030
1.07316	1	1	5	1030
1.0732	1	1	5	1030
1.07324	1	1	5	1030
1.07328	1	1	5	1030
1.07332	1	1	5	1030
1.07336	1	1	5	1030
1.0734	1	1	5	1030
1.07344	1	1	5	1030
1.07348	1	1	5	1030
1.07352	1	1	5	1030
1.07356	1	1	5	1030
1.0736	1	1	5	1030
1.07364	1	1	5	1030
1.07368	1	1	5	1030
1.07372	1	1	5	1030
1.07376	1	1	5	1030
1.0738	1	1	5	1030
1.07384	1	1	5	1030
1.07388	1	1	5	1030
1.07392	1	1	5	1030
1.07396	1	1	5	1030
1.074	1	1	5	1030
1.07404	1	1	5	1030
1.07408	1	1	5	1030
1.07412	1	1	5	1030
1.07416	1	1	5	1030
1.0742	1	1	5	1030
1.07424	1	1	5	1030
1.07428	1	1	5	1030
1.07432	1	1	5	1030
1.07436	1	1	5	1030
1.0744	1	1	5	1030
1.07444	1	1	5	1030
1.07448	1	1	5	1030
1.07452	1	1	5	1030
1.07456	1	1	5	1030
1.0746	1	1	5	1030
1.07464	1	1	5	1030
1.07468	1	1	5	1030
1.07472	1	1	5	1030
1.07476	1	1	5	1030
1.0748	1	1	5	1030
1.07484	1	1	5	1030
1.07488	1	1	5	1030
1.07492	1	1	5	1030
1.07496	1	1	5	1030
1.075	1	1	5	1030
1.07504	1	1	5	1030
1.07508	1	1	5	1030
1.07512	1	1	5	1030
1.07516	1	1	5	1030
1.0752	1	1	5	1030
1.07524	1	1	5	1030
1.07528	1	1	5	1030
1.07532	1	1	5	1030
1.07536	1	1	5	1030
1.0754	1	1	5	1030
1.07544	1	1	5	1030
1.07548	1	1	5	1030
1.07552	1	1	5	1030
1.07556	1	1	5	1030
1.0756	1	1	5	1030
1.07564	1	1	5	1030
1.07568	1	1	5	1030
1.07572	1	1	5	1030
1.07576	1	1	5	1030
1.0758	1	1	5	1030
1.07584	1	1	5	1030
1.07588	1	1	5	1030
1.07592	1	1	5	1030
1.07596	1	1	5	1030
1.076	1	1	5	1030
1.07604	1	1	5	1030
1.07608	1	1	5	1030
1.07612	1	1	5	1030
1.07616	1	1	5	1030
1.0762	1	1	5	1030
1.07624	1	1	5	1030
1.07628	1	1	5	1030
1.07632	1	1	5	1030
1.07636	1	1	5	1030
1.0764	1	1	5	1030
1.07644	1	1	5	1030
1.07648	1	1	5	1030
1.07652	1	1	5	1030
1.07656	1	1	5	1030
1.0766	1	1	5	1030
1.07664	1	1	5	1030
1.07668	1	1	5	1030
1.07672	1	1	5	1030
1.07676	1	1	5	1030
1.0768	1	1	5	1030
1.07684	1	1	5	1030
1.07688	1	1	5	1030
1.07692	1	1	5	1030
1.07696	1	1	5	1030
1.077	1	1	5	1030
1.07704	1	1	5	1030
1.07708	1	1	5	1030
1.07712	1	1	5	1030
1.07716	1	1	5	1030
1.0772	1	1	5	1030
1.07724	1	1	5	1030
1.07728	1	1	5	1030
1.07732	1	1	5	1030
1.07736	1	1	5	1030
1.0774	1	1	5	1030
1.07744	1	1	5	1030
1.07748	1	1	5	1030
1.07752	1	1	5	1030
1.07756	1	1	5	1030
1.0776	1	1	5	1030
1.07764	1	1	5	1030
1.07768	1	1	5	1030
1.07772	1	1	5	1030
1.07776	1	1	5	1030
1.0778	1	1	5	1030
1.07784	1	1	5	1030
1.07788	1	1	5	1030
1.07792	1	1	5	1030
1.07796	1	1	5	1030
1.078	1	1	5	1030
1.07804	1	1	5	1030
1.07808	1	1	5	1030
1.07812	1	1	5	1030
1.07816	1	1	5	1030
1.0782	1	1	5	1030
1.07824	1	1	5	1030
1.07828	1	1	5	1030
1.07832	1	1	5	1030
1.07836	1	1	5	1030
1.0784	1	1	5	1030
1.07844	1	1	5	1030
1.07848	1	1	5	1030
1.07852	1	1	5	1030
1.07856	1	1	5	1030
1.0786	1	1	5	1030
1.07864	1	1	5	1030
1.07868	1	1	5	1030
1.07872	1	1	5	1030
1.07876	1	1	5	1030
1.0788	1	1	5	1030
1.07884	1	1	5	1030
1.07888	1	1	5	1030
1.07892	1	1	5	1030
1.07896	1	1	5	1030
1.079	1	1	5	1030
1.07904	1	1	5	1030
1.07908	1	1	5	1030
1.07912	1	1	5	1030
1.07916	1	1	5	1030
1.0792	1	1	5	1030
1.07924	1	1	5	1030
1.07928	1	1	5	1030
1.07932	1	1	5	1030
1.07936	1	1	5	1030
1.0794	1	1	5	1030
1.07944	1	1	5	1030
1.07948	1	1	5	1030
1.07952	1	1	5	1030
1.07956	1	1	5	1030
1.0796	1	1	5	1030
1.07964	1	1	5	1030
1.07968	1	1	5	1030
1.07972	1	1	5	1030
1.07976	1	1	5	1030
1.0798	1	1	5	1030
1.07984	1	1	5	1030
1.07988	1	1	5	1030
1.07992	1	1	5	1030
1.07996	1	1	5	1030
1.08	1	1	5	1030
1.08004	1	1	5	1030
1.08008	1	1	5	1030
1.08012	1	1	5	1030
1.08016	1	1	5	1030
1.0802	1	1	5	1030
1.08024	1	1	5	1030
1.08028	1	1	5	1030
1.08032	1	1	5	1030
1.08036	1	1	5	1030
1.0804	1	1	5	1030
1.08044	1	1	5	1030
1.08048	1	1	5	1030
1.08052	1	1	5	1030
1.08056	1	1	5	1030
1.0806	1	1	5	1030
1.08064	1	1	5	1030
1.08068	1	1	5	1030
1.08072	1	1	5	1030
1.08076	1	1	5	1030
1.0808	1	1	5	1030
1.08084	1	1	5	1030
1.08088	1	1	5	1030
1.08092	1	1	5	1030
1.08096	1	1	5	1030
1.081	1	1	5	1030
1.08104	1	1	5	1030
1.08108	1	1	5	1030
1.08112	1	1	5	1030
1.08116	1	1	5	1030
1.0812	1	1	5	1030
1.08124	1	1	5	1030
1.08128	1	1	5	1030
1.08132	1	1	5	1030
1.08136	1	1	5	1030
1.0814	1	1	5	1030
1.08144	1	1	5	1030
1.08148	1	1	5	1030
1.08152	1	1	5	1030
1.08156	1	1	5	1030
1.0816	1	1	5	1030
1.08164	1	1	5	1030
1.08168	1	1	5	1030
1.08172	1	1	5	1030
1.08176	1	1	5	1030
1.0818	1	1	5	1030
1.08184	1	1	5	1030
1.08188	1	1	5	1030
1.08192	1	1	5	1030
1.08196	1	1	5	1030
1.082	1	1	5	1030
1.08204	1	1	5	1030
1.08208	1	1	5	1030
1.08212	1	1	5	1030
1.08216	1	1	5	1030
1.0822	1	1	5	1030
1.08224	1	1	5	1030
1.08228	1	1	5	1030
1.08232	1	1	5	1030
1.08236	1	1	5	1030
1.0824	1	1	5	1030
1.08244	1	1	5	1030
1.08248	1	1	5	1030
1.08252	1	1	5	1030
1.08256	1	1	5	1030
1.0826	1	1	5	1030
1.08264	1	1	5	1030
1.08268	1	1	5	1030
1.08272	1	1	5	1030
1.08276	1	1	5	1030
1.0828	1	1	5	1030
1.08284	1	1	5	1030
1.08288	1	1	5	1030
1.08292	1	1	5	1030
1.08296	1	1	5	1030
1.083	1	1	5	1030
1.08304	1	1	5	1030
1.08308	1	1	5	1030
1.08312	1	1	5	1030
1.08316	1	1	5	1030
1.0832	1	1	5	1030
1.08324	1	1	5	1030
1.08328	1	1	5	1030
1.08332	1	1	5	1030
1.08336	1	1	5	1030
1.0834	1	1	5	1030
1.08344	1	1	5	1030
1.08348	1	1	5	1030
1.08352	1	1	5	1030
1.08356	1	1	5	1030
1.0836	1	1	5	1030
1.08364	1	1	5	1030
1.08368	1	1	5	1030
1.08372	1	1	5	1030
1.08376	1	1	5	1030
1.0838	1	1	5	1030
1.08384	1	1	5	1030
1.08388	1	1	5	1030
1.08392	1	1	5	1030
1.08396	1	1	5	1030
1.084	1	1	5	1030
1.08404	1	1	5	1030
1.08408	1	1	5	1030
1.08412	1	1	5	1030
1.08416	1	1	5	1030
1.0842	1	1	5	1030
1.08424	1	1	5	1030
1.08428	1	1	5	1030
1.08432	1	1	5	1030
1.08436	1	1	5	1030
1.0844	1	1	5	1030
1.08444	1	1	5	1030
1.08448	1	1	5	1030
1.08452	1	1	5	1030
1.08456	1	1	5	1030
1.0846	1	1	5	1030
1.08464	1	1	5	1030
1.08468	1	1	5	1030
1.08472	1	1	5	1030
1.08476	1	1	5	1030
1.0848	1	1	5	1030
1.08484	1	1	5	1030
1.08488	1	1	5	1030
1.08492	1	1	5	1030
1.08496	1	1	5	1030
1.085	1	1	5	1030
1.08504	1	1	5	1030
1.08508	1	1	5	1030
1.08512	1	1	5	1030
1.08516	1	1	5	1030
1.0852	1	1	5	1030
1.08524	1	1	5	1030
1.08528	1	1	5	1030
1.08532	1	1	5	1030
1.08536	1	1	5	1030
1.0854	1	1	5	1030
1.08544	1	1	5	1030
1.08548	1	1	5	1030
1.08552	1	1	5	1030
1.08556	1	1	5	1030
1.0856	1	1	5	1030
1.08564	1	1	5	1030
1.08568	1	1	5	1030
1.08572	1	1	5	1030
1.08576	1	1	5	1030
1.0858	1	1	5	1030
1.08584	1	1	5	1030
1.08588	1	1	5	1030
1.08592	1	1	5	1030
1.08596	1	1	5	1030
1.086	1	1	5	1030
1.08604	1	1	5	1030
1.08608	1	1	5	1030
1.08612	1	1	5	1030
1.08616	1	1	5	1030
1.0862	1	1	5	1030
1.08624	1	1	5	1030
1.08628	1	1	5	1030
1.08632	1	1	5	1030
1.08636	1	1	5	1030
1.0864	1	1	5	1030
1.08644	1	1	5	1030
1.08648	1	1	5	1030
1.08652	1	1	5	1030
1.08656	1	1	5	1030
1.0866	1	1	5	1030
1.08664	1	1	5	1030
1.08668	1	1	5	1030
1.08672	1	1	5	1030
1.08676	1	1	5	1030
1.0868	1	1	5	1030
1.08684	1	1	5	1030
1.08688	1	1	5	1030
1.08692	1	1	5	1030
1.08696	1	1	5	1030
1.087	1	1	5	1030
1.08704	1	1	5	1030
1.08708	1	1	5	1030
1.08712	1	1	5	1030
1.08716	1	1	5	1030
1.0872	1	1	5	1030
1.08724	1	1	5	1030
1.08728	1	1	5	1030
1.08732	1	1	5	1030
1.08736	1	1	5	1030
1.0874	1	1	5	1030
1.08744	1	1	5	1030
1.08748	1	1	5	1030
1.08752	1	1	5	1030
1.08756	1	1	5	1030
1.0876	1	1	5	1030
1.08764	1	1	5	1030
1.08768	1	1	5	1030
1.08772	1	1	5	1030
1.08776	1	1	5	1030
1.0878	1	1	5	1030
1.08784	1	1	5	1030
1.08788	1	1	5	1030
1.08792	1	1	5	1030
1.08796	1	1	5	1030
1.088	1	1	5	1030
1.08804	1	1	5	1030
1.08808	1	1	5	1030
1.08812	1	1	5	1030
1.08816	1	1	5	1030
1.0882	1	1	5	1030
1.08824	1	1	5	1030
1.08828	1	1	5	1030
1.08832	1	1	5	1030
1.08836	1	1	5	1030
1.0884	1	1	5	1030
1.08844	1	1	5	1030
1.08848	1	1	5	1030
1.08852	1	1	5	1030
1.08856	1	1	5	1030
1.0886	1	1	5	1030
1.08864	1	1	5	1030
1.08868	1	1	5	1030
1.08872	1	1	5	1030
1.08876	1	1	5	1030
1.0888	1	1	5	1030
1.08884	1	1	5	1030
1.08888	1	1	5	1030
1.08892	1	1	5	1030
1.08896	1	1	5	1030
1.089	1	1	5	1030
1.08904	1	1	5	1030
1.08908	1	1	5	1030
1.08912	1	1	5	1030
1.08916	1	1	5	1030
1.0892	1	1	5	1030
1.08924	1	1	5	1030
1.08928	1	1	5	1030
1.08932	1	1	5	1030
1.08936	1	1	5	1030
1.0894	1	1	5	1030
1.08944	1	1	5	1030
1.08948	1	1	5	1030
1.08952	1	1	5	1030
1.08956	1	1	5	1030
1.0896	1	1	5	1030
1.08964	1	1	5	1030
1.08968	1	1	5	1030
1.08972	1	1	5	1030
1.08976	1	1	5	1030
1.0898	1	1	5	1030
1.08984	1	1	5	1030
1.08988	1	1	5	1030
1.08992	1	1	5	1030
1.08996	1	1	5	1030
1.09	1	1	5	1030
1.09004	1	1	5	1030
1.09008	1	1	5	1030
1.09012	1	1	5	1030
1.09016	1	1	5	1030
1.0902	1	1	5	1030
1.09024	1	1	5	1030
1.09028	1	1	5	1030
1.09032	1	1	5	1030
1.09036	1	1	5	1030
1.0904	1	1	5	1030
1.09044	1	1	5	1030
1.09048	1	1	5	1030
1.09052	1	1	5	1030
1.09056	1	1	5	1030
1.0906	1	1	5	1030
1.09064	1	1	5	1030
1.09068	1	1	5	1030
1.09072	1	1	5	1030
1.09076	1	1	5	1030
1.0908	1	1	5	1030
1.09084	1	1	5	1030
1.09088	1	1	5	1030
1.09092	1	1	5	1030
1.09096	1	1	5	1030
1.091	1	1	5	1030
1.09104	1	1	5	1030
1.09108	1	1	5	1030
1.09112	1	1	5	1030
1.09116	1	1	5	1030
1.0912	1	1	5	1030
1.09124	1	1	5	1030
1.09128	1	1	5	1030
1.09132	1	1	5	1030
1.09136	1	1	5	1030
1.0914	1	1	5	1030
1.09144	1	1	5	1030
1.09148	1	1	5	1030
1.09152	1	1	5	1030
1.09156	1	1	5	1030
1.0916	1	1	5	1030
1.09164	1	1	5	1030
1.09168	1	1	5	1030
1.09172	1	1	5	1030
1.09176	1	1	5	1030
1.0918	1	1	5	1030
1.09184	1	1	5	1030
1.09188	1	1	5	1030
1.09192	1	1	5	1030
1.09196	1	1	5	1030
1.092	1	1	5	1030
1.09204	1	1	5	1030
1.09208	1	1	5	1030
1.09212	1	1	5	1030
1.09216	1	1	5	1030
1.0922	1	1	5	1030
1.09224	1	1	5	1030
1.09228	1	1	5	1030
1.09232	1	1	5	1030
1.09236	1	1	5	1030
1.0924	1	1	5	1030
1.09244	1	1	5	1030
1.09248	1	1	5	1030
1.09252	1	1	5	1030
1.09256	1	1	5	1030
1.0926	1	1	5	1030
1.09264	1	1	5	1030
1.09268	1	1	5	1030
1.09272	1	1	5	1030
1.09276	1	1	5	1030
1.0928	1	1	5	1030
1.09284	1	1	5	1030
1.09288	1	1	5	1030
1.09292	1	1	5	1030
1.09296	1	1	5	1030
1.093	1	1	5	1030
1.09304	1	1	5	1030
1.09308	1	1	5	1030
1.09312	1	1	5	1030
1.09316	1	1	5	1030
1.0932	1	1	5	1030
1.09324	1	1	5	1030
1.09328	1	1	5	1030
1.09332	1	1	5	1030
1.09336	1	1	5	1030
1.0934	1	1	5	1030
1.09344	1	1	5	1030
1.09348	1	1	5	1030
1.09352	1	1	5	1030
1.09356	1	1	5	1030
1.0936	1	1	5	1030
1.09364	1	1	5	1030
1.09368	1	1	5	1030
1.09372	1	1	5	1030
1.09376	1	1	5	1030
1.0938	1	1	5	1030
1.09384	1	1	5	1030
1.09388	1	1	5	1030
1.09392	1	1	5	1030
1.09396	1	1	5	1030
1.094	1	1	5	1030
1.09404	1	1	5	1030
1.09408	1	1	5	1030
1.09412	1	1	5	1030
1.09416	1	1	5	1030
1.0942	1	1	5	1030
1.09424	1	1	5	1030
1.09428	1	1	5	1030
1.09432	1	1	5	1030
1.09436	1	1	5	1030
1.0944	1	1	5	1030
1.09444	1	1	5	1030
1.09448	1	1	5	1030
1.09452	1	1	5	1030
1.09456	1	1	5	1030
1.0946	1	1	5	1030
1.09464	1	1	5	1030
1.09468	1	1	5	1030
1.09472	1	1	5	1030
1.09476	1	1	5	1030
1.0948	1	1	5	1030
1.09484	1	1	5	1030
1.09488	1	1	5	1030
1.09492	1	1	5	1030
1.09496	1	1	5	1030
1.095	1	1	5	1030
1.09504	1	1	5	1030
1.09508	1	1	5	1030
1.09512	1	1	5	1030
1.09516	1	1	5	1030
1.0952	1	1	5	1030
1.09524	1	1	5	1030
1.09528	1	1	5	1030
1.09532	1	1	5	1030
1.09536	1	1	5	1030
1.0954	1	1	5	1030
1.09544	1	1	5	1030
1.09548	1	1	5	1030
1.09552	1	1	5	1030
1.09556	1	1	5	1030
1.0956	1	1	5	1030
1.09564	1	1	5	1030
1.09568	1	1	5	1030
1.09572	1	1	5	1030
1.09576	1	1	5	1030
1.0958	1	1	5	1030
1.09584	1	1	5	1030
1.09588	1	1	5	1030
1.09592	1	1	5	1030
1.09596	1	1	5	1030
1.096	1	1	5	1030
1.09604	1	1	5	1030
1.09608	1	1	5	1030
1.09612	1	1	5	1030
1.09616	1	1	5	1030
1.0962	1	1	5	1030
1.09624	1	1	5	1030
1.09628	1	1	5	1030
1.09632	1	1	5	1030
1.09636	1	1	5	1030
1.0964	1	1	5	1030
1.09644	1	1	5	1030
1.09648	1	1	5	1030
1.09652	1	1	5	1030
1.09656	1	1	5	1030
1.0966	1	1	5	1030
1.09664	1	1	5	1030
1.09668	1	1	5	1030
1.09672	1	1	5	1030
1.09676	1	1	5	1030
1.0968	1	1	5	1030
1.09684	1	1	5	1030
1.09688	1	1	5	1030
1.09692	1	1	5	1030
1.09696	1	1	5	1030
1.097	1	1	5	1030
1.09704	1	1	5	1030
1.09708	1	1	5	1030
1.09712	1	1	5	1030
1.09716	1	1	5	1030
1.0972	1	1	5	1030
1.09724	1	1	5	1030
1.09728	1	1	5	1030
1.09732	1	1	5	1030
1.09736	1	1	5	1030
1.0974	1	1	5	1030
1.09744	1	1	5	1030
1.09748	1	1	5	1030
1.09752	1	1	5	1030
1.09756	1	1	5	1030
1.0976	1	1	5	1030
1.09764	1	1	5	1030
1.09768	1	1	5	1030
1.09772	1	1	5	1030
1.09776	1	1	5	1030
1.0978	1	1	5	1030
1.09784	1	1	5	1030
1.09788	1	1	5	1030
1.09792	1	1	5	1030
1.09796	1	1	5	1030
1.098	1	1	5	1030
1.09804	1	1	5	1030
1.09808	1	1	5	1030
1.09812	1	1	5	1030
1.09816	1	1	5	1030
1.0982	1	1	5	1030
1.09824	1	1	5	1030
1.09828	1	1	5	1030
1.09832	1	1	5	1030
1.09836	1	1	5	1030
1.0984	1	1	5	1030
1.09844	1	1	5	1030
1.09848	1	1	5	1030
1.09852	1	1	5	1030
1.09856	1	1	5	1030
1.0986	1	1	5	1030
1.09864	1	1	5	1030
1.09868	1	1	5	1030
1.09872	1	1	5	1030
1.09876	1	1	5	1030
1.0988	1	1	5	1030
1.09884	1	1	5	1030
1.09888	1	1	5	1030
1.09892	1	1	5	1030
1.09896	1	1	5	1030
1.099	1	1	5	1030
1.09904	1	1	5	1030
1.09908	1	1	5	1030
1.09912	1	1	5	1030
1.09916	1	1	5	1030
1.0992	1	1	5	1030
1.09924	1	1	5	1030
1.09928	1	1	5	1030
1.09932	1	1	5	1030
1.09936	1	1	5	1030
1.0994	1	1	5	1030
1.09944	1	1	5	1030
1.09948	1	1	5	1030
1.09952	1	1	5	1030
1.09956	1	1	5	1030
1.0996	1	1	5	1030
1.09964	1	1	5	1030
1.09968	1	1	5	1030
1.09972	1	1	5	1030
1.09976	1	1	5	1030
1.0998	1	1	5	1030
1.09984	1	1	5	1030
1.09988	1	1	5	1030
1.09992	1	1	5	1030
1.09996	1	1	5	1030
1.1	1	1	5	1030
1.10004	1	1	5	1030
1.10008	1	1	5	1030
1.10012	1	1	5	1030
1.10016	1	1	5	1030
1.1002	1	1	5	1030
1.10024	1	1	5	1030
1.10028	1	1	5	1030
1.10032	1	1	5	1030
1.10036	1	1	5	1030
1.1004	1	1	5	1030
1.10044	1	1	5	1030
1.10048	1	1	5	1030
1.10052	1	1	5	1030
1.10056	1	1	5	1030
1.1006	1	1	5	1030
1.10064	1	1	5	1030
1.10068	1	1	5	1030
1.10072	1	1	5	1030
1.10076	1	1	5	1030
1.1008	1	1	5	1030
1.10084	1	1	5	1030
1.10088	1	1	5	1030
1.10092	1	1	5	1030
1.10096	1	1	5	1030
1.101	1	1	5	1030
1.10104	1	1	5	1030
1.10108	1	1	5	1030
1.10112	1	1	5	1030
1.10116	1	1	5	1030
1.1012	1	1	5	1030
1.10124	1	1	5	1030
1.10128	1	1	5	1030
1.10132	1	1	5	1030
1.10136	1	1	5	1030
1.1014	1	1	5	1030
1.10144	1	1	5	1030
1.10148	1	1	5	1030
1.10152	1	1	5	1030
1.10156	1	1	5	1030
1.1016	1	1	5	1030
1.10164	1	1	5	1030
1.10168	1	1	5	1030
1.10172	1	1	5	1030
1.10176	1	1	5	1030
1.1018	1	1	5	1030
1.10184	1	1	5	1030
1.10188	1	1	5	1030
1.10192	1	1	5	1030
1.10196	1	1	5	1030
1.102	1	1	5	1030
1.10204	1	1	5	1030
1.10208	1	1	5	1030
1.10212	1	1	5	1030
1.10216	1	1	5	1030
1.1022	1	1	5	1030
1.10224	1	1	5	1030
1.10228	1	1	5	1030
1.10232	1	1	5	1030
1.10236	1	1	5	1030
1.1024	1	1	5	1030
1.10244	1	1	5	1030
1.10248	1	1	5	1030
1.10252	1	1	5	1030
1.10256	1	1	5	1030
1.1026	1	1	5	1030
1.10264	1	1	5	1030
1.10268	1	1	5	1030
1.10272	1	1	5	1030
1.10276	1	1	5	1030
1.1028	1	1	5	1030
1.10284	1	1	5	1030
1.10288	1	1	5	1030
1.10292	1	1	5	1030
1.10296	1	1	5	1030
1.103	1	1	5	1030
1.10304	1	1	5	1030
1.10308	1	1	5	1030
1.10312	1	1	5	1030
1.10316	1	1	5	1030
1.1032	1	1	5	1030
1.10324	1	1	5	1030
1.10328	1	1	5	1030
1.10332	1	1	5	1030
1.10336	1	1	5	1030
1.1034	1	1	5	1030
1.10344	1	1	5	1030
1.10348	1	1	5	1030
1.10352	1	1	5	1030
1.10356	1	1	5	1030
1.1036	1	1	5	1030
1.10364	1	1	5	1030
1.10368	1	1	5	1030
1.10372	1	1	5	1030
1.10376	1	1	5	1030
1.1038	1	1	5	1030
1.10384	1	1	5	1030
1.10388	1	1	5	1030
1.10392	1	1	5	1030
1.10396	1	1	5	1030
1.104	1	1	5	1030
1.10404	1	1	5	1030
1.10408	1	1	5	1030
1.10412	1	1	5	1030
1.10416	1	1	5	1030
1.1042	1	1	5	1030
1.10424	1	1	5	1030
1.10428	1	1	5	1030
1.10432	1	1	5	1030
1.10436	1	1	5	1030
1.1044	1	1	5	1030
1.10444	1	1	5	1030
1.10448	1	1	5	1030
1.10452	1	1	5	1030
1.10456	1	1	5	1030
1.1046	1	1	5	1030
1.10464	1	1	5	1030
1.10468	1	1	5	1030
1.10472	1	1	5	1030
1.10476	1	1	5	1030
1.1048	1	1	5	1030
1.10484	1	1	5	1030
1.10488	1	1	5	1030
1.10492	1	1	5	1030
1.10496	1	1	5	1030
1.105	1	1	5	1030
1.10504	1	1	5	1030
1.10508	1	1	5	1030
1.10512	1	1	5	1030
1.10516	1	1	5	1030
1.1052	1	1	5	1030
1.10524	1	1	5	1030
1.10528	1	1	5	1030
1.10532	1	1	5	1030
1.10536	1	1	5	1030
1.1054	1	1	5	1030
1.10544	1	1	5	1030
1.10548	1	1	5	1030
1.10552	1	1	5	1030
1.10556	1	1	5	1030
1.1056	1	1	5	1030
1.10564	1	1	5	1030
1.10568	1	1	5	1030
1.10572	1	1	5	1030
1.10576	1	1	5	1030
1.1058	1	1	5	1030
1.10584	1	1	5	1030
1.10588	1	1	5	1030
1.10592	1	1	5	1030
1.10596	1	1	5	1030
1.106	1	1	5	1030
1.10604	1	1	5	1030
1.10608	1	1	5	1030
1.10612	1	1	5	1030
1.10616	1	1	5	1030
1.1062	1	1	5	1030
1.10624	1	1	5	1030
1.10628	1	1	5	1030
1.10632	1	1	5	1030
1.10636	1	1	5	1030
1.1064	1	1	5	1030
1.10644	1	1	5	1030
1.10648	1	1	5	1030
1.10652	1	1	5	1030
1.10656	1	1	5	1030
1.1066	1	1	5	1030
1.10664	1	1	5	1030
1.10668	1	1	5	1030
1.10672	1	1	5	1030
1.10676	1	1	5	1030
1.1068	1	1	5	1030
1.10684	1	1	5	1030
1.10688	1	1	5	1030
1.10692	1	1	5	1030
1.10696	1	1	5	1030
1.107	1	1	5	1030
1.10704	1	1	5	1030
1.10708	1	1	5	1030
1.10712	1	1	5	1030
1.10716	1	1	5	1030
1.1072	1	1	5	1030
1.10724	1	1	5	1030
1.10728	1	1	5	1030
1.10732	1	1	5	1030
1.10736	1	1	5	1030
1.1074	1	1	5	1030
1.10744	1	1	5	1030
1.10748	1	1	5	1030
1.10752	1	1	5	1030
1.10756	1	1	5	1030
1.1076	1	1	5	1030
1.10764	1	1	5	1030
1.10768	1	1	5	1030
1.10772	1	1	5	1030
1.10776	1	1	5	1030
1.1078	1	1	5	1030
1.10784	1	1	5	1030
1.10788	1	1	5	1030
1.10792	1	1	5	1030
1.10796	1	1	5	1030
1.108	1	1	5	1030
1.10804	1	1	5	1030
1.10808	1	1	5	1030
1.10812	1	1	5	1030
1.10816	1	1	5	1030
1.1082	1	1	5	1030
1.10824	1	1	5	1030
1.10828	1	1	5	1030
1.10832	1	1	5	1030
1.10836	1	1	5	1030
1.1084	1	1	5	1030
1.10844	1	1	5	1030
1.10848	1	1	5	1030
1.10852	1	1	5	1030
1.10856	1	1	5	1030
1.1086	1	1	5	1030
1.10864	1	1	5	1030
1.10868	1	1	5	1030
1.10872	1	1	5	1030
1.10876	1	1	5	1030
1.1088	1	1	5	1030
1.10884	1	1	5	1030
1.10888	1	1	5	1030
1.10892	1	1	5	1030
1.10896	1	1	5	1030
1.109	1	1	5	1030
1.10904	1	1	5	1030
1.10908	1	1	5	1030
1.10912	1	1	5	1030
1.10916	1	1	5	1030
1.1092	1	1	5	1030
1.10924	1	1	5	1030
1.10928	1	1	5	1030
1.10932	1	1	5	1030
1.10936	1	1	5	1030
1.1094	1	1	5	1030
1.10944	1	1	5	1030
1.10948	1	1	5	1030
1.10952	1	1	5	1030
1.10956	1	1	5	1030
1.1096	1	1	5	1030
1.10964	1	1	5	1030
1.10968	1	1	5	1030
1.10972	1	1	5	1030
1.10976	1	1	5	1030
1.1098	1	1	5	1030
1.10984	1	1	5	1030
1.10988	1	1	5	1030
1.10992	1	1	5	1030
1.10996	1	1	5	1030
1.11	1	1	5	1030
1.11004	1	1	5	1030
1.11008	1	1	5	1030
1.11012	1	1	5	1030
1.11016	1	1	5	1030
1.1102	1	1	5	1030
1.11024	1	1	5	1030
1.11028	1	1	5	1030
1.11032	1	1	5	1030
1.11036	1	1	5	1030
1.1104	1	1	5	1030
1.11044	1	1	5	1030
1.11048	1	1	5	1030
1.11052	1	1	5	1030
1.11056	1	1	5	1030
1.1106	1	1	5	1030
1.11064	1	1	5	1030
1.11068	1	1	5	1030
1.11072	1	1	5	1030
1.11076	1	1	5	1030
1.1108	1	1	5	1030
1.11084	1	1	5	1030
1.11088	1	1	5	1030
1.11092	1	1	5	1030
1.11096	1	1	5	1030
1.111	1	1	5	1030
1.11104	1	1	5	1030
1.11108	1	1	5	1030
1.11112	1	1	5	1030
1.11116	1	1	5	1030
1.1112	1	1	5	1030
1.11124	1	1	5	1030
1.11128	1	1	5	1030
1.11132	1	1	5	1030
1.11136	1	1	5	1030
1.1114	1	1	5	1030
1.11144	1	1	5	1030
1.11148	1	1	5	1030
1.11152	1	1	5	1030
1.11156	1	1	5	1030
1.1116	1	1	5	1030
1.11164	1	1	5	1030
1.11168	1	1	5	1030
1.11172	1	1	5	1030
1.11176	1	1	5	1030
1.1118	1	1	5	1030
1.11184	1	1	5	1030
1.11188	1	1	5	1030
1.11192	1	1	5	1030
1.11196	1	1	5	1030
1.112	1	1	5	1030
1.11204	1	1	5	1030
1.11208	1	1	5	1030
1.11212	1	1	5	1030
1.11216	1	1	5	1030
1.1122	1	1	5	1030
1.11224	1	1	5	1030
1.11228	1	1	5	1030
1.11232	1	1	5	1030
1.11236	1	1	5	1030
1.1124	1	1	5	1030
1.11244	1	1	5	1030
1.11248	1	1	5	1030
1.11252	1	1	5	1030
1.11256	1	1	5	1030
1.1126	1	1	5	1030
1.11264	1	1	5	1030
1.11268	1	1	5	1030
1.11272	1	1	5	1030
1.11276	1	1	5	1030
1.1128	1	1	5	1030
1.11284	1	1	5	1030
1.11288	1	1	5	1030
1.11292	1	1	5	1030
1.11296	1	1	5	1030
1.113	1	1	5	1030
1.11304	1	1	5	1030
1.11308	1	1	5	1030
1.11312	1	1	5	1030
1.11316	1	1	5	1030
1.1132	1	1	5	1030
1.11324	1	1	5	1030
1.11328	1	1	5	1030
1.11332	1	1	5	1030
1.11336	1	1	5	1030
1.1134	1	1	5	1030
1.11344	1	1	5	1030
1.11348	1	1	5	1030
1.11352	1	1	5	1030
1.11356	1	1	5	1030
1.1136	1	1	5	1030
1.11364	1	1	5	1030
1.11368	1	1	5	1030
1.11372	1	1	5	1030
1.11376	1	1	5	1030
1.1138	1	1	5	1030
1.11384	1	1	5	1030
1.11388	1	1	5	1030
1.11392	1	1	5	1030
1.11396	1	1	5	1030
1.114	1	1	5	1030
1.11404	1	1	5	1030
1.11408	1	1	5	1030
1.11412	1	1	5	1030
1.11416	1	1	5	1030
1.1142	1	1	5	1030
1.11424	1	1	5	1030
1.11428	1	1	5	1030
1.11432	1	1	5	1030
1.11436	1	1	5	1030
1.1144	1	1	5	1030
1.11444	1	1	5	1030
1.11448	1	1	5	1030
1.11452	1	1	5	1030
1.11456	1	1	5	1030
1.1146	1	1	5	1030
1.11464	1	1	5	1030
1.11468	1	1	5	1030
1.11472	1	1	5	1030
1.11476	1	1	5	1030
1.1148	1	1	5	1030
1.11484	1	1	5	1030
1.11488	1	1	5	1030
1.11492	1	1	5	1030
1.11496	1	1	5	1030
1.115	1	1	5	1030
1.11504	1	1	5	1030
1.11508	1	1	5	1030
1.11512	1	1	5	1030
1.11516	1	1	5	1030
1.1152	1	1	5	1030
1.11524	1	1	5	1030
1.11528	1	1	5	1030
1.11532	1	1	5	1030
1.11536	1	1	5	1030
1.1154	1	1	5	1030
1.11544	1	1	5	1030
1.11548	1	1	5	1030
1.11552	1	1	5	1030
1.11556	1	1	5	1030
1.1156	1	1	5	1030
1.11564	1	1	5	1030
1.11568	1	1	5	1030
1.11572	1	1	5	1030
1.11576	1	1	5	1030
1.1158	1	1	5	1030
1.11584	1	1	5	1030
1.11588	1	1	5	1030
1.11592	1	1	5	1030
1.11596	1	1	5	1030
1.116	1	1	5	1030
1.11604	1	1	5	1030
1.11608	1	1	5	1030
1.11612	1	1	5	1030
1.11616	1	1	5	1030
1.1162	1	1	5	1030
1.11624	1	1	5	1030
1.11628	1	1	5	1030
1.11632	1	1	5	1030
1.11636	1	1	5	1030
1.1164	1	1	5	1030
1.11644	1	1	5	1030
1.11648	1	1	5	1030
1.11652	1	1	5	1030
1.11656	1	1	5	1030
1.1166	1	1	5	1030
1.11664	1	1	5	1030
1.11668	1	1	5	1030
1.11672	1	1	5	1030
1.11676	1	1	5	1030
1.1168	1	1	5	1030
1.11684	1	1	5	1030
1.11688	1	1	5	1030
1.11692	1	1	5	1030
1.11696	1	1	5	1030
1.117	1	1	5	1030
1.11704	1	1	5	1030
1.11708	1	1	5	1030
1.11712	1	1	5	1030
1.11716	1	1	5	1030
1.1172	1	1	5	1030
1.11724	1	1	5	1030
1.11728	1	1	5	1030
1.11732	1	1	5	1030
1.11736	1	1	5	1030
1.1174	1	1	5	1030
1.11744	1	1	5	1030
1.11748	1	1	5	1030
1.11752	1	1	5	1030
1.11756	1	1	5	1030
1.1176	1	1	5	1030
1.11764	1	1	5	1030
1.11768	1	1	5	1030
1.11772	1	1	5	1030
1.11776	1	1	5	1030
1.1178	1	1	5	1030
1.11784	1	1	5	1030
1.11788	1	1	5	1030
1.11792	1	1	5	1030
1.11796	1	1	5	1030
1.118	1	1	5	1030
1.11804	1	1	5	1030
1.11808	1	1	5	1030
1.11812	1	1	5	1030
1.11816	1	1	5	1030
1.1182	1	1	5	1030
1.11824	1	1	5	1030
1.11828	1	1	5	1030
1.11832	1	1	5	1030
1.11836	1	1	5	1030
1.1184	1	1	5	1030
1.11844	1	1	5	1030
1.11848	1	1	5	1030
1.11852	1	1	5	1030
1.11856	1	1	5	1030
1.1186	1	1	5	1030
1.11864	1	1	5	1030
1.11868	1	1	5	1030
1.11872	1	1	5	1030
1.11876	1	1	5	1030
1.1188	1	1	5	1030
1.11884	1	1	5	1030
1.11888	1	1	5	1030
1.11892	1	1	5	1030
1.11896	1	1	5	1030
1.119	1	1	5	1030
1.11904	1	1	5	1030
1.11908	1	1	5	1030
1.11912	1	1	5	1030
1.11916	1	1	5	1030
1.1192	1	1	5	1030
1.11924	1	1	5	1030
1.11928	1	1	5	1030
1.11932	1	1	5	1030
1.11936	1	1	5	1030
1.1194	1	1	5	1030
1.11944	1	1	5	1030
1.11948	1	1	5	1030
1.11952	1	1	5	1030
1.11956	1	1	5	1030
1.1196	1	1	5	1030
1.11964	1	1	5	1030
1.11968	1	1	5	1030
1.11972	1	1	5	1030
1.11976	1	1	5	1030
1.1198	1	1	5	1030
1.11984	1	1	5	1030
1.11988	1	1	5	1030
1.11992	1	1	5	1030
1.11996	1	1	5	1030
1.12	1	1	5	1030
1.12004	1	1	5	1030
1.12008	1	1	5	1030
1.12012	1	1	5	1030
1.12016	1	1	5	1030
1.1202	1	1	5	1030
1.12024	1	1	5	1030
1.12028	1	1	5	1030
1.12032	1	1	5	1030
1.12036	1	1	5	1030
1.1204	1	1	5	1030
1.12044	1	1	5	1030
1.12048	1	1	5	1030
1.12052	1	1	5	1030
1.12056	1	1	5	1030
1.1206	1	1	5	1030
1.12064	1	1	5	1030
1.12068	1	1	5	1030
1.12072	1	1	5	1030
1.12076	1	1	5	1030
1.1208	1	1	5	1030
1.12084	1	1	5	1030
1.12088	1	1	5	1030
1.12092	1	1	5	1030
1.12096	1	1	5	1030
1.121	1	1	5	1030
1.12104	1	1	5	1030
1.12108	1	1	5	1030
1.12112	1	1	5	1030
1.12116	1	1	5	1030
1.1212	1	1	5	1030
1.12124	1	1	5	1030
1.12128	1	1	5	1030
1.12132	1	1	5	1030
1.12136	1	1	5	1030
1.1214	1	1	5	1030
1.12144	1	1	5	1030
1.12148	1	1	5	1030
1.12152	1	1	5	1030
1.12156	1	1	5	1030
1.1216	1	1	5	1030
1.12164	1	1	5	1030
1.12168	1	1	5	1030
1.12172	1	1	5	1030
1.12176	1	1	5	1030
1.1218	1	1	5	1030
1.12184	1	1	5	1030
1.12188	1	1	5	1030
1.12192	1	1	5	1030
1.12196	1	1	5	1030
1.122	1	1	5	1030
1.12204	1	1	5	1030
1.12208	1	1	5	1030
1.12212	1	1	5	1030
1.12216	1	1	5	1030
1.1222	1	1	5	1030
1.12224	1	1	5	1030
1.12228	1	1	5	1030
1.12232	1	1	5	1030
1.12236	1	1	5	1030
1.1224	1	1	5	1030
1.12244	1	1	5	1030
1.12248	1	1	5	1030
1.12252	1	1	5	1030
1.12256	1	1	5	1030
1.1226	1	1	5	1030
1.12264	1	1	5	1030
1.12268	1	1	5	1030
1.12272	1	1	5	1030
1.12276	1	1	5	1030
1.1228	1	1	5	1030
1.12284	1	1	5	1030
1.12288	1	1	5	1030
1.12292	1	1	5	1030
1.12296	1	1	5	1030
1.123	1	1	5	1030
1.12304	1	1	5	1030
1.12308	1	1	5	1030
1.12312	1	1	5	1030
1.12316	1	1	5	1030
1.1232	1	1	5	1030
1.12324	1	1	5	1030
1.12328	1	1	5	1030
1.12332	1	1	5	1030
1.12336	1	1	5	1030
1.1234	1	1	5	1030
1.12344	1	1	5	1030
1.12348	1	1	5	1030
1.12352	1	1	5	1030
1.12356	1	1	5	1030
1.1236	1	1	5	1030
1.12364	1	1	5	1030
1.12368	1	1	5	1030
1.12372	1	1	5	1030
1.12376	1	1	5	1030
1.1238	1	1	5	1030
1.12384	1	1	5	1030
1.12388	1	1	5	1030
1.12392	1	1	5	1030
1.12396	1	1	5	1030
1.124	1	1	5	1030
1.12404	1	1	5	1030
1.12408	1	1	5	1030
1.12412	1	1	5	1030
1.12416	1	1	5	1030
1.1242	1	1	5	1030
1.12424	1	1	5	1030
1.12428	1	1	5	1030
1.12432	1	1	5	1030
1.12436	1	1	5	1030
1.1244	1	1	5	1030
1.12444	1	1	5	1030
1.12448	1	1	5	1030
1.12452	1	1	5	1030
1.12456	1	1	5	1030
1.1246	1	1	5	1030
1.12464	1	1	5	1030
1.12468	1	1	5	1030
1.12472	1	1	5	1030
1.12476	1	1	5	1030
1.1248	1	1	5	1030
1.12484	1	1	5	1030
1.12488	1	1	5	1030
1.12492	1	1	5	1030
1.12496	1	1	5	1030
1.125	1	1	5	1030
1.12504	1	1	5	1030
1.12508	1	1	5	1030
1.12512	1	1	5	1030
1.12516	1	1	5	1030
1.1252	1	1	5	1030
1.12524	1	1	5	1030
1.12528	1	1	5	1030
1.12532	1	1	5	1030
1.12536	1	1	5	1030
1.1254	1	1	5	1030
1.12544	1	1	5	1030
1.12548	1	1	5	1030
1.12552	1	1	5	1030
1.12556	1	1	5	1030
1.1256	1	1	5	1030
1.12564	1	1	5	1030
1.12568	1	1	5	1030
1.12572	1	1	5	1030
1.12576	1	1	5	1030
1.1258	1	1	5	1030
1.12584	1	1	5	1030
1.12588	1	1	5	1030
1.12592	1	1	5	1030
1.12596	1	1	5	1030
1.126	1	1	5	1030
1.12604	1	1	5	1030
1.12608	1	1	5	1030
1.12612	1	1	5	1030
1.12616	1	1	5	1030
1.1262	1	1	5	1030
1.12624	1	1	5	1030
1.12628	1	1	5	1030
1.12632	1	1	5	1030
1.12636	1	1	5	1030
1.1264	1	1	5	1030
1.12644	1	1	5	1030
1.12648	1	1	5	1030
1.12652	1	1	5	1030
1.12656	1	1	5	1030
1.1266	1	1	5	1030
1.12664	1	1	5	1030
1.12668	1	1	5	1030
1.12672	1	1	5	1030
1.12676	1	1	5	1030
1.1268	1	1	5	1030
1.12684	1	1	5	1030
1.12688	1	1	5	1030
1.12692	1	1	5	1030
1.12696	1	1	5	1030
1.127	1	1	5	1030
1.12704	1	1	5	1030
1.12708	1	1	5	1030
1.12712	1	1	5	1030
1.12716	1	1	5	1030
1.1272	1	1	5	1030
1.12724	1	1	5	1030
1.12728	1	1	5	1030
1.12732	1	1	5	1030
1.12736	1	1	5	1030
1.1274	1	1	5	1030
1.12744	1	1	5	1030
1.12748	1	1	5	1030
1.12752	1	1	5	1030
1.12756	1	1	5	1030
1.1276	1	1	5	1030
1.12764	1	1	5	1030
1.12768	1	1	5	1030
1.12772	1	1	5	1030
1.12776	1	1	5	1030
1.1278	1	1	5	1030
1.12784	1	1	5	1030
1.12788	1	1	5	1030
1.12792	1	1	5	1030
1.12796	1	1	5	1030
1.128	1	1	5	1030
1.12804	1	1	5	1030
1.12808	1	1	5	1030
1.12812	1	1	5	1030
1.12816	1	1	5	1030
1.1282	1	1	5	1030
1.12824	1	1	5	1030
1.12828	1	1	5	1030
1.12832	1	1	5	1030
1.12836	1	1	5	1030
1.1284	1	1	5	1030
1.12844	1	1	5	1030
1.12848	1	1	5	1030
1.12852	1	1	5	1030
1.12856	1	1	5	1030
1.1286	1	1	5	1030
1.12864	1	1	5	1030
1.12868	1	1	5	1030
1.12872	1	1	5	1030
1.12876	1	1	5	1030
1.1288	1	1	5	1030
1.12884	1	1	5	1030
1.12888	1	1	5	1030
1.12892	1	1	5	1030
1.12896	1	1	5	1030
1.129	1	1	5	1030
1.12904	1	1	5	1030
1.12908	1	1	5	1030
1.12912	1	1	5	1030
1.12916	1	1	5	1030
1.1292	1	1	5	1030
1.12924	1	1	5	1030
1.12928	1	1	5	1030
1.12932	1	1	5	1030
1.12936	1	1	5	1030
1.1294	1	1	5	1030
1.12944	1	1	5	1030
1.12948	1	1	5	1030
1.12952	1	1	5	1030
1.12956	1	1	5	1030
1.1296	1	1	5	1030
1.12964	1	1	5	1030
1.12968	1	1	5	1030
1.12972	1	1	5	1030
1.12976	1	1	5	1030
1.1298	1	1	5	1030
1.12984	1	1	5	1030
1.12988	1	1	5	1030
1.12992	1	1	5	1030
1.12996	1	1	5	1030
1.13	1	1	5	1030
1.13004	1	1	5	1030
1.13008	1	1	5	1030
1.13012	1	1	5	1030
1.13016	1	1	5	1030
1.1302	1	1	5	1030
1.13024	1	1	5	1030
1.13028	1	1	5	1030
1.13032	1	1	5	1030
1.13036	1	1	5	1030
1.1304	1	1	5	1030
1.13044	1	1	5	1030
1.13048	1	1	5	1030
1.13052	1	1	5	1030
1.13056	1	1	5	1030
1.1306	1	1	5	1030
1.13064	1	1	5	1030
1.13068	1	1	5	1030
1.13072	1	1	5	1030
1.13076	1	1	5	1030
1.1308	1	1	5	1030
1.13084	1	1	5	1030
1.13088	1	1	5	1030
1.13092	1	1	5	1030
1.13096	1	1	5	1030
1.131	1	1	5	1030
1.13104	1	1	5	1030
1.13108	1	1	5	1030
1.13112	1	1	5	1030
1.13116	1	1	5	1030
1.1312	1	1	5	1030
1.13124	1	1	5	1030
1.13128	1	1	5	1030
1.13132	1	1	5	1030
1.13136	1	1	5	1030
1.1314	1	1	5	1030
1.13144	1	1	5	1030
1.13148	1	1	5	1030
1.13152	1	1	5	1030
1.13156	1	1	5	1030
1.1316	1	1	5	1030
1.13164	1	1	5	1030
1.13168	1	1	5	1030
1.13172	1	1	5	1030
1.13176	1	1	5	1030
1.1318	1	1	5	1030
1.13184	1	1	5	1030
1.13188	1	1	5	1030
1.13192	1	1	5	1030
1.13196	1	1	5	1030
1.132	1	1	5	1030
1.13204	1	1	5	1030
1.13208	1	1	5	1030
1.13212	1	1	5	1030
1.13216	1	1	5	1030
1.1322	1	1	5	1030
1.13224	1	1	5	1030
1.13228	1	1	5	1030
1.13232	1	1	5	1030
1.13236	1	1	5	1030
1.1324	1	1	5	1030
1.13244	1	1	5	1030
1.13248	1	1	5	1030
1.13252	1	1	5	1030
1.13256	1	1	5	1030
1.1326	1	1	5	1030
1.13264	1	1	5	1030
1.13268	1	1	5	1030
1.13272	1	1	5	1030
1.13276	1	1	5	1030
1.1328	1	1	5	1030
1.13284	1	1	5	1030
1.13288	1	1	5	1030
1.13292	1	1	5	1030
1.13296	1	1	5	1030
1.133	1	1	5	1030
1.13304	1	1	5	1030
1.13308	1	1	5	1030
1.13312	1	1	5	1030
1.13316	1	1	5	1030
1.1332	1	1	5	1030
1.13324	1	1	5	1030
1.13328	1	1	5	1030
1.13332	1	1	5	1030
1.13336	1	1	5	1030
1.1334	1	1	5	1030
1.13344	1	1	5	1030
1.13348	1	1	5	1030
1.13352	1	1	5	1030
1.13356	1	1	5	1030
1.1336	1	1	5	1030
1.13364	1	1	5	1030
1.13368	1	1	5	1030
1.13372	1	1	5	1030
1.13376	1	1	5	1030
1.1338	1	1	5	1030
1.13384	1	1	5	1030
1.13388	1	1	5	1030
1.13392	1	1	5	1030
1.13396	1	1	5	1030
1.134	1	1	5	1030
1.13404	1	1	5	1030
1.13408	1	1	5	1030
1.13412	1	1	5	1030
1.13416	1	1	5	1030
1.1342	1	1	5	1030
1.13424	1	1	5	1030
1.13428	1	1	5	1030
1.13432	1	1	5	1030
1.13436	1	1	5	1030
1.1344	1	1	5	1030
1.13444	1	1	5	1030
1.13448	1	1	5	1030
1.13452	1	1	5	1030
1.13456	1	1	5	1030
1.1346	1	1	5	1030
1.13464	1	1	5	1030
1.13468	1	1	5	1030
1.13472	1	1	5	1030
1.13476	1	1	5	1030
1.1348	1	1	5	1030
1.13484	1	1	5	1030
1.13488	1	1	5	1030
1.13492	1	1	5	1030
1.13496	1	1	5	1030
1.135	1	1	5	1030
1.13504	1	1	5	1030
1.13508	1	1	5	1030
1.13512	1	1	5	1030
1.13516	1	1	5	1030
1.1352	1	1	5	1030
1.13524	1	1	5	1030
1.13528	1	1	5	1030
1.13532	1	1	5	1030
1.13536	1	1	5	1030
1.1354	1	1	5	1030
1.13544	1	1	5	1030
1.13548	1	1	5	1030
1.13552	1	1	5	1030
1.13556	1	1	5	1030
1.1356	1	1	5	1030
1.13564	1	1	5	1030
1.13568	1	1	5	1030
1.13572	1	1	5	1030
1.13576	1	1	5	1030
1.1358	1	1	5	1030
1.13584	1	1	5	1030
1.13588	1	1	5	1030
1.13592	1	1	5	1030
1.13596	1	1	5	1030
1.136	1	1	5	1030
1.13604	1	1	5	1030
1.13608	1	1	5	1030
1.13612	1	1	5	1030
1.13616	1	1	5	1030
1.1362	1	1	5	1030
1.13624	1	1	5	1030
1.13628	1	1	5	1030
1.13632	1	1	5	1030
1.13636	1	1	5	1030
1.1364	1	1	5	1030
1.13644	1	1	5	1030
1.13648	1	1	5	1030
1.13652	1	1	5	1030
1.13656	1	1	5	1030
1.1366	1	1	5	1030
1.13664	1	1	5	1030
1.13668	1	1	5	1030
1.13672	1	1	5	1030
1.13676	1	1	5	1030
1.1368	1	1	5	1030
1.13684	1	1	5	1030
1.13688	1	1	5	1030
1.13692	1	1	5	1030
1.13696	1	1	5	1030
1.137	1	1	5	1030
1.13704	1	1	5	1030
1.13708	1	1	5	1030
1.13712	1	1	5	1030
1.13716	1	1	5	1030
1.1372	1	1	5	1030
1.13724	1	1	5	1030
1.13728	1	1	5	1030
1.13732	1	1	5	1030
1.13736	1	1	5	1030
1.1374	1	1	5	1030
1.13744	1	1	5	1030
1.13748	1	1	5	1030
1.13752	1	1	5	1030
1.13756	1	1	5	1030
1.1376	1	1	5	1030
1.13764	1	1	5	1030
1.13768	1	1	5	1030
1.13772	1	1	5	1030
1.13776	1	1	5	1030
1.1378	1	1	5	1030
1.13784	1	1	5	1030
1.13788	1	1	5	1030
1.13792	1	1	5	1030
1.13796	1	1	5	1030
1.138	1	1	5	1030
1.13804	1	1	5	1030
1.13808	1	1	5	1030
1.13812	1	1	5	1030
1.13816	1	1	5	1030
1.1382	1	1	5	1030
1.13824	1	1	5	1030
1.13828	1	1	5	1030
1.13832	1	1	5	1030
1.13836	1	1	5	1030
1.1384	1	1	5	1030
1.13844	1	1	5	1030
1.13848	1	1	5	1030
1.13852	1	1	5	1030
1.13856	1	1	5	1030
1.1386	1	1	5	1030
1.13864	1	1	5	1030
1.13868	1	1	5	1030
1.13872	1	1	5	1030
1.13876	1	1	5	1030
1.1388	1	1	5	1030
1.13884	1	1	5	1030
1.13888	1	1	5	1030
1.13892	1	1	5	1030
1.13896	1	1	5	1030
1.139	1	1	5	1030
1.13904	1	1	5	1030
1.13908	1	1	5	1030
1.13912	1	1	5	1030
1.13916	1	1	5	1030
1.1392	1	1	5	1030
1.13924	1	1	5	1030
1.13928	1	1	5	1030
1.13932	1	1	5	1030
1.13936	1	1	5	1030
1.1394	1	1	5	1030
1.13944	1	1	5	1030
1.13948	1	1	5	1030
1.13952	1	1	5	1030
1.13956	1	1	5	1030
1.1396	1	1	5	1030
1.13964	1	1	5	1030
1.13968	1	1	5	1030
1.13972	1	1	5	1030
1.13976	1	1	5	1030
1.1398	1	1	5	1030
1.13984	1	1	5	1030
1.13988	1	1	5	1030
1.13992	1	1	5	1030
1.13996	1	1	5	1030
1.14	1	1	5	1030
1.14004	1	1	5	1030
1.14008	1	1	5	1030
1.14012	1	1	5	1030
1.14016	1	1	5	1030
1.1402	1	1	5	1030
1.14024	1	1	5	1030
1.14028	1	1	5	1030
1.14032	1	1	5	1030
1.14036	1	1	5	1030
1.1404	1	1	5	1030
1.14044	1	1	5	1030
1.14048	1	1	5	1030
1.14052	1	1	5	1030
1.14056	1	1	5	1030
1.1406	1	1	5	1030
1.14064	1	1	5	1030
1.14068	1	1	5	1030
1.14072	1	1	5	1030
1.14076	1	1	5	1030
1.1408	1	1	5	1030
1.14084	1	1	5	1030
1.14088	1	1	5	1030
1.14092	1	1	5	1030
1.14096	1	1	5	1030
1.141	1	1	5	1030
1.14104	1	1	5	1030
1.14108	1	1	5	1030
1.14112	1	1	5	1030
1.14116	1	1	5	1030
1.1412	1	1	5	1030
1.14124	1	1	5	1030
1.14128	1	1	5	1030
1.14132	1	1	5	1030
1.14136	1	1	5	1030
1.1414	1	1	5	1030
1.14144	1	1	5	1030
1.14148	1	1	5	1030
1.14152	1	1	5	1030
1.14156	1	1	5	1030
1.1416	1	1	5	1030
1.14164	1	1	5	1030
1.14168	1	1	5	1030
1.14172	1	1	5	1030
1.14176	1	1	5	1030
1.1418	1	1	5	1030
1.14184	1	1	5	1030
1.14188	1	1	5	1030
1.14192	1	1	5	1030
1.14196	1	1	5	1030
1.142	1	1	5	1030
1.14204	1	1	5	1030
1.14208	1	1	5	1030
1.14212	1	1	5	1030
1.14216	1	1	5	1030
1.1422	1	1	5	1030
1.14224	1	1	5	1030
1.14228	1	1	5	1030
1.14232	1	1	5	1030
1.14236	1	1	5	1030
1.1424	1	1	5	1030
1.14244	1	1	5	1030
1.14248	1	1	5	1030
1.14252	1	1	5	1030
1.14256	1	1	5	1030
1.1426	1	1	5	1030
1.14264	1	1	5	1030
1.14268	1	1	5	1030
1.14272	1	1	5	1030
1.14276	1	1	5	1030
1.1428	1	1	5	1030
1.14284	1	1	5	1030
1.14288	1	1	5	1030
1.14292	1	1	5	1030
1.14296	1	1	5	1030
1.143	1	1	5	1030
1.14304	1	1	5	1030
1.14308	1	1	5	1030
1.14312	1	1	5	1030
1.14316	1	1	5	1030
1.1432	1	1	5	1030
1.14324	1	1	5	1030
1.14328	1	1	5	1030
1.14332	1	1	5	1030
1.14336	1	1	5	1030
1.1434	1	1	5	1030
1.14344	1	1	5	1030
1.14348	1	1	5	1030
1.14352	1	1	5	1030
1.14356	1	1	5	1030
1.1436	1	1	5	1030
1.14364	1	1	5	1030
1.14368	1	1	5	1030
1.14372	1	1	5	1030
1.14376	1	1	5	1030
1.1438	1	1	5	1030
1.14384	1	1	5	1030
1.14388	1	1	5	1030
1.14392	1	1	5	1030
1.14396	1	1	5	1030
1.144	1	1	5	1030
1.14404	1	1	5	1030
1.14408	1	1	5	1030
1.14412	1	1	5	1030
1.14416	1	1	5	1030
1.1442	1	1	5	1030
1.14424	1	1	5	1030
1.14428	1	1	5	1030
1.14432	1	1	5	1030
1.14436	1	1	5	1030
1.1444	1	1	5	1030
1.14444	1	1	5	1030
1.14448	1	1	5	1030
1.14452	1	1	5	1030
1.14456	1	1	5	1030
1.1446	1	1	5	1030
1.14464	1	1	5	1030
1.14468	1	1	5	1030
1.14472	1	1	5	1030
1.14476	1	1	5	1030
1.1448	1	1	5	1030
1.14484	1	1	5	1030
1.14488	1	1	5	1030
1.14492	1	1	5	1030
1.14496	1	1	5	1030
1.145	1	1	5	1030
1.14504	1	1	5	1030
1.14508	1	1	5	1030
1.14512	1	1	5	1030
1.14516	1	1	5	1030
1.1452	1	1	5	1030
1.14524	1	1	5	1030
1.14528	1	1	5	1030
1.14532	1	1	5	1030
1.14536	1	1	5	1030
1.1454	1	1	5	1030
1.14544	1	1	5	1030
1.14548	1	1	5	1030
1.14552	1	1	5	1030
1.14556	1	1	5	1030
1.1456	1	1	5	1030
1.14564	1	1	5	1030
1.14568	1	1	5	1030
1.14572	1	1	5	1030
1.14576	1	1	5	1030
1.1458	1	1	5	1030
1.14584	1	1	5	1030
1.14588	1	1	5	1030
1.14592	1	1	5	1030
1.14596	1	1	5	1030
1.146	1	1	5	1030
1.14604	1	1	5	1030
1.14608	1	1	5	1030
1.14612	1	1	5	1030
1.14616	1	1	5	1030
1.1462	1	1	5	1030
1.14624	1	1	5	1030
1.14628	1	1	5	1030
1.14632	1	1	5	1030
1.14636	1	1	5	1030
1.1464	1	1	5	1030
1.14644	1	1	5	1030
1.14648	1	1	5	1030
1.14652	1	1	5	1030
1.14656	1	1	5	1030
1.1466	1	1	5	1030
1.14664	1	1	5	1030
1.14668	1	1	5	1030
1.14672	1	1	5	1030
1.14676	1	1	5	1030
1.1468	1	1	5	1030
1.14684	1	1	5	1030
1.14688	1	1	5	1030
1.14692	1	1	5	1030
1.14696	1	1	5	1030
1.147	1	1	5	1030
1.14704	1	1	5	1030
1.14708	1	1	5	1030
1.14712	1	1	5	1030
1.14716	1	1	5	1030
1.1472	1	1	5	1030
1.14724	1	1	5	1030
1.14728	1	1	5	1030
1.14732	1	1	5	1030
1.14736	1	1	5	1030
1.1474	1	1	5	1030
1.14744	1	1	5	1030
1.14748	1	1	5	1030
1.14752	1	1	5	1030
1.14756	1	1	5	1030
1.1476	1	1	5	1030
1.14764	1	1	5	1030
1.14768	1	1	5	1030
1.14772	1	1	5	1030
1.14776	1	1	5	1030
1.1478	1	1	5	1030
1.14784	1	1	5	1030
1.14788	1	1	5	1030
1.14792	1	1	5	1030
1.14796	1	1	5	1030
1.148	1	1	5	1030
1.14804	1	1	5	1030
1.14808	1	1	5	1030
1.14812	1	1	5	1030
1.14816	1	1	5	1030
1.1482	1	1	5	1030
1.14824	1	1	5	1030
1.14828	1	1	5	1030
1.14832	1	1	5	1030
1.14836	1	1	5	1030
1.1484	1	1	5	1030
1.14844	1	1	5	1030
1.14848	1	1	5	1030
1.14852	1	1	5	1030
1.14856	1	1	5	1030
1.1486	1	1	5	1030
1.14864	1	1	5	1030
1.14868	1	1	5	1030
1.14872	1	1	5	1030
1.14876	1	1	5	1030
1.1488	1	1	5	1030
1.14884	1	1	5	1030
1.14888	1	1	5	1030
1.14892	1	1	5	1030
1.14896	1	1	5	1030
1.149	1	1	5	1030
1.14904	1	1	5	1030
1.14908	1	1	5	1030
1.14912	1	1	5	1030
1.14916	1	1	5	1030
1.1492	1	1	5	1030
1.14924	1	1	5	1030
1.14928	1	1	5	1030
1.14932	1	1	5	1030
1.14936	1	1	5	1030
1.1494	1	1	5	1030
1.14944	1	1	5	1030
1.14948	1	1	5	1030
1.14952	1	1	5	1030
1.14956	1	1	5	1030
1.1496	1	1	5	1030
1.14964	1	1	5	1030
1.14968	1	1	5	1030
1.14972	1	1	5	1030
1.14976	1	1	5	1030
1.1498	1	1	5	1030
1.14984	1	1	5	1030
1.14988	1	1	5	1030
1.14992	1	1	5	1030
1.14996	1	1	5	1030
1.15	1	1	5	1030
1.15004	1	1	5	1030
1.15008	1	1	5	1030
1.15012	1	1	5	1030
1.15016	1	1	5	1030
1.1502	1	1	5	1030
1.15024	1	1	5	1030
1.15028	1	1	5	1030
1.15032	1	1	5	1030
1.15036	1	1	5	1030
1.1504	1	1	5	1030
1.15044	1	1	5	1030
1.15048	1	1	5	1030
1.15052	1	1	5	1030
1.15056	1	1	5	1030
1.1506	1	1	5	1030
1.15064	1	1	5	1030
1.15068	1	1	5	1030
1.15072	1	1	5	1030
1.15076	1	1	5	1030
1.1508	1	1	5	1030
1.15084	1	1	5	1030
1.15088	1	1	5	1030
1.15092	1	1	5	1030
1.15096	1	1	5	1030
1.151	1	1	5	1030
1.15104	1	1	5	1030
1.15108	1	1	5	1030
1.15112	1	1	5	1030
1.15116	1	1	5	1030
1.1512	1	1	5	1030
1.15124	1	1	5	1030
1.15128	1	1	5	1030
1.15132	1	1	5	1030
1.15136	1	1	5	1030
1.1514	1	1	5	1030
1.15144	1	1	5	1030
1.15148	1	1	5	1030
1.15152	1	1	5	1030
1.15156	1	1	5	1030
1.1516	1	1	5	1030
1.15164	1	1	5	1030
1.15168	1	1	5	1030
1.15172	1	1	5	1030
1.15176	1	1	5	1030
1.1518	1	1	5	1030
1.15184	1	1	5	1030
1.15188	1	1	5	1030
1.15192	1	1	5	1030
1.15196	1	1	5	1030
1.152	1	1	5	1030
1.15204	1	1	5	1030
1.15208	1	1	5	1030
1.15212	1	1	5	1030
1.15216	1	1	5	1030
1.1522	1	1	5	1030
1.15224	1	1	5	1030
1.15228	1	1	5	1030
1.15232	1	1	5	1030
1.15236	1	1	5	1030
1.1524	1	1	5	1030
1.15244	1	1	5	1030
1.15248	1	1	5	1030
1.15252	1	1	5	1030
1.15256	1	1	5	1030
1.1526	1	1	5	1030
1.15264	1	1	5	1030
1.15268	1	1	5	1030
1.15272	1	1	5	1030
1.15276	1	1	5	1030
1.1528	1	1	5	1030
1.15284	1	1	5	1030
1.15288	1	1	5	1030
1.15292	1	1	5	1030
1.15296	1	1	5	1030
1.153	1	1	5	1030
1.15304	1	1	5	1030
1.15308	1	1	5	1030
1.15312	1	1	5	1030
1.15316	1	1	5	1030
1.1532	1	1	5	1030
1.15324	1	1	5	1030
1.15328	1	1	5	1030
1.15332	1	1	5	1030
1.15336	1	1	5	1030
1.1534	1	1	5	1030
1.15344	1	1	5	1030
1.15348	1	1	5	1030
1.15352	1	1	5	1030
1.15356	1	1	5	1030
1.1536	1	1	5	1030
1.15364	1	1	5	1030
1.15368	1	1	5	1030
1.15372	1	1	5	1030
1.15376	1	1	5	1030
1.1538	1	1	5	1030
1.15384	1	1	5	1030
1.15388	1	1	5	1030
1.15392	1	1	5	1030
1.15396	1	1	5	1030
1.154	1	1	5	1030
1.15404	1	1	5	1030
1.15408	1	1	5	1030
1.15412	1	1	5	1030
1.15416	1	1	5	1030
1.1542	1	1	5	1030
1.15424	1	1	5	1030
1.15428	1	1	5	1030
1.15432	1	1	5	1030
1.15436	1	1	5	1030
1.1544	1	1	5	1030
1.15444	1	1	5	1030
1.15448	1	1	5	1030
1.15452	1	1	5	1030
1.15456	1	1	5	1030
1.1546	1	1	5	1030
1.15464	1	1	5	1030
1.15468	1	1	5	1030
1.15472	1	1	5	1030
1.15476	1	1	5	1030
1.1548	1	1	5	1030
1.15484	1	1	5	1030
1.15488	1	1	5	1030
1.15492	1	1	5	1030
1.15496	1	1	5	1030
1.155	1	1	5	1030
1.15504	1	1	5	1030
1.15508	1	1	5	1030
1.15512	1	1	5	1030
1.15516	1	1	5	1030
1.1552	1	1	5	1030
1.15524	1	1	5	1030
1.15528	1	1	5	1030
1.15532	1	1	5	1030
1.15536	1	1	5	1030
1.1554	1	1	5	1030
1.15544	1	1	5	1030
1.15548	1	1	5	1030
1.15552	1	1	5	1030
1.15556	1	1	5	1030
1.1556	1	1	5	1030
1.15564	1	1	5	1030
1.15568	1	1	5	1030
1.15572	1	1	5	1030
1.15576	1	1	5	1030
1.1558	1	1	5	1030
1.15584	1	1	5	1030
1.15588	1	1	5	1030
1.15592	1	1	5	1030
1.15596	1	1	5	1030
1.156	1	1	5	1030
1.15604	1	1	5	1030
1.15608	1	1	5	1030
1.15612	1	1	5	1030
1.15616	1	1	5	1030
1.1562	1	1	5	1030
1.15624	1	1	5	1030
1.15628	1	1	5	1030
1.15632	1	1	5	1030
1.15636	1	1	5	1030
1.1564	1	1	5	1030
1.15644	1	1	5	1030
1.15648	1	1	5	1030
1.15652	1	1	5	1030
1.15656	1	1	5	1030
1.1566	1	1	5	1030
1.15664	1	1	5	1030
1.15668	1	1	5	1030
1.15672	1	1	5	1030
1.15676	1	1	5	1030
1.1568	1	1	5	1030
1.15684	1	1	5	1030
1.15688	1	1	5	1030
1.15692	1	1	5	1030
1.15696	1	1	5	1030
1.157	1	1	5	1030
1.15704	1	1	5	1030
1.15708	1	1	5	1030
1.15712	1	1	5	1030
1.15716	1	1	5	1030
1.1572	1	1	5	1030
1.15724	1	1	5	1030
1.15728	1	1	5	1030
1.15732	1	1	5	1030
1.15736	1	1	5	1030
1.1574	1	1	5	1030
1.15744	1	1	5	1030
1.15748	1	1	5	1030
1.15752	1	1	5	1030
1.15756	1	1	5	1030
1.1576	1	1	5	1030
1.15764	1	1	5	1030
1.15768	1	1	5	1030
1.15772	1	1	5	1030
1.15776	1	1	5	1030
1.1578	1	1	5	1030
1.15784	1	1	5	1030
1.15788	1	1	5	1030
1.15792	1	1	5	1030
1.15796	1	1	5	1030
1.158	1	1	5	1030
1.15804	1	1	5	1030
1.15808	1	1	5	1030
1.15812	1	1	5	1030
1.15816	1	1	5	1030
1.1582	1	1	5	1030
1.15824	1	1	5	1030
1.15828	1	1	5	1030
1.15832	1	1	5	1030
1.15836	1	1	5	1030
1.1584	1	1	5	1030
1.15844	1	1	5	1030
1.15848	1	1	5	1030
1.15852	1	1	5	1030
1.15856	1	1	5	1030
1.1586	1	1	5	1030
1.15864	1	1	5	1030
1.15868	1	1	5	1030
1.15872	1	1	5	1030
1.15876	1	1	5	1030
1.1588	1	1	5	1030
1.15884	1	1	5	1030
1.15888	1	1	5	1030
1.15892	1	1	5	1030
1.15896	1	1	5	1030
1.159	1	1	5	1030
1.15904	1	1	5	1030
1.15908	1	1	5	1030
1.15912	1	1	5	1030
1.15916	1	1	5	1030
1.1592	1	1	5	1030
1.15924	1	1	5	1030
1.15928	1	1	5	1030
1.15932	1	1	5	1030
1.15936	1	1	5	1030
1.1594	1	1	5	1030
1.15944	1	1	5	1030
1.15948	1	1	5	1030
1.15952	1	1	5	1030
1.15956	1	1	5	1030
1.1596	1	1	5	1030
1.15964	1	1	5	1030
1.15968	1	1	5	1030
1.15972	1	1	5	1030
1.15976	1	1	5	1030
1.1598	1	1	5	1030
1.15984	1	1	5	1030
1.15988	1	1	5	1030
1.15992	1	1	5	1030
1.15996	1	1	5	1030
1.16	1	1	5	1030
1.16004	1	1	5	1030
1.16008	1	1	5	1030
1.16012	1	1	5	1030
1.16016	1	1	5	1030
1.1602	1	1	5	1030
1.16024	1	1	5	1030
1.16028	1	1	5	1030
1.16032	1	1	5	1030
1.16036	1	1	5	1030
1.1604	1	1	5	1030
1.16044	1	1	5	1030
1.16048	1	1	5	1030
1.16052	1	1	5	1030
1.16056	1	1	5	1030
1.1606	1	1	5	1030
1.16064	1	1	5	1030
1.16068	1	1	5	1030
1.16072	1	1	5	1030
1.16076	1	1	5	1030
1.1608	1	1	5	1030
1.16084	1	1	5	1030
1.16088	1	1	5	1030
1.16092	1	1	5	1030
1.16096	1	1	5	1030
1.161	1	1	5	1030
1.16104	1	1	5	1030
1.16108	1	1	5	1030
1.16112	1	1	5	1030
1.16116	1	1	5	1030
1.1612	1	1	5	1030
1.16124	1	1	5	1030
1.16128	1	1	5	1030
1.16132	1	1	5	1030
1.16136	1	1	5	1030
1.1614	1	1	5	1030
1.16144	1	1	5	1030
1.16148	1	1	5	1030
1.16152	1	1	5	1030
1.16156	1	1	5	1030
1.1616	1	1	5	1030
1.16164	1	1	5	1030
1.16168	1	1	5	1030
1.16172	1	1	5	1030
1.16176	1	1	5	1030
1.1618	1	1	5	1030
1.16184	1	1	5	1030
1.16188	1	1	5	1030
1.16192	1	1	5	1030
1.16196	1	1	5	1030
1.162	1	1	5	1030
1.16204	1	1	5	1030
1.16208	1	1	5	1030
1.16212	1	1	5	1030
1.16216	1	1	5	1030
1.1622	1	1	5	1030
1.16224	1	1	5	1030
1.16228	1	1	5	1030
1.16232	1	1	5	1030
1.16236	1	1	5	1030
1.1624	1	1	5	1030
1.16244	1	1	5	1030
1.16248	1	1	5	1030
1.16252	1	1	5	1030
1.16256	1	1	5	1030
1.1626	1	1	5	1030
1.16264	1	1	5	1030
1.16268	1	1	5	1030
1.16272	1	1	5	1030
1.16276	1	1	5	1030
1.1628	1	1	5	1030
1.16284	1	1	5	1030
1.16288	1	1	5	1030
1.16292	1	1	5	1030
1.16296	1	1	5	1030
1.163	1	1	5	1030
1.16304	1	1	5	1030
1.16308	1	1	5	1030
1.16312	1	1	5	1030
1.16316	1	1	5	1030
1.1632	1	1	5	1030
1.16324	1	1	5	1030
1.16328	1	1	5	1030
1.16332	1	1	5	1030
1.16336	1	1	5	1030
1.1634	1	1	5	1030
1.16344	1	1	5	1030
1.16348	1	1	5	1030
1.16352	1	1	5	1030
1.16356	1	1	5	1030
1.1636	1	1	5	1030
1.16364	1	1	5	1030
1.16368	1	1	5	1030
1.16372	1	1	5	1030
1.16376	1	1	5	1030
1.1638	1	1	5	1030
1.16384	1	1	5	1030
1.16388	1	1	5	1030
1.16392	1	1	5	1030
1.16396	1	1	5	1030
1.164	1	1	5	1030
1.16404	1	1	5	1030
1.16408	1	1	5	1030
1.16412	1	1	5	1030
1.16416	1	1	5	1030
1.1642	1	1	5	1030
1.16424	1	1	5	1030
1.16428	1	1	5	1030
1.16432	1	1	5	1030
1.16436	1	1	5	1030
1.1644	1	1	5	1030
1.16444	1	1	5	1030
1.16448	1	1	5	1030
1.16452	1	1	5	1030
1.16456	1	1	5	1030
1.1646	1	1	5	1030
1.16464	1	1	5	1030
1.16468	1	1	5	1030
1.16472	1	1	5	1030
1.16476	1	1	5	1030
1.1648	1	1	5	1030
1.16484	1	1	5	1030
1.16488	1	1	5	1030
1.16492	1	1	5	1030
1.16496	1	1	5	1030
1.165	1	1	5	1030
1.16504	1	1	5	1030
1.16508	1	1	5	1030
1.16512	1	1	5	1030
1.16516	1	1	5	1030
1.1652	1	1	5	1030
1.16524	1	1	5	1030
1.16528	1	1	5	1030
1.16532	1	1	5	1030
1.16536	1	1	5	1030
1.1654	1	1	5	1030
1.16544	1	1	5	1030
1.16548	1	1	5	1030
1.16552	1	1	5	1030
1.16556	1	1	5	1030
1.1656	1	1	5	1030
1.16564	1	1	5	1030
1.16568	1	1	5	1030
1.16572	1	1	5	1030
1.16576	1	1	5	1030
1.1658	1	1	5	1030
1.16584	1	1	5	1030
1.16588	1	1	5	1030
1.16592	1	1	5	1030
1.16596	1	1	5	1030
1.166	1	1	5	1030
1.16604	1	1	5	1030
1.16608	1	1	5	1030
1.16612	1	1	5	1030
1.16616	1	1	5	1030
1.1662	1	1	5	1030
1.16624	1	1	5	1030
1.16628	1	1	5	1030
1.16632	1	1	5	1030
1.16636	1	1	5	1030
1.1664	1	1	5	1030
1.16644	1	1	5	1030
1.16648	1	1	5	1030
1.16652	1	1	5	1030
1.16656	1	1	5	1030
1.1666	1	1	5	1030
1.16664	1	1	5	1030
1.16668	1	1	5	1030
1.16672	1	1	5	1030
1.16676	1	1	5	1030
1.1668	1	1	5	1030
1.16684	1	1	5	1030
1.16688	1	1	5	1030
1.16692	1	1	5	1030
1.16696	1	1	5	1030
1.167	1	1	5	1030
1.16704	1	1	5	1030
1.16708	1	1	5	1030
1.16712	1	1	5	1030
1.16716	1	1	5	1030
1.1672	1	1	5	1030
1.16724	1	1	5	1030
1.16728	1	1	5	1030
1.16732	1	1	5	1030
1.16736	1	1	5	1030
1.1674	1	1	5	1030
1.16744	1	1	5	1030
1.16748	1	1	5	1030
1.16752	1	1	5	1030
1.16756	1	1	5	1030
1.1676	1	1	5	1030
1.16764	1	1	5	1030
1.16768	1	1	5	1030
1.16772	1	1	5	1030
1.16776	1	1	5	1030
1.1678	1	1	5	1030
1.16784	1	1	5	1030
1.16788	1	1	5	1030
1.16792	1	1	5	1030
1.16796	1	1	5	1030
1.168	1	1	5	1030
1.16804	1	1	5	1030
1.16808	1	1	5	1030
1.16812	1	1	5	1030
1.16816	1	1	5	1030
1.1682	1	1	5	1030
1.16824	1	1	5	1030
1.16828	1	1	5	1030
1.16832	1	1	5	1030
1.16836	1	1	5	1030
1.1684	1	1	5	1030
1.16844	1	1	5	1030
1.16848	1	1	5	1030
1.16852	1	1	5	1030
1.16856	1	1	5	1030
1.1686	1	1	5	1030
1.16864	1	1	5	1030
1.16868	1	1	5	1030
1.16872	1	1	5	1030
1.16876	1	1	5	1030
1.1688	1	1	5	1030
1.16884	1	1	5	1030
1.16888	1	1	5	1030
1.16892	1	1	5	1030
1.16896	1	1	5	1030
1.169	1	1	5	1030
1.16904	1	1	5	1030
1.16908	1	1	5	1030
1.16912	1	1	5	1030
1.16916	1	1	5	1030
1.1692	1	1	5	1030
1.16924	1	1	5	1030
1.16928	1	1	5	1030
1.16932	1	1	5	1030
1.16936	1	1	5	1030
1.1694	1	1	5	1030
1.16944	1	1	5	1030
1.16948	1	1	5	1030
1.16952	1	1	5	1030
1.16956	1	1	5	1030
1.1696	1	1	5	1030
1.16964	1	1	5	1030
1.16968	1	1	5	1030
1.16972	1	1	5	1030
1.16976	1	1	5	1030
1.1698	1	1	5	1030
1.16984	1	1	5	1030
1.16988	1	1	5	1030
1.16992	1	1	5	1030
1.16996	1	1	5	1030
1.17	1	1	5	1030
1.17004	1	1	5	1030
1.17008	1	1	5	1030
1.17012	1	1	5	1030
1.17016	1	1	5	1030
1.1702	1	1	5	1030
1.17024	1	1	5	1030
1.17028	1	1	5	1030
1.17032	1	1	5	1030
1.17036	1	1	5	1030
1.1704	1	1	5	1030
1.17044	1	1	5	1030
1.17048	1	1	5	1030
1.17052	1	1	5	1030
1.17056	1	1	5	1030
1.1706	1	1	5	1030
1.17064	1	1	5	1030
1.17068	1	1	5	1030
1.17072	1	1	5	1030
1.17076	1	1	5	1030
1.1708	1	1	5	1030
1.17084	1	1	5	1030
1.17088	1	1	5	1030
1.17092	1	1	5	1030
1.17096	1	1	5	1030
1.171	1	1	5	1030
1.17104	1	1	5	1030
1.17108	1	1	5	1030
1.17112	1	1	5	1030
1.17116	1	1	5	1030
1.1712	1	1	5	1030
1.17124	1	1	5	1030
1.17128	1	1	5	1030
1.17132	1	1	5	1030
1.17136	1	1	5	1030
1.1714	1	1	5	1030
1.17144	1	1	5	1030
1.17148	1	1	5	1030
1.17152	1	1	5	1030
1.17156	1	1	5	1030
1.1716	1	1	5	1030
1.17164	1	1	5	1030
1.17168	1	1	5	1030
1.17172	1	1	5	1030
1.17176	1	1	5	1030
1.1718	1	1	5	1030
1.17184	1	1	5	1030
1.17188	1	1	5	1030
1.17192	1	1	5	1030
1.17196	1	1	5	1030
1.172	1	1	5	1030
1.17204	1	1	5	1030
1.17208	1	1	5	1030
1.17212	1	1	5	1030
1.17216	1	1	5	1030
1.1722	1	1	5	1030
1.17224	1	1	5	1030
1.17228	1	1	5	1030
1.17232	1	1	5	1030
1.17236	1	1	5	1030
1.1724	1	1	5	1030
1.17244	1	1	5	1030
1.17248	1	1	5	1030
1.17252	1	1	5	1030
1.17256	1	1	5	1030
1.1726	1	1	5	1030
1.17264	1	1	5	1030
1.17268	1	1	5	1030
1.17272	1	1	5	1030
1.17276	1	1	5	1030
1.1728	1	1	5	1030
1.17284	1	1	5	1030
1.17288	1	1	5	1030
1.17292	1	1	5	1030
1.17296	1	1	5	1030
1.173	1	1	5	1030
1.17304	1	1	5	1030
1.17308	1	1	5	1030
1.17312	1	1	5	1030
1.17316	1	1	5	1030
1.1732	1	1	5	1030
1.17324	1	1	5	1030
1.17328	1	1	5	1030
1.17332	1	1	5	1030
1.17336	1	1	5	1030
1.1734	1	1	5	1030
1.17344	1	1	5	1030
1.17348	1	1	5	1030
1.17352	1	1	5	1030
1.17356	1	1	5	1030
1.1736	1	1	5	1030
1.17364	1	1	5	1030
1.17368	1	1	5	1030
1.17372	1	1	5	1030
1.17376	1	1	5	1030
1.1738	1	1	5	1030
1.17384	1	1	5	1030
1.17388	1	1	5	1030
1.17392	1	1	5	1030
1.17396	1	1	5	1030
1.174	1	1	5	1030
1.17404	1	1	5	1030
1.17408	1	1	5	1030
1.17412	1	1	5	1030
1.17416	1	1	5	1030
1.1742	1	1	5	1030
1.17424	1	1	5	1030
1.17428	1	1	5	1030
1.17432	1	1	5	1030
1.17436	1	1	5	1030
1.1744	1	1	5	1030
1.17444	1	1	5	1030
1.17448	1	1	5	1030
1.17452	1	1	5	1030
1.17456	1	1	5	1030
1.1746	1	1	5	1030
1.17464	1	1	5	1030
1.17468	1	1	5	1030
1.17472	1	1	5	1030
1.17476	1	1	5	1030
1.1748	1	1	5	1030
1.17484	1	1	5	1030
1.17488	1	1	5	1030
1.17492	1	1	5	1030
1.17496	1	1	5	1030
1.175	1	1	5	1030
1.17504	1	1	5	1030
1.17508	1	1	5	1030
1.17512	1	1	5	1030
1.17516	1	1	5	1030
1.1752	1	1	5	1030
1.17524	1	1	5	1030
1.17528	1	1	5	1030
1.17532	1	1	5	1030
1.17536	1	1	5	1030
1.1754	1	1	5	1030
1.17544	1	1	5	1030
1.17548	1	1	5	1030
1.17552	1	1	5	1030
1.17556	1	1	5	1030
1.1756	1	1	5	1030
1.17564	1	1	5	1030
1.17568	1	1	5	1030
1.17572	1	1	5	1030
1.17576	1	1	5	1030
1.1758	1	1	5	1030
1.17584	1	1	5	1030
1.17588	1	1	5	1030
1.17592	1	1	5	1030
1.17596	1	1	5	1030
1.176	1	1	5	1030
1.17604	1	1	5	1030
1.17608	1	1	5	1030
1.17612	1	1	5	1030
1.17616	1	1	5	1030
1.1762	1	1	5	1030
1.17624	1	1	5	1030
1.17628	1	1	5	1030
1.17632	1	1	5	1030
1.17636	1	1	5	1030
1.1764	1	1	5	1030
1.17644	1	1	5	1030
1.17648	1	1	5	1030
1.17652	1	1	5	1030
1.17656	1	1	5	1030
1.1766	1	1	5	1030
1.17664	1	1	5	1030
1.17668	1	1	5	1030
1.17672	1	1	5	1030
1.17676	1	1	5	1030
1.1768	1	1	5	1030
1.17684	1	1	5	1030
1.17688	1	1	5	1030
1.17692	1	1	5	1030
1.17696	1	1	5	1030
1.177	1	1	5	1030
1.17704	1	1	5	1030
1.17708	1	1	5	1030
1.17712	1	1	5	1030
1.17716	1	1	5	1030
1.1772	1	1	5	1030
1.17724	1	1	5	1030
1.17728	1	1	5	1030
1.17732	1	1	5	1030
1.17736	1	1	5	1030
1.1774	1	1	5	1030
1.17744	1	1	5	1030
1.17748	1	1	5	1030
1.17752	1	1	5	1030
1.17756	1	1	5	1030
1.1776	1	1	5	1030
1.17764	1	1	5	1030
1.17768	1	1	5	1030
1.17772	1	1	5	1030
1.17776	1	1	5	1030
1.1778	1	1	5	1030
1.17784	1	1	5	1030
1.17788	1	1	5	1030
1.17792	1	1	5	1030
1.17796	1	1	5	1030
1.178	1	1	5	1030
1.17804	1	1	5	1030
1.17808	1	1	5	1030
1.17812	1	1	5	1030
1.17816	1	1	5	1030
1.1782	1	1	5	1030
1.17824	1	1	5	1030
1.17828	1	1	5	1030
1.17832	1	1	5	1030
1.17836	1	1	5	1030
1.1784	1	1	5	1030
1.17844	1	1	5	1030
1.17848	1	1	5	1030
1.17852	1	1	5	1030
1.17856	1	1	5	1030
1.1786	1	1	5	1030
1.17864	1	1	5	1030
1.17868	1	1	5	1030
1.17872	1	1	5	1030
1.17876	1	1	5	1030
1.1788	1	1	5	1030
1.17884	1	1	5	1030
1.17888	1	1	5	1030
1.17892	1	1	5	1030
1.17896	1	1	5	1030
1.179	1	1	5	1030
1.17904	1	1	5	1030
1.17908	1	1	5	1030
1.17912	1	1	5	1030
1.17916	1	1	5	1030
1.1792	1	1	5	1030
1.17924	1	1	5	1030
1.17928	1	1	5	1030
1.17932	1	1	5	1030
1.17936	1	1	5	1030
1.1794	1	1	5	1030
1.17944	1	1	5	1030
1.17948	1	1	5	1030
1.17952	1	1	5	1030
1.17956	1	1	5	1030
1.1796	1	1	5	1030
1.17964	1	1	5	1030
1.17968	1	1	5	1030
1.17972	1	1	5	1030
1.17976	1	1	5	1030
1.1798	1	1	5	1030
1.17984	1	1	5	1030
1.17988	1	1	5	1030
1.17992	1	1	5	1030
1.17996	1	1	5	1030
1.18	1	1	5	1030
1.18004	1	1	5	1030
1.18008	1	1	5	1030
1.18012	1	1	5	1030
1.18016	1	1	5	1030
1.1802	1	1	5	1030
1.18024	1	1	5	1030
1.18028	1	1	5	1030
1.18032	1	1	5	1030
1.18036	1	1	5	1030
1.1804	1	1	5	1030
1.18044	1	1	5	1030
1.18048	1	1	5	1030
1.18052	1	1	5	1030
1.18056	1	1	5	1030
1.1806	1	1	5	1030
1.18064	1	1	5	1030
1.18068	1	1	5	1030
1.18072	1	1	5	1030
1.18076	1	1	5	1030
1.1808	1	1	5	1030
1.18084	1	1	5	1030
1.18088	1	1	5	1030
1.18092	1	1	5	1030
1.18096	1	1	5	1030
1.181	1	1	5	1030
1.18104	1	1	5	1030
1.18108	1	1	5	1030
1.18112	1	1	5	1030
1.18116	1	1	5	1030
1.1812	1	1	5	1030
1.18124	1	1	5	1030
1.18128	1	1	5	1030
1.18132	1	1	5	1030
1.18136	1	1	5	1030
1.1814	1	1	5	1030
1.18144	1	1	5	1030
1.18148	1	1	5	1030
1.18152	1	1	5	1030
1.18156	1	1	5	1030
1.1816	1	1	5	1030
1.18164	1	1	5	1030
1.18168	1	1	5	1030
1.18172	1	1	5	1030
1.18176	1	1	5	1030
1.1818	1	1	5	1030
1.18184	1	1	5	1030
1.18188	1	1	5	1030
1.18192	1	1	5	1030
1.18196	1	1	5	1030
1.182	1	1	5	1030
1.18204	1	1	5	1030
1.18208	1	1	5	1030
1.18212	1	1	5	1030
1.18216	1	1	5	1030
1.1822	1	1	5	1030
1.18224	1	1	5	1030
1.18228	1	1	5	1030
1.18232	1	1	5	1030
1.18236	1	1	5	1030
1.1824	1	1	5	1030
1.18244	1	1	5	1030
1.18248	1	1	5	1030
1.18252	1	1	5	1030
1.18256	1	1	5	1030
1.1826	1	1	5	1030
1.18264	1	1	5	1030
1.18268	1	1	5	1030
1.18272	1	1	5	1030
1.18276	1	1	5	1030
1.1828	1	1	5	1030
1.18284	1	1	5	1030
1.18288	1	1	5	1030
1.18292	1	1	5	1030
1.18296	1	1	5	1030
1.183	1	1	5	1030
1.18304	1	1	5	1030
1.18308	1	1	5	1030
1.18312	1	1	5	1030
1.18316	1	1	5	1030
1.1832	1	1	5	1030
1.18324	1	1	5	1030
1.18328	1	1	5	1030
1.18332	1	1	5	1030
1.18336	1	1	5	1030
1.1834	1	1	5	1030
1.18344	1	1	5	1030
1.18348	1	1	5	1030
1.18352	1	1	5	1030
1.18356	1	1	5	1030
1.1836	1	1	5	1030
1.18364	1	1	5	1030
1.18368	1	1	5	1030
1.18372	1	1	5	1030
1.18376	1	1	5	1030
1.1838	1	1	5	1030
1.18384	1	1	5	1030
1.18388	1	1	5	1030
1.18392	1	1	5	1030
1.18396	1	1	5	1030
1.184	1	1	5	1030
1.18404	1	1	5	1030
1.18408	1	1	5	1030
1.18412	1	1	5	1030
1.18416	1	1	5	1030
1.1842	1	1	5	1030
1.18424	1	1	5	1030
1.18428	1	1	5	1030
1.18432	1	1	5	1030
1.18436	1	1	5	1030
1.1844	1	1	5	1030
1.18444	1	1	5	1030
1.18448	1	1	5	1030
1.18452	1	1	5	1030
1.18456	1	1	5	1030
1.1846	1	1	5	1030
1.18464	1	1	5	1030
1.18468	1	1	5	1030
1.18472	1	1	5	1030
1.18476	1	1	5	1030
1.1848	1	1	5	1030
1.18484	1	1	5	1030
1.18488	1	1	5	1030
1.18492	1	1	5	1030
1.18496	1	1	5	1030
1.185	1	1	5	1030
1.18504	1	1	5	1030
1.18508	1	1	5	1030
1.18512	1	1	5	1030
1.18516	1	1	5	1030
1.1852	1	1	5	1030
1.18524	1	1	5	1030
1.18528	1	1	5	1030
1.18532	1	1	5	1030
1.18536	1	1	5	1030
1.1854	1	1	5	1030
1.18544	1	1	5	1030
1.18548	1	1	5	1030
1.18552	1	1	5	1030
1.18556	1	1	5	1030
1.1856	1	1	5	1030
1.18564	1	1	5	1030
1.18568	1	1	5	1030
1.18572	1	1	5	1030
1.18576	1	1	5	1030
1.1858	1	1	5	1030
1.18584	1	1	5	1030
1.18588	1	1	5	1030
1.18592	1	1	5	1030
1.18596	1	1	5	1030
1.186	1	1	5	1030
1.18604	1	1	5	1030
1.18608	1	1	5	1030
1.18612	1	1	5	1030
1.18616	1	1	5	1030
1.1862	1	1	5	1030
1.18624	1	1	5	1030
1.18628	1	1	5	1030
1.18632	1	1	5	1030
1.18636	1	1	5	1030
1.1864	1	1	5	1030
1.18644	1	1	5	1030
1.18648	1	1	5	1030
1.18652	1	1	5	1030
1.18656	1	1	5	1030
1.1866	1	1	5	1030
1.18664	1	1	5	1030
1.18668	1	1	5	1030
1.18672	1	1	5	1030
1.18676	1	1	5	1030
1.1868	1	1	5	1030
1.18684	1	1	5	1030
1.18688	1	1	5	1030
1.18692	1	1	5	1030
1.18696	1	1	5	1030
1.187	1	1	5	1030
1.18704	1	1	5	1030
1.18708	1	1	5	1030
1.18712	1	1	5	1030
1.18716	1	1	5	1030
1.1872	1	1	5	1030
1.18724	1	1	5	1030
1.18728	1	1	5	1030
1.18732	1	1	5	1030
1.18736	1	1	5	1030
1.1874	1	1	5	1030
1.18744	1	1	5	1030
1.18748	1	1	5	1030
1.18752	1	1	5	1030
1.18756	1	1	5	1030
1.1876	1	1	5	1030
1.18764	1	1	5	1030
1.18768	1	1	5	1030
1.18772	1	1	5	1030
1.18776	1	1	5	1030
1.1878	1	1	5	1030
1.18784	1	1	5	1030
1.18788	1	1	5	1030
1.18792	1	1	5	1030
1.18796	1	1	5	1030
1.188	1	1	5	1030
1.18804	1	1	5	1030
1.18808	1	1	5	1030
1.18812	1	1	5	1030
1.18816	1	1	5	1030
1.1882	1	1	5	1030
1.18824	1	1	5	1030
1.18828	1	1	5	1030
1.18832	1	1	5	1030
1.18836	1	1	5	1030
1.1884	1	1	5	1030
1.18844	1	1	5	1030
1.18848	1	1	5	1030
1.18852	1	1	5	1030
1.18856	1	1	5	1030
1.1886	1	1	5	1030
1.18864	1	1	5	1030
1.18868	1	1	5	1030
1.18872	1	1	5	1030
1.18876	1	1	5	1030
1.1888	1	1	5	1030
1.18884	1	1	5	1030
1.18888	1	1	5	1030
1.18892	1	1	5	1030
1.18896	1	1	5	1030
1.189	1	1	5	1030
1.18904	1	1	5	1030
1.18908	1	1	5	1030
1.18912	1	1	5	1030
1.18916	1	1	5	1030
1.1892	1	1	5	1030
1.18924	1	1	5	1030
1.18928	1	1	5	1030
1.18932	1	1	5	1030
1.18936	1	1	5	1030
1.1894	1	1	5	1030
1.18944	1	1	5	1030
1.18948	1	1	5	1030
1.18952	1	1	5	1030
1.18956	1	1	5	1030
1.1896	1	1	5	1030
1.18964	1	1	5	1030
1.18968	1	1	5	1030
1.18972	1	1	5	1030
1.18976	1	1	5	1030
1.1898	1	1	5	1030
1.18984	1	1	5	1030
1.18988	1	1	5	1030
1.18992	1	1	5	1030
1.18996	1	1	5	1030
1.19	1	1	5	1030
1.19004	1	1	5	1030
1.19008	1	1	5	1030
1.19012	1	1	5	1030
1.19016	1	1	5	1030
1.1902	1	1	5	1030
1.19024	1	1	5	1030
1.19028	1	1	5	1030
1.19032	1	1	5	1030
1.19036	1	1	5	1030
1.1904	1	1	5	1030
1.19044	1	1	5	1030
1.19048	1	1	5	1030
1.19052	1	1	5	1030
1.19056	1	1	5	1030
1.1906	1	1	5	1030
1.19064	1	1	5	1030
1.19068	1	1	5	1030
1.19072	1	1	5	1030
1.19076	1	1	5	1030
1.1908	1	1	5	1030
1.19084	1	1	5	1030
1.19088	1	1	5	1030
1.19092	1	1	5	1030
1.19096	1	1	5	1030
1.191	1	1	5	1030
1.19104	1	1	5	1030
1.19108	1	1	5	1030
1.19112	1	1	5	1030
1.19116	1	1	5	1030
1.1912	1	1	5	1030
1.19124	1	1	5	1030
1.19128	1	1	5	1030
1.19132	1	1	5	1030
1.19136	1	1	5	1030
1.1914	1	1	5	1030
1.19144	1	1	5	1030
1.19148	1	1	5	1030
1.19152	1	1	5	1030
1.19156	1	1	5	1030
1.1916	1	1	5	1030
1.19164	1	1	5	1030
1.19168	1	1	5	1030
1.19172	1	1	5	1030
1.19176	1	1	5	1030
1.1918	1	1	5	1030
1.19184	1	1	5	1030
1.19188	1	1	5	1030
1.19192	1	1	5	1030
1.19196	1	1	5	1030
1.192	1	1	5	1030
1.19204	1	1	5	1030
1.19208	1	1	5	1030
1.19212	1	1	5	1030
1.19216	1	1	5	1030
1.1922	1	1	5	1030
1.19224	1	1	5	1030
1.19228	1	1	5	1030
1.19232	1	1	5	1030
1.19236	1	1	5	1030
1.1924	1	1	5	1030
1.19244	1	1	5	1030
1.19248	1	1	5	1030
1.19252	1	1	5	1030
1.19256	1	1	5	1030
1.1926	1	1	5	1030
1.19264	1	1	5	1030
1.19268	1	1	5	1030
1.19272	1	1	5	1030
1.19276	1	1	5	1030
1.1928	1	1	5	1030
1.19284	1	1	5	1030
1.19288	1	1	5	1030
1.19292	1	1	5	1030
1.19296	1	1	5	1030
1.193	1	1	5	1030
1.19304	1	1	5	1030
1.19308	1	1	5	1030
1.19312	1	1	5	1030
1.19316	1	1	5	1030
1.1932	1	1	5	1030
1.19324	1	1	5	1030
1.19328	1	1	5	1030
1.19332	1	1	5	1030
1.19336	1	1	5	1030
1.1934	1	1	5	1030
1.19344	1	1	5	1030
1.19348	1	1	5	1030
1.19352	1	1	5	1030
1.19356	1	1	5	1030
1.1936	1	1	5	1030
1.19364	1	1	5	1030
1.19368	1	1	5	1030
1.19372	1	1	5	1030
1.19376	1	1	5	1030
1.1938	1	1	5	1030
1.19384	1	1	5	1030
1.19388	1	1	5	1030
1.19392	1	1	5	1030
1.19396	1	1	5	1030
1.194	1	1	5	1030
1.19404	1	1	5	1030
1.19408	1	1	5	1030
1.19412	1	1	5	1030
1.19416	1	1	5	1030
1.1942	1	1	5	1030
1.19424	1	1	5	1030
1.19428	1	1	5	1030
1.19432	1	1	5	1030
1.19436	1	1	5	1030
1.1944	1	1	5	1030
1.19444	1	1	5	1030
1.19448	1	1	5	1030
1.19452	1	1	5	1030
1.19456	1	1	5	1030
1.1946	1	1	5	1030
1.19464	1	1	5	1030
1.19468	1	1	5	1030
1.19472	1	1	5	1030
1.19476	1	1	5	1030
1.1948	1	1	5	1030
1.19484	1	1	5	1030
1.19488	1	1	5	1030
1.19492	1	1	5	1030
1.19496	1	1	5	1030
1.195	1	1	5	1030
1.19504	1	1	5	1030
1.19508	1	1	5	1030
1.19512	1	1	5	1030
1.19516	1	1	5	1030
1.1952	1	1	5	1030
1.19524	1	1	5	1030
1.19528	1	1	5	1030
1.19532	1	1	5	1030
1.19536	1	1	5	1030
1.1954	1	1	5	1030
1.19544	1	1	5	1030
1.19548	1	1	5	1030
1.19552	1	1	5	1030
1.19556	1	1	5	1030
1.1956	1	1	5	1030
1.19564	1	1	5	1030
1.19568	1	1	5	1030
1.19572	1	1	5	1030
1.19576	1	1	5	1030
1.1958	1	1	5	1030
1.19584	1	1	5	1030
1.19588	1	1	5	1030
1.19592	1	1	5	1030
1.19596	1	1	5	1030
1.196	1	1	5	1030
1.19604	1	1	5	1030
1.19608	1	1	5	1030
1.19612	1	1	5	1030
1.19616	1	1	5	1030
1.1962	1	1	5	1030
1.19624	1	1	5	1030
1.19628	1	1	5	1030
1.19632	1	1	5	1030
1.19636	1	1	5	1030
1.1964	1	1	5	1030
1.19644	1	1	5	1030
1.19648	1	1	5	1030
1.19652	1	1	5	1030
1.19656	1	1	5	1030
1.1966	1	1	5	1030
1.19664	1	1	5	1030
1.19668	1	1	5	1030
1.19672	1	1	5	1030
1.19676	1	1	5	1030
1.1968	1	1	5	1030
1.19684	1	1	5	1030
1.19688	1	1	5	1030
1.19692	1	1	5	1030
1.19696	1	1	5	1030
1.197	1	1	5	1030
1.19704	1	1	5	1030
1.19708	1	1	5	1030
1.19712	1	1	5	1030
1.19716	1	1	5	1030
1.1972	1	1	5	1030
1.19724	1	1	5	1030
1.19728	1	1	5	1030
1.19732	1	1	5	1030
1.19736	1	1	5	1030
1.1974	1	1	5	1030
1.19744	1	1	5	1030
1.19748	1	1	5	1030
1.19752	1	1	5	1030
1.19756	1	1	5	1030
1.1976	1	1	5	1030
1.19764	1	1	5	1030
1.19768	1	1	5	1030
1.19772	1	1	5	1030
1.19776	1	1	5	1030
1.1978	1	1	5	1030
1.19784	1	1	5	1030
1.19788	1	1	5	1030
1.19792	1	1	5	1030
1.19796	1	1	5	1030
1.198	1	1	5	1030
1.19804	1	1	5	1030
1.19808	1	1	5	1030
1.19812	1	1	5	1030
1.19816	1	1	5	1030
1.1982	1	1	5	1030
1.19824	1	1	5	1030
1.19828	1	1	5	1030
1.19832	1	1	5	1030
1.19836	1	1	5	1030
1.1984	1	1	5	1030
1.19844	1	1	5	1030
1.19848	1	1	5	1030
1.19852	1	1	5	1030
1.19856	1	1	5	1030
1.1986	1	1	5	1030
1.19864	1	1	5	1030
1.19868	1	1	5	1030
1.19872	1	1	5	1030
1.19876	1	1	5	1030
1.1988	1	1	5	1030
1.19884	1	1	5	1030
1.19888	1	1	5	1030
1.19892	1	1	5	1030
1.19896	1	1	5	1030
1.199	1	1	5	1030
1.19904	1	1	5	1030
1.19908	1	1	5	1030
1.19912	1	1	5	1030
1.19916	1	1	5	1030
1.1992	1	1	5	1030
1.19924	1	1	5	1030
1.19928	1	1	5	1030
1.19932	1	1	5	1030
1.19936	1	1	5	1030
1.1994	1	1	5	1030
1.19944	1	1	5	1030
1.19948	1	1	5	1030
1.19952	1	1	5	1030
1.19956	1	1	5	1030
1.1996	1	1	5	1030
1.19964	1	1	5	1030
1.19968	1	1	5	1030
1.19972	1	1	5	1030
1.19976	1	1	5	1030
1.1998	1	1	5	1030
1.19984	1	1	5	1030
1.19988	1	1	5	1030
1.19992	1	1	5	1030
1.19996	1	1	5	1030
1.2	1	1	5	1030
1.20004	1	1	5	1030
1.20008	1	1	5	1030
1.20012	1	1	5	1030
1.20016	1	1	5	1030
1.2002	1	1	5	1030
1.20024	1	1	5	1030
1.20028	1	1	5	1030
1.20032	1	1	5	1030
1.20036	1	1	5	1030
1.2004	1	1	5	1030
1.20044	1	1	5	1030
1.20048	1	1	5	1030
1.20052	1	1	5	1030
1.20056	1	1	5	1030
1.2006	1	1	5	1030
1.20064	1	1	5	1030
1.20068	1	1	5	1030
1.20072	1	1	5	1030
1.20076	1	1	5	1030
1.2008	1	1	5	1030
1.20084	1	1	5	1030
1.20088	1	1	5	1030
1.20092	1	1	5	1030
1.20096	1	1	5	1030
1.201	1	1	5	1030
1.20104	1	1	5	1030
1.20108	1	1	5	1030
1.20112	1	1	5	1030
1.20116	1	1	5	1030
1.2012	1	1	5	1030
1.20124	1	1	5	1030
1.20128	1	1	5	1030
1.20132	1	1	5	1030
1.20136	1	1	5	1030
1.2014	1	1	5	1030
1.20144	1	1	5	1030
1.20148	1	1	5	1030
1.20152	1	1	5	1030
1.20156	1	1	5	1030
1.2016	1	1	5	1030
1.20164	1	1	5	1030
1.20168	1	1	5	1030
1.20172	1	1	5	1030
1.20176	1	1	5	1030
1.2018	1	1	5	1030
1.20184	1	1	5	1030
1.20188	1	1	5	1030
1.20192	1	1	5	1030
1.20196	1	1	5	1030
1.202	1	1	5	1030
1.20204	1	1	5	1030
1.20208	1	1	5	1030
1.20212	1	1	5	1030
1.20216	1	1	5	1030
1.2022	1	1	5	1030
1.20224	1	1	5	1030
1.20228	1	1	5	1030
1.20232	1	1	5	1030
1.20236	1	1	5	1030
1.2024	1	1	5	1030
1.20244	1	1	5	1030
1.20248	1	1	5	1030
1.20252	1	1	5	1030
1.20256	1	1	5	1030
1.2026	1	1	5	1030
1.20264	1	1	5	1030
1.20268	1	1	5	1030
1.20272	1	1	5	1030
1.20276	1	1	5	1030
1.2028	1	1	5	1030
1.20284	1	1	5	1030
1.20288	1	1	5	1030
1.20292	1	1	5	1030
1.20296	1	1	5	1030
1.203	1	1	5	1030
1.20304	1	1	5	1030
1.20308	1	1	5	1030
1.20312	1	1	5	1030
1.20316	1	1	5	1030
1.2032	1	1	5	1030
1.20324	1	1	5	1030
1.20328	1	1	5	1030
1.20332	1	1	5	1030
1.20336	1	1	5	1030
1.2034	1	1	5	1030
1.20344	1	1	5	1030
1.20348	1	1	5	1030
1.20352	1	1	5	1030
1.20356	1	1	5	1030
1.2036	1	1	5	1030
1.20364	1	1	5	1030
1.20368	1	1	5	1030
1.20372	1	1	5	1030
1.20376	1	1	5	1030
1.2038	1	1	5	1030
1.20384	1	1	5	1030
1.20388	1	1	5	1030
1.20392	1	1	5	1030
1.20396	1	1	5	1030
1.204	1	1	5	1030
1.20404	1	1	5	1030
1.20408	1	1	5	1030
1.20412	1	1	5	1030
1.20416	1	1	5	1030
1.2042	1	1	5	1030
1.20424	1	1	5	1030
1.20428	1	1	5	1030
1.20432	1	1	5	1030
1.20436	1	1	5	1030
1.2044	1	1	5	1030
1.20444	1	1	5	1030
1.20448	1	1	5	1030
1.20452	1	1	5	1030
1.20456	1	1	5	1030
1.2046	1	1	5	1030
1.20464	1	1	5	1030
1.20468	1	1	5	1030
1.20472	1	1	5	1030
1.20476	1	1	5	1030
1.2048	1	1	5	1030
1.20484	1	1	5	1030
1.20488	1	1	5	1030
1.20492	1	1	5	1030
1.20496	1	1	5	1030
1.205	1	1	5	1030
1.20504	1	1	5	1030
1.20508	1	1	5	1030
1.20512	1	1	5	1030
1.20516	1	1	5	1030
1.2052	1	1	5	1030
1.20524	1	1	5	1030
1.20528	1	1	5	1030
1.20532	1	1	5	1030
1.20536	1	1	5	1030
1.2054	1	1	5	1030
1.20544	1	1	5	1030
1.20548	1	1	5	1030
1.20552	1	1	5	1030
1.20556	1	1	5	1030
1.2056	1	1	5	1030
1.20564	1	1	5	1030
1.20568	1	1	5	1030
1.20572	1	1	5	1030
1.20576	1	1	5	1030
1.2058	1	1	5	1030
1.20584	1	1	5	1030
1.20588	1	1	5	1030
1.20592	1	1	5	1030
1.20596	1	1	5	1030
1.206	1	1	5	1030
1.20604	1	1	5	1030
1.20608	1	1	5	1030
1.20612	1	1	5	1030
1.20616	1	1	5	1030
1.2062	1	1	5	1030
1.20624	1	1	5	1030
1.20628	1	1	5	1030
1.20632	1	1	5	1030
1.20636	1	1	5	1030
1.2064	1	1	5	1030
1.20644	1	1	5	1030
1.20648	1	1	5	1030
1.20652	1	1	5	1030
1.20656	1	1	5	1030
1.2066	1	1	5	1030
1.20664	1	1	5	1030
1.20668	1	1	5	1030
1.20672	1	1	5	1030
1.20676	1	1	5	1030
1.2068	1	1	5	1030
1.20684	1	1	5	1030
1.20688	1	1	5	1030
1.20692	1	1	5	1030
1.20696	1	1	5	1030
1.207	1	1	5	1030
1.20704	1	1	5	1030
1.20708	1	1	5	1030
1.20712	1	1	5	1030
1.20716	1	1	5	1030
1.2072	1	1	5	1030
1.20724	1	1	5	1030
1.20728	1	1	5	1030
1.20732	1	1	5	1030
1.20736	1	1	5	1030
1.2074	1	1	5	1030
1.20744	1	1	5	1030
1.20748	1	1	5	1030
1.20752	1	1	5	1030
1.20756	1	1	5	1030
1.2076	1	1	5	1030
1.20764	1	1	5	1030
1.20768	1	1	5	1030
1.20772	1	1	5	1030
1.20776	1	1	5	1030
1.2078	1	1	5	1030
1.20784	1	1	5	1030
1.20788	1	1	5	1030
1.20792	1	1	5	1030
1.20796	1	1	5	1030
1.208	1	1	5	1030
1.20804	1	1	5	1030
1.20808	1	1	5	1030
1.20812	1	1	5	1030
1.20816	1	1	5	1030
1.2082	1	1	5	1030
1.20824	1	1	5	1030
1.20828	1	1	5	1030
1.20832	1	1	5	1030
1.20836	1	1	5	1030
1.2084	1	1	5	1030
1.20844	1	1	5	1030
1.20848	1	1	5	1030
1.20852	1	1	5	1030
1.20856	1	1	5	1030
1.2086	1	1	5	1030
1.20864	1	1	5	1030
1.20868	1	1	5	1030
1.20872	1	1	5	1030
1.20876	1	1	5	1030
1.2088	1	1	5	1030
1.20884	1	1	5	1030
1.20888	1	1	5	1030
1.20892	1	1	5	1030
1.20896	1	1	5	1030
1.209	1	1	5	1030
1.20904	1	1	5	1030
1.20908	1	1	5	1030
1.20912	1	1	5	1030
1.20916	1	1	5	1030
1.2092	1	1	5	1030
1.20924	1	1	5	1030
1.20928	1	1	5	1030
1.20932	1	1	5	1030
1.20936	1	1	5	1030
1.2094	1	1	5	1030
1.20944	1	1	5	1030
1.20948	1	1	5	1030
1.20952	1	1	5	1030
1.20956	1	1	5	1030
1.2096	1	1	5	1030
1.20964	1	1	5	1030
1.20968	1	1	5	1030
1.20972	1	1	5	1030
1.20976	1	1	5	1030
1.2098	1	1	5	1030
1.20984	1	1	5	1030
1.20988	1	1	5	1030
1.20992	1	1	5	1030
1.20996	1	1	5	1030
1.21	1	1	5	1030
1.21004	1	1	5	1030
1.21008	1	1	5	1030
1.21012	1	1	5	1030
1.21016	1	1	5	1030
1.2102	1	1	5	1030
1.21024	1	1	5	1030
1.21028	1	1	5	1030
1.21032	1	1	5	1030
1.21036	1	1	5	1030
1.2104	1	1	5	1030
1.21044	1	1	5	1030
1.21048	1	1	5	1030
1.21052	1	1	5	1030
1.21056	1	1	5	1030
1.2106	1	1	5	1030
1.21064	1	1	5	1030
1.21068	1	1	5	1030
1.21072	1	1	5	1030
1.21076	1	1	5	1030
1.2108	1	1	5	1030
1.21084	1	1	5	1030
1.21088	1	1	5	1030
1.21092	1	1	5	1030
1.21096	1	1	5	1030
1.211	1	1	5	1030
1.21104	1	1	5	1030
1.21108	1	1	5	1030
1.21112	1	1	5	1030
1.21116	1	1	5	1030
1.2112	1	1	5	1030
1.21124	1	1	5	1030
1.21128	1	1	5	1030
1.21132	1	1	5	1030
1.21136	1	1	5	1030
1.2114	1	1	5	1030
1.21144	1	1	5	1030
1.21148	1	1	5	1030
1.21152	1	1	5	1030
1.21156	1	1	5	1030
1.2116	1	1	5	1030
1.21164	1	1	5	1030
1.21168	1	1	5	1030
1.21172	1	1	5	1030
1.21176	1	1	5	1030
1.2118	1	1	5	1030
1.21184	1	1	5	1030
1.21188	1	1	5	1030
1.21192	1	1	5	1030
1.21196	1	1	5	1030
1.212	1	1	5	1030
1.21204	1	1	5	1030
1.21208	1	1	5	1030
1.21212	1	1	5	1030
1.21216	1	1	5	1030
1.2122	1	1	5	1030
1.21224	1	1	5	1030
1.21228	1	1	5	1030
1.21232	1	1	5	1030
1.21236	1	1	5	1030
1.2124	1	1	5	1030
1.21244	1	1	5	1030
1.21248	1	1	5	1030
1.21252	1	1	5	1030
1.21256	1	1	5	1030
1.2126	1	1	5	1030
1.21264	1	1	5	1030
1.21268	1	1	5	1030
1.21272	1	1	5	1030
1.21276	1	1	5	1030
1.2128	1	1	5	1030
1.21284	1	1	5	1030
1.21288	1	1	5	1030
1.21292	1	1	5	1030
1.21296	1	1	5	1030
1.213	1	1	5	1030
1.21304	1	1	5	1030
1.21308	1	1	5	1030
1.21312	1	1	5	1030
1.21316	1	1	5	1030
1.2132	1	1	5	1030
1.21324	1	1	5	1030
1.21328	1	1	5	1030
1.21332	1	1	5	1030
1.21336	1	1	5	1030
1.2134	1	1	5	1030
1.21344	1	1	5	1030
1.21348	1	1	5	1030
1.21352	1	1	5	1030
1.21356	1	1	5	1030
1.2136	1	1	5	1030
1.21364	1	1	5	1030
1.21368	1	1	5	1030
1.21372	1	1	5	1030
1.21376	1	1	5	1030
1.2138	1	1	5	1030
1.21384	1	1	5	1030
1.21388	1	1	5	1030
1.21392	1	1	5	1030
1.21396	1	1	5	1030
1.214	1	1	5	1030
1.21404	1	1	5	1030
1.21408	1	1	5	1030
1.21412	1	1	5	1030
1.21416	1	1	5	1030
1.2142	1	1	5	1030
1.21424	1	1	5	1030
1.21428	1	1	5	1030
1.21432	1	1	5	1030
1.21436	1	1	5	1030
1.2144	1	1	5	1030
1.21444	1	1	5	1030
1.21448	1	1	5	1030
1.21452	1	1	5	1030
1.21456	1	1	5	1030
1.2146	1	1	5	1030
1.21464	1	1	5	1030
1.21468	1	1	5	1030
1.21472	1	1	5	1030
1.21476	1	1	5	1030
1.2148	1	1	5	1030
1.21484	1	1	5	1030
1.21488	1	1	5	1030
1.21492	1	1	5	1030
1.21496	1	1	5	1030
1.215	1	1	5	1030
1.21504	1	1	5	1030
1.21508	1	1	5	1030
1.21512	1	1	5	1030
1.21516	1	1	5	1030
1.2152	1	1	5	1030
1.21524	1	1	5	1030
1.21528	1	1	5	1030
1.21532	1	1	5	1030
1.21536	1	1	5	1030
1.2154	1	1	5	1030
1.21544	1	1	5	1030
1.21548	1	1	5	1030
1.21552	1	1	5	1030
1.21556	1	1	5	1030
1.2156	1	1	5	1030
1.21564	1	1	5	1030
1.21568	1	1	5	1030
1.21572	1	1	5	1030
1.21576	1	1	5	1030
1.2158	1	1	5	1030
1.21584	1	1	5	1030
1.21588	1	1	5	1030
1.21592	1	1	5	1030
1.21596	1	1	5	1030
1.216	1	1	5	1030
1.21604	1	1	5	1030
1.21608	1	1	5	1030
1.21612	1	1	5	1030
1.21616	1	1	5	1030
1.2162	1	1	5	1030
1.21624	1	1	5	1030
1.21628	1	1	5	1030
1.21632	1	1	5	1030
1.21636	1	1	5	1030
1.2164	1	1	5	1030
1.21644	1	1	5	1030
1.21648	1	1	5	1030
1.21652	1	1	5	1030
1.21656	1	1	5	1030
1.2166	1	1	5	1030
1.21664	1	1	5	1030
1.21668	1	1	5	1030
1.21672	1	1	5	1030
1.21676	1	1	5	1030
1.2168	1	1	5	1030
1.21684	1	1	5	1030
1.21688	1	1	5	1030
1.21692	1	1	5	1030
1.21696	1	1	5	1030
1.217	1	1	5	1030
1.21704	1	1	5	1030
1.21708	1	1	5	1030
1.21712	1	1	5	1030
1.21716	1	1	5	1030
1.2172	1	1	5	1030
1.21724	1	1	5	1030
1.21728	1	1	5	1030
1.21732	1	1	5	1030
1.21736	1	1	5	1030
1.2174	1	1	5	1030
1.21744	1	1	5	1030
1.21748	1	1	5	1030
1.21752	1	1	5	1030
1.21756	1	1	5	1030
1.2176	1	1	5	1030
1.21764	1	1	5	1030
1.21768	1	1	5	1030
1.21772	1	1	5	1030
1.21776	1	1	5	1030
1.2178	1	1	5	1030
1.21784	1	1	5	1030
1.21788	1	1	5	1030
1.21792	1	1	5	1030
1.21796	1	1	5	1030
1.218	1	1	5	1030
1.21804	1	1	5	1030
1.21808	1	1	5	1030
1.21812	1	1	5	1030
1.21816	1	1	5	1030
1.2182	1	1	5	1030
1.21824	1	1	5	1030
1.21828	1	1	5	1030
1.21832	1	1	5	1030
1.21836	1	1	5	1030
1.2184	1	1	5	1030
1.21844	1	1	5	1030
1.21848	1	1	5	1030
1.21852	1	1	5	1030
1.21856	1	1	5	1030
1.2186	1	1	5	1030
1.21864	1	1	5	1030
1.21868	1	1	5	1030
1.21872	1	1	5	1030
1.21876	1	1	5	1030
1.2188	1	1	5	1030
1.21884	1	1	5	1030
1.21888	1	1	5	1030
1.21892	1	1	5	1030
1.21896	1	1	5	1030
1.219	1	1	5	1030
1.21904	1	1	5	1030
1.21908	1	1	5	1030
1.21912	1	1	5	1030
1.21916	1	1	5	1030
1.2192	1	1	5	1030
1.21924	1	1	5	1030
1.21928	1	1	5	1030
1.21932	1	1	5	1030
1.21936	1	1	5	1030
1.2194	1	1	5	1030
1.21944	1	1	5	1030
1.21948	1	1	5	1030
1.21952	1	1	5	1030
1.21956	1	1	5	1030
1.2196	1	1	5	1030
1.21964	1	1	5	1030
1.21968	1	1	5	1030
1.21972	1	1	5	1030
1.21976	1	1	5	1030
1.2198	1	1	5	1030
1.21984	1	1	5	1030
1.21988	1	1	5	1030
1.21992	1	1	5	1030
1.21996	1	1	5	1030
1.22	1	1	5	1030
1.22004	1	1	5	1030
1.22008	1	1	5	1030
1.22012	1	1	5	1030
1.22016	1	1	5	1030
1.2202	1	1	5	1030
1.22024	1	1	5	1030
1.22028	1	1	5	1030
1.22032	1	1	5	1030
1.22036	1	1	5	1030
1.2204	1	1	5	1030
1.22044	1	1	5	1030
1.22048	1	1	5	1030
1.22052	1	1	5	1030
1.22056	1	1	5	1030
1.2206	1	1	5	1030
1.22064	1	1	5	1030
1.22068	1	1	5	1030
1.22072	1	1	5	1030
1.22076	1	1	5	1030
1.2208	1	1	5	1030
1.22084	1	1	5	1030
1.22088	1	1	5	1030
1.22092	1	1	5	1030
1.22096	1	1	5	1030
1.221	1	1	5	1030
1.22104	1	1	5	1030
1.22108	1	1	5	1030
1.22112	1	1	5	1030
1.22116	1	1	5	1030
1.2212	1	1	5	1030
1.22124	1	1	5	1030
1.22128	1	1	5	1030
1.22132	1	1	5	1030
1.22136	1	1	5	1030
1.2214	1	1	5	1030
1.22144	1	1	5	1030
1.22148	1	1	5	1030
1.22152	1	1	5	1030
1.22156	1	1	5	1030
1.2216	1	1	5	1030
1.22164	1	1	5	1030
1.22168	1	1	5	1030
1.22172	1	1	5	1030
1.22176	1	1	5	1030
1.2218	1	1	5	1030
1.22184	1	1	5	1030
1.22188	1	1	5	1030
1.22192	1	1	5	1030
1.22196	1	1	5	1030
1.222	1	1	5	1030
1.22204	1	1	5	1030
1.22208	1	1	5	1030
1.22212	1	1	5	1030
1.22216	1	1	5	1030
1.2222	1	1	5	1030
1.22224	1	1	5	1030
1.22228	1	1	5	1030
1.22232	1	1	5	1030
1.22236	1	1	5	1030
1.2224	1	1	5	1030
1.22244	1	1	5	1030
1.22248	1	1	5	1030
1.22252	1	1	5	1030
1.22256	1	1	5	1030
1.2226	1	1	5	1030
1.22264	1	1	5	1030
1.22268	1	1	5	1030
1.22272	1	1	5	1030
1.22276	1	1	5	1030
1.2228	1	1	5	1030
1.22284	1	1	5	1030
1.22288	1	1	5	1030
1.22292	1	1	5	1030
1.22296	1	1	5	1030
1.223	1	1	5	1030
1.22304	1	1	5	1030
1.22308	1	1	5	1030
1.22312	1	1	5	1030
1.22316	1	1	5	1030
1.2232	1	1	5	1030
1.22324	1	1	5	1030
1.22328	1	1	5	1030
1.22332	1	1	5	1030
1.22336	1	1	5	1030
1.2234	1	1	5	1030
1.22344	1	1	5	1030
1.22348	1	1	5	1030
1.22352	1	1	5	1030
1.22356	1	1	5	1030
1.2236	1	1	5	1030
1.22364	1	1	5	1030
1.22368	1	1	5	1030
1.22372	1	1	5	1030
1.22376	1	1	5	1030
1.2238	1	1	5	1030
1.22384	1	1	5	1030
1.22388	1	1	5	1030
1.22392	1	1	5	1030
1.22396	1	1	5	1030
1.224	1	1	5	1030
1.22404	1	1	5	1030
1.22408	1	1	5	1030
1.22412	1	1	5	1030
1.22416	1	1	5	1030
1.2242	1	1	5	1030
1.22424	1	1	5	1030
1.22428	1	1	5	1030
1.22432	1	1	5	1030
1.22436	1	1	5	1030
1.2244	1	1	5	1030
1.22444	1	1	5	1030
1.22448	1	1	5	1030
1.22452	1	1	5	1030
1.22456	1	1	5	1030
1.2246	1	1	5	1030
1.22464	1	1	5	1030
1.22468	1	1	5	1030
1.22472	1	1	5	1030
1.22476	1	1	5	1030
1.2248	1	1	5	1030
1.22484	1	1	5	1030
1.22488	1	1	5	1030
1.22492	1	1	5	1030
1.22496	1	1	5	1030
1.225	1	1	5	1030
1.22504	1	1	5	1030
1.22508	1	1	5	1030
1.22512	1	1	5	1030
1.22516	1	1	5	1030
1.2252	1	1	5	1030
1.22524	1	1	5	1030
1.22528	1	1	5	1030
1.22532	1	1	5	1030
1.22536	1	1	5	1030
1.2254	1	1	5	1030
1.22544	1	1	5	1030
1.22548	1	1	5	1030
1.22552	1	1	5	1030
1.22556	1	1	5	1030
1.2256	1	1	5	1030
1.22564	1	1	5	1030
1.22568	1	1	5	1030
1.22572	1	1	5	1030
1.22576	1	1	5	1030
1.2258	1	1	5	1030
1.22584	1	1	5	1030
1.22588	1	1	5	1030
1.22592	1	1	5	1030
1.22596	1	1	5	1030
1.226	1	1	5	1030
1.22604	1	1	5	1030
1.22608	1	1	5	1030
1.22612	1	1	5	1030
1.22616	1	1	5	1030
1.2262	1	1	5	1030
1.22624	1	1	5	1030
1.22628	1	1	5	1030
1.22632	1	1	5	1030
1.22636	1	1	5	1030
1.2264	1	1	5	1030
1.22644	1	1	5	1030
1.22648	1	1	5	1030
1.22652	1	1	5	1030
1.22656	1	1	5	1030
1.2266	1	1	5	1030
1.22664	1	1	5	1030
1.22668	1	1	5	1030
1.22672	1	1	5	1030
1.22676	1	1	5	1030
1.2268	1	1	5	1030
1.22684	1	1	5	1030
1.22688	1	1	5	1030
1.22692	1	1	5	1030
1.22696	1	1	5	1030
1.227	1	1	5	1030
1.22704	1	1	5	1030
1.22708	1	1	5	1030
1.22712	1	1	5	1030
1.22716	1	1	5	1030
1.2272	1	1	5	1030
1.22724	1	1	5	1030
1.22728	1	1	5	1030
1.22732	1	1	5	1030
1.22736	1	1	5	1030
1.2274	1	1	5	1030
1.22744	1	1	5	1030
1.22748	1	1	5	1030
1.22752	1	1	5	1030
1.22756	1	1	5	1030
1.2276	1	1	5	1030
1.22764	1	1	5	1030
1.22768	1	1	5	1030
1.22772	1	1	5	1030
1.22776	1	1	5	1030
1.2278	1	1	5	1030
1.22784	1	1	5	1030
1.22788	1	1	5	1030
1.22792	1	1	5	1030
1.22796	1	1	5	1030
1.228	1	1	5	1030
1.22804	1	1	5	1030
1.22808	1	1	5	1030
1.22812	1	1	5	1030
1.22816	1	1	5	1030
1.2282	1	1	5	1030
1.22824	1	1	5	1030
1.22828	1	1	5	1030
1.22832	1	1	5	1030
1.22836	1	1	5	1030
1.2284	1	1	5	1030
1.22844	1	1	5	1030
1.22848	1	1	5	1030
1.22852	1	1	5	1030
1.22856	1	1	5	1030
1.2286	1	1	5	1030
1.22864	1	1	5	1030
1.22868	1	1	5	1030
1.22872	1	1	5	1030
1.22876	1	1	5	1030
1.2288	1	1	5	1030
1.22884	1	1	5	1030
1.22888	1	1	5	1030
1.22892	1	1	5	1030
1.22896	1	1	5	1030
1.229	1	1	5	1030
1.22904	1	1	5	1030
1.22908	1	1	5	1030
1.22912	1	1	5	1030
1.22916	1	1	5	1030
1.2292	1	1	5	1030
1.22924	1	1	5	1030
1.22928	1	1	5	1030
1.22932	1	1	5	1030
1.22936	1	1	5	1030
1.2294	1	1	5	1030
1.22944	1	1	5	1030
1.22948	1	1	5	1030
1.22952	1	1	5	1030
1.22956	1	1	5	1030
1.2296	1	1	5	1030
1.22964	1	1	5	1030
1.22968	1	1	5	1030
1.22972	1	1	5	1030
1.22976	1	1	5	1030
1.2298	1	1	5	1030
1.22984	1	1	5	1030
1.22988	1	1	5	1030
1.22992	1	1	5	1030
1.22996	1	1	5	1030
1.23	1	1	5	1030
1.23004	1	1	5	1030
1.23008	1	1	5	1030
1.23012	1	1	5	1030
1.23016	1	1	5	1030
1.2302	1	1	5	1030
1.23024	1	1	5	1030
1.23028	1	1	5	1030
1.23032	1	1	5	1030
1.23036	1	1	5	1030
1.2304	1	1	5	1030
1.23044	1	1	5	1030
1.23048	1	1	5	1030
1.23052	1	1	5	1030
1.23056	1	1	5	1030
1.2306	1	1	5	1030
1.23064	1	1	5	1030
1.23068	1	1	5	1030
1.23072	1	1	5	1030
1.23076	1	1	5	1030
1.2308	1	1	5	1030
1.23084	1	1	5	1030
1.23088	1	1	5	1030
1.23092	1	1	5	1030
1.23096	1	1	5	1030
1.231	1	1	5	1030
1.23104	1	1	5	1030
1.23108	1	1	5	1030
1.23112	1	1	5	1030
1.23116	1	1	5	1030
1.2312	1	1	5	1030
1.23124	1	1	5	1030
1.23128	1	1	5	1030
1.23132	1	1	5	1030
1.23136	1	1	5	1030
1.2314	1	1	5	1030
1.23144	1	1	5	1030
1.23148	1	1	5	1030
1.23152	1	1	5	1030
1.23156	1	1	5	1030
1.2316	1	1	5	1030
1.23164	1	1	5	1030
1.23168	1	1	5	1030
1.23172	1	1	5	1030
1.23176	1	1	5	1030
1.2318	1	1	5	1030
1.23184	1	1	5	1030
1.23188	1	1	5	1030
1.23192	1	1	5	1030
1.23196	1	1	5	1030
1.232	1	1	5	1030
1.23204	1	1	5	1030
1.23208	1	1	5	1030
1.23212	1	1	5	1030
1.23216	1	1	5	1030
1.2322	1	1	5	1030
1.23224	1	1	5	1030
1.23228	1	1	5	1030
1.23232	1	1	5	1030
1.23236	1	1	5	1030
1.2324	1	1	5	1030
1.23244	1	1	5	1030
1.23248	1	1	5	1030
1.23252	1	1	5	1030
1.23256	1	1	5	1030
1.2326	1	1	5	1030
1.23264	1	1	5	1030
1.23268	1	1	5	1030
1.23272	1	1	5	1030
1.23276	1	1	5	1030
1.2328	1	1	5	1030
1.23284	1	1	5	1030
1.23288	1	1	5	1030
1.23292	1	1	5	1030
1.23296	1	1	5	1030
1.233	1	1	5	1030
1.23304	1	1	5	1030
1.23308	1	1	5	1030
1.23312	1	1	5	1030
1.23316	1	1	5	1030
1.2332	1	1	5	1030
1.23324	1	1	5	1030
1.23328	1	1	5	1030
1.23332	1	1	5	1030
1.23336	1	1	5	1030
1.2334	1	1	5	1030
1.23344	1	1	5	1030
1.23348	1	1	5	1030
1.23352	1	1	5	1030
1.23356	1	1	5	1030
1.2336	1	1	5	1030
1.23364	1	1	5	1030
1.23368	1	1	5	1030
1.23372	1	1	5	1030
1.23376	1	1	5	1030
1.2338	1	1	5	1030
1.23384	1	1	5	1030
1.23388	1	1	5	1030
1.23392	1	1	5	1030
1.23396	1	1	5	1030
1.234	1	1	5	1030
1.23404	1	1	5	1030
1.23408	1	1	5	1030
1.23412	1	1	5	1030
1.23416	1	1	5	1030
1.2342	1	1	5	1030
1.23424	1	1	5	1030
1.23428	1	1	5	1030
1.23432	1	1	5	1030
1.23436	1	1	5	1030
1.2344	1	1	5	1030
1.23444	1	1	5	1030
1.23448	1	1	5	1030
1.23452	1	1	5	1030
1.23456	1	1	5	1030
1.2346	1	1	5	1030
1.23464	1	1	5	1030
1.23468	1	1	5	1030
1.23472	1	1	5	1030
1.23476	1	1	5	1030
1.2348	1	1	5	1030
1.23484	1	1	5	1030
1.23488	1	1	5	1030
1.23492	1	1	5	1030
1.23496	1	1	5	1030
1.235	1	1	5	1030
1.23504	1	1	5	1030
1.23508	1	1	5	1030
1.23512	1	1	5	1030
1.23516	1	1	5	1030
1.2352	1	1	5	1030
1.23524	1	1	5	1030
1.23528	1	1	5	1030
1.23532	1	1	5	1030
1.23536	1	1	5	1030
1.2354	1	1	5	1030
1.23544	1	1	5	1030
1.23548	1	1	5	1030
1.23552	1	1	5	1030
1.23556	1	1	5	1030
1.2356	1	1	5	1030
1.23564	1	1	5	1030
1.23568	1	1	5	1030
1.23572	1	1	5	1030
1.23576	1	1	5	1030
1.2358	1	1	5	1030
1.23584	1	1	5	1030
1.23588	1	1	5	1030
1.23592	1	1	5	1030
1.23596	1	1	5	1030
1.236	1	1	5	1030
1.23604	1	1	5	1030
1.23608	1	1	5	1030
1.23612	1	1	5	1030
1.23616	1	1	5	1030
1.2362	1	1	5	1030
1.23624	1	1	5	1030
1.23628	1	1	5	1030
1.23632	1	1	5	1030
1.23636	1	1	5	1030
1.2364	1	1	5	1030
1.23644	1	1	5	1030
1.23648	1	1	5	1030
1.23652	1	1	5	1030
1.23656	1	1	5	1030
1.2366	1	1	5	1030
1.23664	1	1	5	1030
1.23668	1	1	5	1030
1.23672	1	1	5	1030
1.23676	1	1	5	1030
1.2368	1	1	5	1030
1.23684	1	1	5	1030
1.23688	1	1	5	1030
1.23692	1	1	5	1030
1.23696	1	1	5	1030
1.237	1	1	5	1030
1.23704	1	1	5	1030
1.23708	1	1	5	1030
1.23712	1	1	5	1030
1.23716	1	1	5	1030
1.2372	1	1	5	1030
1.23724	1	1	5	1030
1.23728	1	1	5	1030
1.23732	1	1	5	1030
1.23736	1	1	5	1030
1.2374	1	1	5	1030
1.23744	1	1	5	1030
1.23748	1	1	5	1030
1.23752	1	1	5	1030
1.23756	1	1	5	1030
1.2376	1	1	5	1030
1.23764	1	1	5	1030
1.23768	1	1	5	1030
1.23772	1	1	5	1030
1.23776	1	1	5	1030
1.2378	1	1	5	1030
1.23784	1	1	5	1030
1.23788	1	1	5	1030
1.23792	1	1	5	1030
1.23796	1	1	5	1030
1.238	1	1	5	1030
1.23804	1	1	5	1030
1.23808	1	1	5	1030
1.23812	1	1	5	1030
1.23816	1	1	5	1030
1.2382	1	1	5	1030
1.23824	1	1	5	1030
1.23828	1	1	5	1030
1.23832	1	1	5	1030
1.23836	1	1	5	1030
1.2384	1	1	5	1030
1.23844	1	1	5	1030
1.23848	1	1	5	1030
1.23852	1	1	5	1030
1.23856	1	1	5	1030
1.2386	1	1	5	1030
1.23864	1	1	5	1030
1.23868	1	1	5	1030
1.23872	1	1	5	1030
1.23876	1	1	5	1030
1.2388	1	1	5	1030
1.23884	1	1	5	1030
1.23888	1	1	5	1030
1.23892	1	1	5	1030
1.23896	1	1	5	1030
1.239	1	1	5	1030
1.23904	1	1	5	1030
1.23908	1	1	5	1030
1.23912	1	1	5	1030
1.23916	1	1	5	1030
1.2392	1	1	5	1030
1.23924	1	1	5	1030
1.23928	1	1	5	1030
1.23932	1	1	5	1030
1.23936	1	1	5	1030
1.2394	1	1	5	1030
1.23944	1	1	5	1030
1.23948	1	1	5	1030
1.23952	1	1	5	1030
1.23956	1	1	5	1030
1.2396	1	1	5	1030
1.23964	1	1	5	1030
1.23968	1	1	5	1030
1.23972	1	1	5	1030
1.23976	1	1	5	1030
1.2398	1	1	5	1030
1.23984	1	1	5	1030
1.23988	1	1	5	1030
1.23992	1	1	5	1030
1.23996	1	1	5	1030
1.24	1	1	5	1030
1.24004	1	1	5	1030
1.24008	1	1	5	1030
1.24012	1	1	5	1030
1.24016	1	1	5	1030
1.2402	1	1	5	1030
1.24024	1	1	5	1030
1.24028	1	1	5	1030
1.24032	1	1	5	1030
1.24036	1	1	5	1030
1.2404	1	1	5	1030
1.24044	1	1	5	1030
1.24048	1	1	5	1030
1.24052	1	1	5	1030
1.24056	1	1	5	1030
1.2406	1	1	5	1030
1.24064	1	1	5	1030
1.24068	1	1	5	1030
1.24072	1	1	5	1030
1.24076	1	1	5	1030
1.2408	1	1	5	1030
1.24084	1	1	5	1030
1.24088	1	1	5	1030
1.24092	1	1	5	1030
1.24096	1	1	5	1030
1.241	1	1	5	1030
1.24104	1	1	5	1030
1.24108	1	1	5	1030
1.24112	1	1	5	1030
1.24116	1	1	5	1030
1.2412	1	1	5	1030
1.24124	1	1	5	1030
1.24128	1	1	5	1030
1.24132	1	1	5	1030
1.24136	1	1	5	1030
1.2414	1	1	5	1030
1.24144	1	1	5	1030
1.24148	1	1	5	1030
1.24152	1	1	5	1030
1.24156	1	1	5	1030
1.2416	1	1	5	1030
1.24164	1	1	5	1030
1.24168	1	1	5	1030
1.24172	1	1	5	1030
1.24176	1	1	5	1030
1.2418	1	1	5	1030
1.24184	1	1	5	1030
1.24188	1	1	5	1030
1.24192	1	1	5	1030
1.24196	1	1	5	1030
1.242	1	1	5	1030
1.24204	1	1	5	1030
1.24208	1	1	5	1030
1.24212	1	1	5	1030
1.24216	1	1	5	1030
1.2422	1	1	5	1030
1.24224	1	1	5	1030
1.24228	1	1	5	1030
1.24232	1	1	5	1030
1.24236	1	1	5	1030
1.2424	1	1	5	1030
1.24244	1	1	5	1030
1.24248	1	1	5	1030
1.24252	1	1	5	1030
1.24256	1	1	5	1030
1.2426	1	1	5	1030
1.24264	1	1	5	1030
1.24268	1	1	5	1030
1.24272	1	1	5	1030
1.24276	1	1	5	1030
1.2428	1	1	5	1030
1.24284	1	1	5	1030
1.24288	1	1	5	1030
1.24292	1	1	5	1030
1.24296	1	1	5	1030
1.243	1	1	5	1030
1.24304	1	1	5	1030
1.24308	1	1	5	1030
1.24312	1	1	5	1030
1.24316	1	1	5	1030
1.2432	1	1	5	1030
1.24324	1	1	5	1030
1.24328	1	1	5	1030
1.24332	1	1	5	1030
1.24336	1	1	5	1030
1.2434	1	1	5	1030
1.24344	1	1	5	1030
1.24348	1	1	5	1030
1.24352	1	1	5	1030
1.24356	1	1	5	1030
1.2436	1	1	5	1030
1.24364	1	1	5	1030
1.24368	1	1	5	1030
1.24372	1	1	5	1030
1.24376	1	1	5	1030
1.2438	1	1	5	1030
1.24384	1	1	5	1030
1.24388	1	1	5	1030
1.24392	1	1	5	1030
1.24396	1	1	5	1030
1.244	1	1	5	1030
1.24404	1	1	5	1030
1.24408	1	1	5	1030
1.24412	1	1	5	1030
1.24416	1	1	5	1030
1.2442	1	1	5	1030
1.24424	1	1	5	1030
1.24428	1	1	5	1030
1.24432	1	1	5	1030
1.24436	1	1	5	1030
1.2444	1	1	5	1030
1.24444	1	1	5	1030
1.24448	1	1	5	1030
1.24452	1	1	5	1030
1.24456	1	1	5	1030
1.2446	1	1	5	1030
1.24464	1	1	5	1030
1.24468	1	1	5	1030
1.24472	1	1	5	1030
1.24476	1	1	5	1030
1.2448	1	1	5	1030
1.24484	1	1	5	1030
1.24488	1	1	5	1030
1.24492	1	1	5	1030
1.24496	1	1	5	1030
1.245	1	1	5	1030
1.24504	1	1	5	1030
1.24508	1	1	5	1030
1.24512	1	1	5	1030
1.24516	1	1	5	1030
1.2452	1	1	5	1030
1.24524	1	1	5	1030
1.24528	1	1	5	1030
1.24532	1	1	5	1030
1.24536	1	1	5	1030
1.2454	1	1	5	1030
1.24544	1	1	5	1030
1.24548	1	1	5	1030
1.24552	1	1	5	1030
1.24556	1	1	5	1030
1.2456	1	1	5	1030
1.24564	1	1	5	1030
1.24568	1	1	5	1030
1.24572	1	1	5	1030
1.24576	1	1	5	1030
1.2458	1	1	5	1030
1.24584	1	1	5	1030
1.24588	1	1	5	1030
1.24592	1	1	5	1030
1.24596	1	1	5	1030
1.246	1	1	5	1030
1.24604	1	1	5	1030
1.24608	1	1	5	1030
1.24612	1	1	5	1030
1.24616	1	1	5	1030
1.2462	1	1	5	1030
1.24624	1	1	5	1030
1.24628	1	1	5	1030
1.24632	1	1	5	1030
1.24636	1	1	5	1030
1.2464	1	1	5	1030
1.24644	1	1	5	1030
1.24648	1	1	5	1030
1.24652	1	1	5	1030
1.24656	1	1	5	1030
1.2466	1	1	5	1030
1.24664	1	1	5	1030
1.24668	1	1	5	1030
1.24672	1	1	5	1030
1.24676	1	1	5	1030
1.2468	1	1	5	1030
1.24684	1	1	5	1030
1.24688	1	1	5	1030
1.24692	1	1	5	1030
1.24696	1	1	5	1030
1.247	1	1	5	1030
1.24704	1	1	5	1030
1.24708	1	1	5	1030
1.24712	1	1	5	1030
1.24716	1	1	5	1030
1.2472	1	1	5	1030
1.24724	1	1	5	1030
1.24728	1	1	5	1030
1.24732	1	1	5	1030
1.24736	1	1	5	1030
1.2474	1	1	5	1030
1.24744	1	1	5	1030
1.24748	1	1	5	1030
1.24752	1	1	5	1030
1.24756	1	1	5	1030
1.2476	1	1	5	1030
1.24764	1	1	5	1030
1.24768	1	1	5	1030
1.24772	1	1	5	1030
1.24776	1	1	5	1030
1.2478	1	1	5	1030
1.24784	1	1	5	1030
1.24788	1	1	5	1030
1.24792	1	1	5	1030
1.24796	1	1	5	1030
1.248	1	1	5	1030
1.24804	1	1	5	1030
1.24808	1	1	5	1030
1.24812	1	1	5	1030
1.24816	1	1	5	1030
1.2482	1	1	5	1030
1.24824	1	1	5	1030
1.24828	1	1	5	1030
1.24832	1	1	5	1030
1.24836	1	1	5	1030
1.2484	1	1	5	1030
1.24844	1	1	5	1030
1.24848	1	1	5	1030
1.24852	1	1	5	1030
1.24856	1	1	5	1030
1.2486	1	1	5	1030
1.24864	1	1	5	1030
1.24868	1	1	5	1030
1.24872	1	1	5	1030
1.24876	1	1	5	1030
1.2488	1	1	5	1030
1.24884	1	1	5	1030
1.24888	1	1	5	1030
1.24892	1	1	5	1030
1.24896	1	1	5	1030
1.249	1	1	5	1030
1.24904	1	1	5	1030
1.24908	1	1	5	1030
1.24912	1	1	5	1030
1.24916	1	1	5	1030
1.2492	1	1	5	1030
1.24924	1	1	5	1030
1.24928	1	1	5	1030
1.24932	1	1	5	1030
1.24936	1	1	5	1030
1.2494	1	1	5	1030
1.24944	1	1	5	1030
1.24948	1	1	5	1030
1.24952	1	1	5	1030
1.24956	1	1	5	1030
1.2496	1	1	5	1030
1.24964	1	1	5	1030
1.24968	1	1	5	1030
1.24972	1	1	5	1030
1.24976	1	1	5	1030
1.2498	1	1	5	1030
1.24984	1	1	5	1030
1.24988	1	1	5	1030
1.24992	1	1	5	1030
1.24996	1	1	5	1030
1.25	1	1	5	1030
1.25004	1	1	5	1030
1.25008	1	1	5	1030
1.25012	1	1	5	1030
1.25016	1	1	5	1030
1.2502	1	1	5	1030
1.25024	1	1	5	1030
1.25028	1	1	5	1030
1.25032	1	1	5	1030
1.25036	1	1	5	1030
1.2504	1	1	5	1030
1.25044	1	1	5	1030
1.25048	1	1	5	1030
1.25052	1	1	5	1030
1.25056	1	1	5	1030
1.2506	1	1	5	1030
1.25064	1	1	5	1030
1.25068	1	1	5	1030
1.25072	1	1	5	1030
1.25076	1	1	5	1030
1.2508	1	1	5	1030
1.25084	1	1	5	1030
1.25088	1	1	5	1030
1.25092	1	1	5	1030
1.25096	1	1	5	1030
1.251	1	1	5	1030
1.25104	1	1	5	1030
1.25108	1	1	5	1030
1.25112	1	1	5	1030
1.25116	1	1	5	1030
1.2512	1	1	5	1030
1.25124	1	1	5	1030
1.25128	1	1	5	1030
1.25132	1	1	5	1030
1.25136	1	1	5	1030
1.2514	1	1	5	1030
1.25144	1	1	5	1030
1.25148	1	1	5	1030
1.25152	1	1	5	1030
1.25156	1	1	5	1030
1.2516	1	1	5	1030
1.25164	1	1	5	1030
1.25168	1	1	5	1030
1.25172	1	1	5	1030
1.25176	1	1	5	1030
1.2518	1	1	5	1030
1.25184	1	1	5	1030
1.25188	1	1	5	1030
1.25192	1	1	5	1030
1.25196	1	1	5	1030
1.252	1	1	5	1030
1.25204	1	1	5	1030
1.25208	1	1	5	1030
1.25212	1	1	5	1030
1.25216	1	1	5	1030
1.2522	1	1	5	1030
1.25224	1	1	5	1030
1.25228	1	1	5	1030
1.25232	1	1	5	1030
1.25236	1	1	5	1030
1.2524	1	1	5	1030
1.25244	1	1	5	1030
1.25248	1	1	5	1030
1.25252	1	1	5	1030
1.25256	1	1	5	1030
1.2526	1	1	5	1030
1.25264	1	1	5	1030
1.25268	1	1	5	1030
1.25272	1	1	5	1030
1.25276	1	1	5	1030
1.2528	1	1	5	1030
1.25284	1	1	5	1030
1.25288	1	1	5	1030
1.25292	1	1	5	1030
1.25296	1	1	5	1030
1.253	1	1	5	1030
1.25304	1	1	5	1030
1.25308	1	1	5	1030
1.25312	1	1	5	1030
1.25316	1	1	5	1030
1.2532	1	1	5	1030
1.25324	1	1	5	1030
1.25328	1	1	5	1030
1.25332	1	1	5	1030
1.25336	1	1	5	1030
1.2534	1	1	5	1030
1.25344	1	1	5	1030
1.25348	1	1	5	1030
1.25352	1	1	5	1030
1.25356	1	1	5	1030
1.2536	1	1	5	1030
1.25364	1	1	5	1030
1.25368	1	1	5	1030
1.25372	1	1	5	1030
1.25376	1	1	5	1030
1.2538	1	1	5	1030
1.25384	1	1	5	1030
1.25388	1	1	5	1030
1.25392	1	1	5	1030
1.25396	1	1	5	1030
1.254	1	1	5	1030
1.25404	1	1	5	1030
1.25408	1	1	5	1030
1.25412	1	1	5	1030
1.25416	1	1	5	1030
1.2542	1	1	5	1030
1.25424	1	1	5	1030
1.25428	1	1	5	1030
1.25432	1	1	5	1030
1.25436	1	1	5	1030
1.2544	1	1	5	1030
1.25444	1	1	5	1030
1.25448	1	1	5	1030
1.25452	1	1	5	1030
1.25456	1	1	5	1030
1.2546	1	1	5	1030
1.25464	1	1	5	1030
1.25468	1	1	5	1030
1.25472	1	1	5	1030
1.25476	1	1	5	1030
1.2548	1	1	5	1030
1.25484	1	1	5	1030
1.25488	1	1	5	1030
1.25492	1	1	5	1030
1.25496	1	1	5	1030
1.255	1	1	5	1030
1.25504	1	1	5	1030
1.25508	1	1	5	1030
1.25512	1	1	5	1030
1.25516	1	1	5	1030
1.2552	1	1	5	1030
1.25524	1	1	5	1030
1.25528	1	1	5	1030
1.25532	1	1	5	1030
1.25536	1	1	5	1030
1.2554	1	1	5	1030
1.25544	1	1	5	1030
1.25548	1	1	5	1030
1.25552	1	1	5	1030
1.25556	1	1	5	1030
1.2556	1	1	5	1030
1.25564	1	1	5	1030
1.25568	1	1	5	1030
1.25572	1	1	5	1030
1.25576	1	1	5	1030
1.2558	1	1	5	1030
1.25584	1	1	5	1030
1.25588	1	1	5	1030
1.25592	1	1	5	1030
1.25596	1	1	5	1030
1.256	1	1	5	1030
1.25604	1	1	5	1030
1.25608	1	1	5	1030
1.25612	1	1	5	1030
1.25616	1	1	5	1030
1.2562	1	1	5	1030
1.25624	1	1	5	1030
1.25628	1	1	5	1030
1.25632	1	1	5	1030
1.25636	1	1	5	1030
1.2564	1	1	5	1030
1.25644	1	1	5	1030
1.25648	1	1	5	1030
1.25652	1	1	5	1030
1.25656	1	1	5	1030
1.2566	1	1	5	1030
1.25664	1	1	5	1030
1.25668	1	1	5	1030
1.25672	1	1	5	1030
1.25676	1	1	5	1030
1.2568	1	1	5	1030
1.25684	1	1	5	1030
1.25688	1	1	5	1030
1.25692	1	1	5	1030
1.25696	1	1	5	1030
1.257	1	1	5	1030
1.25704	1	1	5	1030
1.25708	1	1	5	1030
1.25712	1	1	5	1030
1.25716	1	1	5	1030
1.2572	1	1	5	1030
1.25724	1	1	5	1030
1.25728	1	1	5	1030
1.25732	1	1	5	1030
1.25736	1	1	5	1030
1.2574	1	1	5	1030
1.25744	1	1	5	1030
1.25748	1	1	5	1030
1.25752	1	1	5	1030
1.25756	1	1	5	1030
1.2576	1	1	5	1030
1.25764	1	1	5	1030
1.25768	1	1	5	1030
1.25772	1	1	5	1030
1.25776	1	1	5	1030
1.2578	1	1	5	1030
1.25784	1	1	5	1030
1.25788	1	1	5	1030
1.25792	1	1	5	1030
1.25796	1	1	5	1030
1.258	1	1	5	1030
1.25804	1	1	5	1030
1.25808	1	1	5	1030
1.25812	1	1	5	1030
1.25816	1	1	5	1030
1.2582	1	1	5	1030
1.25824	1	1	5	1030
1.25828	1	1	5	1030
1.25832	1	1	5	1030
1.25836	1	1	5	1030
1.2584	1	1	5	1030
1.25844	1	1	5	1030
1.25848	1	1	5	1030
1.25852	1	1	5	1030
1.25856	1	1	5	1030
1.2586	1	1	5	1030
1.25864	1	1	5	1030
1.25868	1	1	5	1030
1.25872	1	1	5	1030
1.25876	1	1	5	1030
1.2588	1	1	5	1030
1.25884	1	1	5	1030
1.25888	1	1	5	1030
1.25892	1	1	5	1030
1.25896	1	1	5	1030
1.259	1	1	5	1030
1.25904	1	1	5	1030
1.25908	1	1	5	1030
1.25912	1	1	5	1030
1.25916	1	1	5	1030
1.2592	1	1	5	1030
1.25924	1	1	5	1030
1.25928	1	1	5	1030
1.25932	1	1	5	1030
1.25936	1	1	5	1030
1.2594	1	1	5	1030
1.25944	1	1	5	1030
1.25948	1	1	5	1030
1.25952	1	1	5	1030
1.25956	1	1	5	1030
1.2596	1	1	5	1030
1.25964	1	1	5	1030
1.25968	1	1	5	1030
1.25972	1	1	5	1030
1.25976	1	1	5	1030
1.2598	1	1	5	1030
1.25984	1	1	5	1030
1.25988	1	1	5	1030
1.25992	1	1	5	1030
1.25996	1	1	5	1030
1.26	1	1	5	1030
1.26004	1	1	5	1030
1.26008	1	1	5	1030
1.26012	1	1	5	1030
1.26016	1	1	5	1030
1.2602	1	1	5	1030
1.26024	1	1	5	1030
1.26028	1	1	5	1030
1.26032	1	1	5	1030
1.26036	1	1	5	1030
1.2604	1	1	5	1030
1.26044	1	1	5	1030
1.26048	1	1	5	1030
1.26052	1	1	5	1030
1.26056	1	1	5	1030
1.2606	1	1	5	1030
1.26064	1	1	5	1030
1.26068	1	1	5	1030
1.26072	1	1	5	1030
1.26076	1	1	5	1030
1.2608	1	1	5	1030
1.26084	1	1	5	1030
1.26088	1	1	5	1030
1.26092	1	1	5	1030
1.26096	1	1	5	1030
1.261	1	1	5	1030
1.26104	1	1	5	1030
1.26108	1	1	5	1030
1.26112	1	1	5	1030
1.26116	1	1	5	1030
1.2612	1	1	5	1030
1.26124	1	1	5	1030
1.26128	1	1	5	1030
1.26132	1	1	5	1030
1.26136	1	1	5	1030
1.2614	1	1	5	1030
1.26144	1	1	5	1030
1.26148	1	1	5	1030
1.26152	1	1	5	1030
1.26156	1	1	5	1030
1.2616	1	1	5	1030
1.26164	1	1	5	1030
1.26168	1	1	5	1030
1.26172	1	1	5	1030
1.26176	1	1	5	1030
1.2618	1	1	5	1030
1.26184	1	1	5	1030
1.26188	1	1	5	1030
1.26192	1	1	5	1030
1.26196	1	1	5	1030
1.262	1	1	5	1030
1.26204	1	1	5	1030
1.26208	1	1	5	1030
1.26212	1	1	5	1030
1.26216	1	1	5	1030
1.2622	1	1	5	1030
1.26224	1	1	5	1030
1.26228	1	1	5	1030
1.26232	1	1	5	1030
1.26236	1	1	5	1030
1.2624	1	1	5	1030
1.26244	1	1	5	1030
1.26248	1	1	5	1030
1.26252	1	1	5	1030
1.26256	1	1	5	1030
1.2626	1	1	5	1030
1.26264	1	1	5	1030
1.26268	1	1	5	1030
1.26272	1	1	5	1030
1.26276	1	1	5	1030
1.2628	1	1	5	1030
1.26284	1	1	5	1030
1.26288	1	1	5	1030
1.26292	1	1	5	1030
1.26296	1	1	5	1030
1.263	1	1	5	1030
1.26304	1	1	5	1030
1.26308	1	1	5	1030
1.26312	1	1	5	1030
1.26316	1	1	5	1030
1.2632	1	1	5	1030
1.26324	1	1	5	1030
1.26328	1	1	5	1030
1.26332	1	1	5	1030
1.26336	1	1	5	1030
1.2634	1	1	5	1030
1.26344	1	1	5	1030
1.26348	1	1	5	1030
1.26352	1	1	5	1030
1.26356	1	1	5	1030
1.2636	1	1	5	1030
1.26364	1	1	5	1030
1.26368	1	1	5	1030
1.26372	1	1	5	1030
1.26376	1	1	5	1030
1.2638	1	1	5	1030
1.26384	1	1	5	1030
1.26388	1	1	5	1030
1.26392	1	1	5	1030
1.26396	1	1	5	1030
1.264	1	1	5	1030
1.26404	1	1	5	1030
1.26408	1	1	5	1030
1.26412	1	1	5	1030
1.26416	1	1	5	1030
1.2642	1	1	5	1030
1.26424	1	1	5	1030
1.26428	1	1	5	1030
1.26432	1	1	5	1030
1.26436	1	1	5	1030
1.2644	1	1	5	1030
1.26444	1	1	5	1030
1.26448	1	1	5	1030
1.26452	1	1	5	1030
1.26456	1	1	5	1030
1.2646	1	1	5	1030
1.26464	1	1	5	1030
1.26468	1	1	5	1030
1.26472	1	1	5	1030
1.26476	1	1	5	1030
1.2648	1	1	5	1030
1.26484	1	1	5	1030
1.26488	1	1	5	1030
1.26492	1	1	5	1030
1.26496	1	1	5	1030
1.265	1	1	5	1030
1.26504	1	1	5	1030
1.26508	1	1	5	1030
1.26512	1	1	5	1030
1.26516	1	1	5	1030
1.2652	1	1	5	1030
1.26524	1	1	5	1030
1.26528	1	1	5	1030
1.26532	1	1	5	1030
1.26536	1	1	5	1030
1.2654	1	1	5	1030
1.26544	1	1	5	1030
1.26548	1	1	5	1030
1.26552	1	1	5	1030
1.26556	1	1	5	1030
1.2656	1	1	5	1030
1.26564	1	1	5	1030
1.26568	1	1	5	1030
1.26572	1	1	5	1030
1.26576	1	1	5	1030
1.2658	1	1	5	1030
1.26584	1	1	5	1030
1.26588	1	1	5	1030
1.26592	1	1	5	1030
1.26596	1	1	5	1030
1.266	1	1	5	1030
1.26604	1	1	5	1030
1.26608	1	1	5	1030
1.26612	1	1	5	1030
1.26616	1	1	5	1030
1.2662	1	1	5	1030
1.26624	1	1	5	1030
1.26628	1	1	5	1030
1.26632	1	1	5	1030
1.26636	1	1	5	1030
1.2664	1	1	5	1030
1.26644	1	1	5	1030
1.26648	1	1	5	1030
1.26652	1	1	5	1030
1.26656	1	1	5	1030
1.2666	1	1	5	1030
1.26664	1	1	5	1030
1.26668	1	1	5	1030
1.26672	1	1	5	1030
1.26676	1	1	5	1030
1.2668	1	1	5	1030
1.26684	1	1	5	1030
1.26688	1	1	5	1030
1.26692	1	1	5	1030
1.26696	1	1	5	1030
1.267	1	1	5	1030
1.26704	1	1	5	1030
1.26708	1	1	5	1030
1.26712	1	1	5	1030
1.26716	1	1	5	1030
1.2672	1	1	5	1030
1.26724	1	1	5	1030
1.26728	1	1	5	1030
1.26732	1	1	5	1030
1.26736	1	1	5	1030
1.2674	1	1	5	1030
1.26744	1	1	5	1030
1.26748	1	1	5	1030
1.26752	1	1	5	1030
1.26756	1	1	5	1030
1.2676	1	1	5	1030
1.26764	1	1	5	1030
1.26768	1	1	5	1030
1.26772	1	1	5	1030
1.26776	1	1	5	1030
1.2678	1	1	5	1030
1.26784	1	1	5	1030
1.26788	1	1	5	1030
1.26792	1	1	5	1030
1.26796	1	1	5	1030
1.268	1	1	5	1030
1.26804	1	1	5	1030
1.26808	1	1	5	1030
1.26812	1	1	5	1030
1.26816	1	1	5	1030
1.2682	1	1	5	1030
1.26824	1	1	5	1030
1.26828	1	1	5	1030
1.26832	1	1	5	1030
1.26836	1	1	5	1030
1.2684	1	1	5	1030
1.26844	1	1	5	1030
1.26848	1	1	5	1030
1.26852	1	1	5	1030
1.26856	1	1	5	1030
1.2686	1	1	5	1030
1.26864	1	1	5	1030
1.26868	1	1	5	1030
1.26872	1	1	5	1030
1.26876	1	1	5	1030
1.2688	1	1	5	1030
1.26884	1	1	5	1030
1.26888	1	1	5	1030
1.26892	1	1	5	1030
1.26896	1	1	5	1030
1.269	1	1	5	1030
1.26904	1	1	5	1030
1.26908	1	1	5	1030
1.26912	1	1	5	1030
1.26916	1	1	5	1030
1.2692	1	1	5	1030
1.26924	1	1	5	1030
1.26928	1	1	5	1030
1.26932	1	1	5	1030
1.26936	1	1	5	1030
1.2694	1	1	5	1030
1.26944	1	1	5	1030
1.26948	1	1	5	1030
1.26952	1	1	5	1030
1.26956	1	1	5	1030
1.2696	1	1	5	1030
1.26964	1	1	5	1030
1.26968	1	1	5	1030
1.26972	1	1	5	1030
1.26976	1	1	5	1030
1.2698	1	1	5	1030
1.26984	1	1	5	1030
1.26988	1	1	5	1030
1.26992	1	1	5	1030
1.26996	1	1	5	1030
1.27	1	1	5	1030
1.27004	1	1	5	1030
1.27008	1	1	5	1030
1.27012	1	1	5	1030
1.27016	1	1	5	1030
1.2702	1	1	5	1030
1.27024	1	1	5	1030
1.27028	1	1	5	1030
1.27032	1	1	5	1030
1.27036	1	1	5	1030
1.2704	1	1	5	1030
1.27044	1	1	5	1030
1.27048	1	1	5	1030
1.27052	1	1	5	1030
1.27056	1	1	5	1030
1.2706	1	1	5	1030
1.27064	1	1	5	1030
1.27068	1	1	5	1030
1.27072	1	1	5	1030
1.27076	1	1	5	1030
1.2708	1	1	5	1030
1.27084	1	1	5	1030
1.27088	1	1	5	1030
1.27092	1	1	5	1030
1.27096	1	1	5	1030
1.271	1	1	5	1030
1.27104	1	1	5	1030
1.27108	1	1	5	1030
1.27112	1	1	5	1030
1.27116	1	1	5	1030
1.2712	1	1	5	1030
1.27124	1	1	5	1030
1.27128	1	1	5	1030
1.27132	1	1	5	1030
1.27136	1	1	5	1030
1.2714	1	1	5	1030
1.27144	1	1	5	1030
1.27148	1	1	5	1030
1.27152	1	1	5	1030
1.27156	1	1	5	1030
1.2716	1	1	5	1030
1.27164	1	1	5	1030
1.27168	1	1	5	1030
1.27172	1	1	5	1030
1.27176	1	1	5	1030
1.2718	1	1	5	1030
1.27184	1	1	5	1030
1.27188	1	1	5	1030
1.27192	1	1	5	1030
1.27196	1	1	5	1030
1.272	1	1	5	1030
1.27204	1	1	5	1030
1.27208	1	1	5	1030
1.27212	1	1	5	1030
1.27216	1	1	5	1030
1.2722	1	1	5	1030
1.27224	1	1	5	1030
1.27228	1	1	5	1030
1.27232	1	1	5	1030
1.27236	1	1	5	1030
1.2724	1	1	5	1030
1.27244	1	1	5	1030
1.27248	1	1	5	1030
1.27252	1	1	5	1030
1.27256	1	1	5	1030
1.2726	1	1	5	1030
1.27264	1	1	5	1030
1.27268	1	1	5	1030
1.27272	1	1	5	1030
1.27276	1	1	5	1030
1.2728	1	1	5	1030
1.27284	1	1	5	1030
1.27288	1	1	5	1030
1.27292	1	1	5	1030
1.27296	1	1	5	1030
1.273	1	1	5	1030
1.27304	1	1	5	1030
1.27308	1	1	5	1030
1.27312	1	1	5	1030
1.27316	1	1	5	1030
1.2732	1	1	5	1030
1.27324	1	1	5	1030
1.27328	1	1	5	1030
1.27332	1	1	5	1030
1.27336	1	1	5	1030
1.2734	1	1	5	1030
1.27344	1	1	5	1030
1.27348	1	1	5	1030
1.27352	1	1	5	1030
1.27356	1	1	5	1030
1.2736	1	1	5	1030
1.27364	1	1	5	1030
1.27368	1	1	5	1030
1.27372	1	1	5	1030
1.27376	1	1	5	1030
1.2738	1	1	5	1030
1.27384	1	1	5	1030
1.27388	1	1	5	1030
1.27392	1	1	5	1030
1.27396	1	1	5	1030
1.274	1	1	5	1030
1.27404	1	1	5	1030
1.27408	1	1	5	1030
1.27412	1	1	5	1030
1.27416	1	1	5	1030
1.2742	1	1	5	1030
1.27424	1	1	5	1030
1.27428	1	1	5	1030
1.27432	1	1	5	1030
1.27436	1	1	5	1030
1.2744	1	1	5	1030
1.27444	1	1	5	1030
1.27448	1	1	5	1030
1.27452	1	1	5	1030
1.27456	1	1	5	1030
1.2746	1	1	5	1030
1.27464	1	1	5	1030
1.27468	1	1	5	1030
1.27472	1	1	5	1030
1.27476	1	1	5	1030
1.2748	1	1	5	1030
1.27484	1	1	5	1030
1.27488	1	1	5	1030
1.27492	1	1	5	1030
1.27496	1	1	5	1030
1.275	1	1	5	1030
1.27504	1	1	5	1030
1.27508	1	1	5	1030
1.27512	1	1	5	1030
1.27516	1	1	5	1030
1.2752	1	1	5	1030
1.27524	1	1	5	1030
1.27528	1	1	5	1030
1.27532	1	1	5	1030
1.27536	1	1	5	1030
1.2754	1	1	5	1030
1.27544	1	1	5	1030
1.27548	1	1	5	1030
1.27552	1	1	5	1030
1.27556	1	1	5	1030
1.2756	1	1	5	1030
1.27564	1	1	5	1030
1.27568	1	1	5	1030
1.27572	1	1	5	1030
1.27576	1	1	5	1030
1.2758	1	1	5	1030
1.27584	1	1	5	1030
1.27588	1	1	5	1030
1.27592	1	1	5	1030
1.27596	1	1	5	1030
1.276	1	1	5	1030
1.27604	1	1	5	1030
1.27608	1	1	5	1030
1.27612	1	1	5	1030
1.27616	1	1	5	1030
1.2762	1	1	5	1030
1.27624	1	1	5	1030
1.27628	1	1	5	1030
1.27632	1	1	5	1030
1.27636	1	1	5	1030
1.2764	1	1	5	1030
1.27644	1	1	5	1030
1.27648	1	1	5	1030
1.27652	1	1	5	1030
1.27656	1	1	5	1030
1.2766	1	1	5	1030
1.27664	1	1	5	1030
1.27668	1	1	5	1030
1.27672	1	1	5	1030
1.27676	1	1	5	1030
1.2768	1	1	5	1030
1.27684	1	1	5	1030
1.27688	1	1	5	1030
1.27692	1	1	5	1030
1.27696	1	1	5	1030
1.277	1	1	5	1030
1.27704	1	1	5	1030
1.27708	1	1	5	1030
1.27712	1	1	5	1030
1.27716	1	1	5	1030
1.2772	1	1	5	1030
1.27724	1	1	5	1030
1.27728	1	1	5	1030
1.27732	1	1	5	1030
1.27736	1	1	5	1030
1.2774	1	1	5	1030
1.27744	1	1	5	1030
1.27748	1	1	5	1030
1.27752	1	1	5	1030
1.27756	1	1	5	1030
1.2776	1	1	5	1030
1.27764	1	1	5	1030
1.27768	1	1	5	1030
1.27772	1	1	5	1030
1.27776	1	1	5	1030
1.2778	1	1	5	1030
1.27784	1	1	5	1030
1.27788	1	1	5	1030
1.27792	1	1	5	1030
1.27796	1	1	5	1030
1.278	1	1	5	1030
1.27804	1	1	5	1030
1.27808	1	1	5	1030
1.27812	1	1	5	1030
1.27816	1	1	5	1030
1.2782	1	1	5	1030
1.27824	1	1	5	1030
1.27828	1	1	5	1030
1.27832	1	1	5	1030
1.27836	1	1	5	1030
1.2784	1	1	5	1030
1.27844	1	1	5	1030
1.27848	1	1	5	1030
1.27852	1	1	5	1030
1.27856	1	1	5	1030
1.2786	1	1	5	1030
1.27864	1	1	5	1030
1.27868	1	1	5	1030
1.27872	1	1	5	1030
1.27876	1	1	5	1030
1.2788	1	1	5	1030
1.27884	1	1	5	1030
1.27888	1	1	5	1030
1.27892	1	1	5	1030
1.27896	1	1	5	1030
1.279	1	1	5	1030
1.27904	1	1	5	1030
1.27908	1	1	5	1030
1.27912	1	1	5	1030
1.27916	1	1	5	1030
1.2792	1	1	5	1030
1.27924	1	1	5	1030
1.27928	1	1	5	1030
1.27932	1	1	5	1030
1.27936	1	1	5	1030
1.2794	1	1	5	1030
1.27944	1	1	5	1030
1.27948	1	1	5	1030
1.27952	1	1	5	1030
1.27956	1	1	5	1030
1.2796	1	1	5	1030
1.27964	1	1	5	1030
1.27968	1	1	5	1030
1.27972	1	1	5	1030
1.27976	1	1	5	1030
1.2798	1	1	5	1030
1.27984	1	1	5	1030
1.27988	1	1	5	1030
1.27992	1	1	5	1030
1.27996	1	1	5	1030
1.28	1	1	5	1030
1.28004	1	1	5	1030
1.28008	1	1	5	1030
1.28012	1	1	5	1030
1.28016	1	1	5	1030
1.2802	1	1	5	1030
1.28024	1	1	5	1030
1.28028	1	1	5	1030
1.28032	1	1	5	1030
1.28036	1	1	5	1030
1.2804	1	1	5	1030
1.28044	1	1	5	1030
1.28048	1	1	5	1030
1.28052	1	1	5	1030
1.28056	1	1	5	1030
1.2806	1	1	5	1030
1.28064	1	1	5	1030
1.28068	1	1	5	1030
1.28072	1	1	5	1030
1.28076	1	1	5	1030
1.2808	1	1	5	1030
1.28084	1	1	5	1030
1.28088	1	1	5	1030
1.28092	1	1	5	1030
1.28096	1	1	5	1030
1.281	1	1	5	1030
1.28104	1	1	5	1030
1.28108	1	1	5	1030
1.28112	1	1	5	1030
1.28116	1	1	5	1030
1.2812	1	1	5	1030
1.28124	1	1	5	1030
1.28128	1	1	5	1030
1.28132	1	1	5	1030
1.28136	1	1	5	1030
1.2814	1	1	5	1030
1.28144	1	1	5	1030
1.28148	1	1	5	1030
1.28152	1	1	5	1030
1.28156	1	1	5	1030
1.2816	1	1	5	1030
1.28164	1	1	5	1030
1.28168	1	1	5	1030
1.28172	1	1	5	1030
1.28176	1	1	5	1030
1.2818	1	1	5	1030
1.28184	1	1	5	1030
1.28188	1	1	5	1030
1.28192	1	1	5	1030
1.28196	1	1	5	1030
1.282	1	1	5	1030
1.28204	1	1	5	1030
1.28208	1	1	5	1030
1.28212	1	1	5	1030
1.28216	1	1	5	1030
1.2822	1	1	5	1030
1.28224	1	1	5	1030
1.28228	1	1	5	1030
1.28232	1	1	5	1030
1.28236	1	1	5	1030
1.2824	1	1	5	1030
1.28244	1	1	5	1030
1.28248	1	1	5	1030
1.28252	1	1	5	1030
1.28256	1	1	5	1030
1.2826	1	1	5	1030
1.28264	1	1	5	1030
1.28268	1	1	5	1030
1.28272	1	1	5	1030
1.28276	1	1	5	1030
1.2828	1	1	5	1030
1.28284	1	1	5	1030
1.28288	1	1	5	1030
1.28292	1	1	5	1030
1.28296	1	1	5	1030
1.283	1	1	5	1030
1.28304	1	1	5	1030
1.28308	1	1	5	1030
1.28312	1	1	5	1030
1.28316	1	1	5	1030
1.2832	1	1	5	1030
1.28324	1	1	5	1030
1.28328	1	1	5	1030
1.28332	1	1	5	1030
1.28336	1	1	5	1030
1.2834	1	1	5	1030
1.28344	1	1	5	1030
1.28348	1	1	5	1030
1.28352	1	1	5	1030
1.28356	1	1	5	1030
1.2836	1	1	5	1030
1.28364	1	1	5	1030
1.28368	1	1	5	1030
1.28372	1	1	5	1030
1.28376	1	1	5	1030
1.2838	1	1	5	1030
1.28384	1	1	5	1030
1.28388	1	1	5	1030
1.28392	1	1	5	1030
1.28396	1	1	5	1030
1.284	1	1	5	1030
1.28404	1	1	5	1030
1.28408	1	1	5	1030
1.28412	1	1	5	1030
1.28416	1	1	5	1030
1.2842	1	1	5	1030
1.28424	1	1	5	1030
1.28428	1	1	5	1030
1.28432	1	1	5	1030
1.28436	1	1	5	1030
1.2844	1	1	5	1030
1.28444	1	1	5	1030
1.28448	1	1	5	1030
1.28452	1	1	5	1030
1.28456	1	1	5	1030
1.2846	1	1	5	1030
1.28464	1	1	5	1030
1.28468	1	1	5	1030
1.28472	1	1	5	1030
1.28476	1	1	5	1030
1.2848	1	1	5	1030
1.28484	1	1	5	1030
1.28488	1	1	5	1030
1.28492	1	1	5	1030
1.28496	1	1	5	1030
1.285	1	1	5	1030
1.28504	1	1	5	1030
1.28508	1	1	5	1030
1.28512	1	1	5	1030
1.28516	1	1	5	1030
1.2852	1	1	5	1030
1.28524	1	1	5	1030
1.28528	1	1	5	1030
1.28532	1	1	5	1030
1.28536	1	1	5	1030
1.2854	1	1	5	1030
1.28544	1	1	5	1030
1.28548	1	1	5	1030
1.28552	1	1	5	1030
1.28556	1	1	5	1030
1.2856	1	1	5	1030
1.28564	1	1	5	1030
1.28568	1	1	5	1030
1.28572	1	1	5	1030
1.28576	1	1	5	1030
1.2858	1	1	5	1030
1.28584	1	1	5	1030
1.28588	1	1	5	1030
1.28592	1	1	5	1030
1.28596	1	1	5	1030
1.286	1	1	5	1030
1.28604	1	1	5	1030
1.28608	1	1	5	1030
1.28612	1	1	5	1030
1.28616	1	1	5	1030
1.2862	1	1	5	1030
1.28624	1	1	5	1030
1.28628	1	1	5	1030
1.28632	1	1	5	1030
1.28636	1	1	5	1030
1.2864	1	1	5	1030
1.28644	1	1	5	1030
1.28648	1	1	5	1030
1.28652	1	1	5	1030
1.28656	1	1	5	1030
1.2866	1	1	5	1030
1.28664	1	1	5	1030
1.28668	1	1	5	1030
1.28672	1	1	5	1030
1.28676	1	1	5	1030
1.2868	1	1	5	1030
1.28684	1	1	5	1030
1.28688	1	1	5	1030
1.28692	1	1	5	1030
1.28696	1	1	5	1030
1.287	1	1	5	1030
1.28704	1	1	5	1030
1.28708	1	1	5	1030
1.28712	1	1	5	1030
1.28716	1	1	5	1030
1.2872	1	1	5	1030
1.28724	1	1	5	1030
1.28728	1	1	5	1030
1.28732	1	1	5	1030
1.28736	1	1	5	1030
1.2874	1	1	5	1030
1.28744	1	1	5	1030
1.28748	1	1	5	1030
1.28752	1	1	5	1030
1.28756	1	1	5	1030
1.2876	1	1	5	1030
1.28764	1	1	5	1030
1.28768	1	1	5	1030
1.28772	1	1	5	1030
1.28776	1	1	5	1030
1.2878	1	1	5	1030
1.28784	1	1	5	1030
1.28788	1	1	5	1030
1.28792	1	1	5	1030
1.28796	1	1	5	1030
1.288	1	1	5	1030
1.28804	1	1	5	1030
1.28808	1	1	5	1030
1.28812	1	1	5	1030
1.28816	1	1	5	1030
1.2882	1	1	5	1030
1.28824	1	1	5	1030
1.28828	1	1	5	1030
1.28832	1	1	5	1030
1.28836	1	1	5	1030
1.2884	1	1	5	1030
1.28844	1	1	5	1030
1.28848	1	1	5	1030
1.28852	1	1	5	1030
1.28856	1	1	5	1030
1.2886	1	1	5	1030
1.28864	1	1	5	1030
1.28868	1	1	5	1030
1.28872	1	1	5	1030
1.28876	1	1	5	1030
1.2888	1	1	5	1030
1.28884	1	1	5	1030
1.28888	1	1	5	1030
1.28892	1	1	5	1030
1.28896	1	1	5	1030
1.289	1	1	5	1030
1.28904	1	1	5	1030
1.28908	1	1	5	1030
1.28912	1	1	5	1030
1.28916	1	1	5	1030
1.2892	1	1	5	1030
1.28924	1	1	5	1030
1.28928	1	1	5	1030
1.28932	1	1	5	1030
1.28936	1	1	5	1030
1.2894	1	1	5	1030
1.28944	1	1	5	1030
1.28948	1	1	5	1030
1.28952	1	1	5	1030
1.28956	1	1	5	1030
1.2896	1	1	5	1030
1.28964	1	1	5	1030
1.28968	1	1	5	1030
1.28972	1	1	5	1030
1.28976	1	1	5	1030
1.2898	1	1	5	1030
1.28984	1	1	5	1030
1.28988	1	1	5	1030
1.28992	1	1	5	1030
1.28996	1	1	5	1030
1.29	1	1	5	1030
1.29004	1	1	5	1030
1.29008	1	1	5	1030
1.29012	1	1	5	1030
1.29016	1	1	5	1030
1.2902	1	1	5	1030
1.29024	1	1	5	1030
1.29028	1	1	5	1030
1.29032	1	1	5	1030
1.29036	1	1	5	1030
1.2904	1	1	5	1030
1.29044	1	1	5	1030
1.29048	1	1	5	1030
1.29052	1	1	5	1030
1.29056	1	1	5	1030
1.2906	1	1	5	1030
1.29064	1	1	5	1030
1.29068	1	1	5	1030
1.29072	1	1	5	1030
1.29076	1	1	5	1030
1.2908	1	1	5	1030
1.29084	1	1	5	1030
1.29088	1	1	5	1030
1.29092	1	1	5	1030
1.29096	1	1	5	1030
1.291	1	1	5	1030
1.29104	1	1	5	1030
1.29108	1	1	5	1030
1.29112	1	1	5	1030
1.29116	1	1	5	1030
1.2912	1	1	5	1030
1.29124	1	1	5	1030
1.29128	1	1	5	1030
1.29132	1	1	5	1030
1.29136	1	1	5	1030
1.2914	1	1	5	1030
1.29144	1	1	5	1030
1.29148	1	1	5	1030
1.29152	1	1	5	1030
1.29156	1	1	5	1030
1.2916	1	1	5	1030
1.29164	1	1	5	1030
1.29168	1	1	5	1030
1.29172	1	1	5	1030
1.29176	1	1	5	1030
1.2918	1	1	5	1030
1.29184	1	1	5	1030
1.29188	1	1	5	1030
1.29192	1	1	5	1030
1.29196	1	1	5	1030
1.292	1	1	5	1030
1.29204	1	1	5	1030
1.29208	1	1	5	1030
1.29212	1	1	5	1030
1.29216	1	1	5	1030
1.2922	1	1	5	1030
1.29224	1	1	5	1030
1.29228	1	1	5	1030
1.29232	1	1	5	1030
1.29236	1	1	5	1030
1.2924	1	1	5	1030
1.29244	1	1	5	1030
1.29248	1	1	5	1030
1.29252	1	1	5	1030
1.29256	1	1	5	1030
1.2926	1	1	5	1030
1.29264	1	1	5	1030
1.29268	1	1	5	1030
1.29272	1	1	5	1030
1.29276	1	1	5	1030
1.2928	1	1	5	1030
1.29284	1	1	5	1030
1.29288	1	1	5	1030
1.29292	1	1	5	1030
1.29296	1	1	5	1030
1.293	1	1	5	1030
1.29304	1	1	5	1030
1.29308	1	1	5	1030
1.29312	1	1	5	1030
1.29316	1	1	5	1030
1.2932	1	1	5	1030
1.29324	1	1	5	1030
1.29328	1	1	5	1030
1.29332	1	1	5	1030
1.29336	1	1	5	1030
1.2934	1	1	5	1030
1.29344	1	1	5	1030
1.29348	1	1	5	1030
1.29352	1	1	5	1030
1.29356	1	1	5	1030
1.2936	1	1	5	1030
1.29364	1	1	5	1030
1.29368	1	1	5	1030
1.29372	1	1	5	1030
1.29376	1	1	5	1030
1.2938	1	1	5	1030
1.29384	1	1	5	1030
1.29388	1	1	5	1030
1.29392	1	1	5	1030
1.29396	1	1	5	1030
1.294	1	1	5	1030
1.29404	1	1	5	1030
1.29408	1	1	5	1030
1.29412	1	1	5	1030
1.29416	1	1	5	1030
1.2942	1	1	5	1030
1.29424	1	1	5	1030
1.29428	1	1	5	1030
1.29432	1	1	5	1030
1.29436	1	1	5	1030
1.2944	1	1	5	1030
1.29444	1	1	5	1030
1.29448	1	1	5	1030
1.29452	1	1	5	1030
1.29456	1	1	5	1030
1.2946	1	1	5	1030
1.29464	1	1	5	1030
1.29468	1	1	5	1030
1.29472	1	1	5	1030
1.29476	1	1	5	1030
1.2948	1	1	5	1030
1.29484	1	1	5	1030
1.29488	1	1	5	1030
1.29492	1	1	5	1030
1.29496	1	1	5	1030
1.295	1	1	5	1030
1.29504	1	1	5	1030
1.29508	1	1	5	1030
1.29512	1	1	5	1030
1.29516	1	1	5	1030
1.2952	1	1	5	1030
1.29524	1	1	5	1030
1.29528	1	1	5	1030
1.29532	1	1	5	1030
1.29536	1	1	5	1030
1.2954	1	1	5	1030
1.29544	1	1	5	1030
1.29548	1	1	5	1030
1.29552	1	1	5	1030
1.29556	1	1	5	1030
1.2956	1	1	5	1030
1.29564	1	1	5	1030
1.29568	1	1	5	1030
1.29572	1	1	5	1030
1.29576	1	1	5	1030
1.2958	1	1	5	1030
1.29584	1	1	5	1030
1.29588	1	1	5	1030
1.29592	1	1	5	1030
1.29596	1	1	5	1030
1.296	1	1	5	1030
1.29604	1	1	5	1030
1.29608	1	1	5	1030
1.29612	1	1	5	1030
1.29616	1	1	5	1030
1.2962	1	1	5	1030
1.29624	1	1	5	1030
1.29628	1	1	5	1030
1.29632	1	1	5	1030
1.29636	1	1	5	1030
1.2964	1	1	5	1030
1.29644	1	1	5	1030
1.29648	1	1	5	1030
1.29652	1	1	5	1030
1.29656	1	1	5	1030
1.2966	1	1	5	1030
1.29664	1	1	5	1030
1.29668	1	1	5	1030
1.29672	1	1	5	1030
1.29676	1	1	5	1030
1.2968	1	1	5	1030
1.29684	1	1	5	1030
1.29688	1	1	5	1030
1.29692	1	1	5	1030
1.29696	1	1	5	1030
1.297	1	1	5	1030
1.29704	1	1	5	1030
1.29708	1	1	5	1030
1.29712	1	1	5	1030
1.29716	1	1	5	1030
1.2972	1	1	5	1030
1.29724	1	1	5	1030
1.29728	1	1	5	1030
1.29732	1	1	5	1030
1.29736	1	1	5	1030
1.2974	1	1	5	1030
1.29744	1	1	5	1030
1.29748	1	1	5	1030
1.29752	1	1	5	1030
1.29756	1	1	5	1030
1.2976	1	1	5	1030
1.29764	1	1	5	1030
1.29768	1	1	5	1030
1.29772	1	1	5	1030
1.29776	1	1	5	1030
1.2978	1	1	5	1030
1.29784	1	1	5	1030
1.29788	1	1	5	1030
1.29792	1	1	5	1030
1.29796	1	1	5	1030
1.298	1	1	5	1030
1.29804	1	1	5	1030
1.29808	1	1	5	1030
1.29812	1	1	5	1030
1.29816	1	1	5	1030
1.2982	1	1	5	1030
1.29824	1	1	5	1030
1.29828	1	1	5	1030
1.29832	1	1	5	1030
1.29836	1	1	5	1030
1.2984	1	1	5	1030
1.29844	1	1	5	1030
1.29848	1	1	5	1030
1.29852	1	1	5	1030
1.29856	1	1	5	1030
1.2986	1	1	5	1030
1.29864	1	1	5	1030
1.29868	1	1	5	1030
1.29872	1	1	5	1030
1.29876	1	1	5	1030
1.2988	1	1	5	1030
1.29884	1	1	5	1030
1.29888	1	1	5	1030
1.29892	1	1	5	1030
1.29896	1	1	5	1030
1.299	1	1	5	1030
1.29904	1	1	5	1030
1.29908	1	1	5	1030
1.29912	1	1	5	1030
1.29916	1	1	5	1030
1.2992	1	1	5	1030
1.29924	1	1	5	1030
1.29928	1	1	5	1030
1.29932	1	1	5	1030
1.29936	1	1	5	1030
1.2994	1	1	5	1030
1.29944	1	1	5	1030
1.29948	1	1	5	1030
1.29952	1	1	5	1030
1.29956	1	1	5	1030
1.2996	1	1	5	1030
1.29964	1	1	5	1030
1.29968	1	1	5	1030
1.29972	1	1	5	1030
1.29976	1	1	5	1030
1.2998	1	1	5	1030
1.29984	1	1	5	1030
1.29988	1	1	5	1030
1.29992	1	1	5	1030
1.29996	1	1	5	1030
1.3	1	1	5	1030
1.30004	1	1	5	1030
1.30008	1	1	5	1030
1.30012	1	1	5	1030
1.30016	1	1	5	1030
1.3002	1	1	5	1030
1.30024	1	1	5	1030
1.30028	1	1	5	1030
1.30032	1	1	5	1030
1.30036	1	1	5	1030
1.3004	1	1	5	1030
1.30044	1	1	5	1030
1.30048	1	1	5	1030
1.30052	1	1	5	1030
1.30056	1	1	5	1030
1.3006	1	1	5	1030
1.30064	1	1	5	1030
1.30068	1	1	5	1030
1.30072	1	1	5	1030
1.30076	1	1	5	1030
1.3008	1	1	5	1030
1.30084	1	1	5	1030
1.30088	1	1	5	1030
1.30092	1	1	5	1030
1.30096	1	1	5	1030
1.301	1	1	5	1030
1.30104	1	1	5	1030
1.30108	1	1	5	1030
1.30112	1	1	5	1030
1.30116	1	1	5	1030
1.3012	1	1	5	1030
1.30124	1	1	5	1030
1.30128	1	1	5	1030
1.30132	1	1	5	1030
1.30136	1	1	5	1030
1.3014	1	1	5	1030
1.30144	1	1	5	1030
1.30148	1	1	5	1030
1.30152	1	1	5	1030
1.30156	1	1	5	1030
1.3016	1	1	5	1030
1.30164	1	1	5	1030
1.30168	1	1	5	1030
1.30172	1	1	5	1030
1.30176	1	1	5	1030
1.3018	1	1	5	1030
1.30184	1	1	5	1030
1.30188	1	1	5	1030
1.30192	1	1	5	1030
1.30196	1	1	5	1030
1.302	1	1	5	1030
1.30204	1	1	5	1030
1.30208	1	1	5	1030
1.30212	1	1	5	1030
1.30216	1	1	5	1030
1.3022	1	1	5	1030
1.30224	1	1	5	1030
1.30228	1	1	5	1030
1.30232	1	1	5	1030
1.30236	1	1	5	1030
1.3024	1	1	5	1030
1.30244	1	1	5	1030
1.30248	1	1	5	1030
1.30252	1	1	5	1030
1.30256	1	1	5	1030
1.3026	1	1	5	1030
1.30264	1	1	5	1030
1.30268	1	1	5	1030
1.30272	1	1	5	1030
1.30276	1	1	5	1030
1.3028	1	1	5	1030
1.30284	1	1	5	1030
1.30288	1	1	5	1030
1.30292	1	1	5	1030
1.30296	1	1	5	1030
1.303	1	1	5	1030
1.30304	1	1	5	1030
1.30308	1	1	5	1030
1.30312	1	1	5	1030
1.30316	1	1	5	1030
1.3032	1	1	5	1030
1.30324	1	1	5	1030
1.30328	1	1	5	1030
1.30332	1	1	5	1030
1.30336	1	1	5	1030
1.3034	1	1	5	1030
1.30344	1	1	5	1030
1.30348	1	1	5	1030
1.30352	1	1	5	1030
1.30356	1	1	5	1030
1.3036	1	1	5	1030
1.30364	1	1	5	1030
1.30368	1	1	5	1030
1.30372	1	1	5	1030
1.30376	1	1	5	1030
1.3038	1	1	5	1030
1.30384	1	1	5	1030
1.30388	1	1	5	1030
1.30392	1	1	5	1030
1.30396	1	1	5	1030
1.304	1	1	5	1030
1.30404	1	1	5	1030
1.30408	1	1	5	1030
1.30412	1	1	5	1030
1.30416	1	1	5	1030
1.3042	1	1	5	1030
1.30424	1	1	5	1030
1.30428	1	1	5	1030
1.30432	1	1	5	1030
1.30436	1	1	5	1030
1.3044	1	1	5	1030
1.30444	1	1	5	1030
1.30448	1	1	5	1030
1.30452	1	1	5	1030
1.30456	1	1	5	1030
1.3046	1	1	5	1030
1.30464	1	1	5	1030
1.30468	1	1	5	1030
1.30472	1	1	5	1030
1.30476	1	1	5	1030
1.3048	1	1	5	1030
1.30484	1	1	5	1030
1.30488	1	1	5	1030
1.30492	1	1	5	1030
1.30496	1	1	5	1030
1.305	1	1	5	1030
1.30504	1	1	5	1030
1.30508	1	1	5	1030
1.30512	1	1	5	1030
1.30516	1	1	5	1030
1.3052	1	1	5	1030
1.30524	1	1	5	1030
1.30528	1	1	5	1030
1.30532	1	1	5	1030
1.30536	1	1	5	1030
1.3054	1	1	5	1030
1.30544	1	1	5	1030
1.30548	1	1	5	1030
1.30552	1	1	5	1030
1.30556	1	1	5	1030
1.3056	1	1	5	1030
1.30564	1	1	5	1030
1.30568	1	1	5	1030
1.30572	1	1	5	1030
1.30576	1	1	5	1030
1.3058	1	1	5	1030
1.30584	1	1	5	1030
1.30588	1	1	5	1030
1.30592	1	1	5	1030
1.30596	1	1	5	1030
1.306	1	1	5	1030
1.30604	1	1	5	1030
1.30608	1	1	5	1030
1.30612	1	1	5	1030
1.30616	1	1	5	1030
1.3062	1	1	5	1030
1.30624	1	1	5	1030
1.30628	1	1	5	1030
1.30632	1	1	5	1030
1.30636	1	1	5	1030
1.3064	1	1	5	1030
1.30644	1	1	5	1030
1.30648	1	1	5	1030
1.30652	1	1	5	1030
1.30656	1	1	5	1030
1.3066	1	1	5	1030
1.30664	1	1	5	1030
1.30668	1	1	5	1030
1.30672	1	1	5	1030
1.30676	1	1	5	1030
1.3068	1	1	5	1030
1.30684	1	1	5	1030
1.30688	1	1	5	1030
1.30692	1	1	5	1030
1.30696	1	1	5	1030
1.307	1	1	5	1030
1.30704	1	1	5	1030
1.30708	1	1	5	1030
1.30712	1	1	5	1030
1.30716	1	1	5	1030
1.3072	1	1	5	1030
1.30724	1	1	5	1030
1.30728	1	1	5	1030
1.30732	1	1	5	1030
1.30736	1	1	5	1030
1.3074	1	1	5	1030
1.30744	1	1	5	1030
1.30748	1	1	5	1030
1.30752	1	1	5	1030
1.30756	1	1	5	1030
1.3076	1	1	5	1030
1.30764	1	1	5	1030
1.30768	1	1	5	1030
1.30772	1	1	5	1030
1.30776	1	1	5	1030
1.3078	1	1	5	1030
1.30784	1	1	5	1030
1.30788	1	1	5	1030
1.30792	1	1	5	1030
1.30796	1	1	5	1030
1.308	1	1	5	1030
1.30804	1	1	5	1030
1.30808	1	1	5	1030
1.30812	1	1	5	1030
1.30816	1	1	5	1030
1.3082	1	1	5	1030
1.30824	1	1	5	1030
1.30828	1	1	5	1030
1.30832	1	1	5	1030
1.30836	1	1	5	1030
1.3084	1	1	5	1030
1.30844	1	1	5	1030
1.30848	1	1	5	1030
1.30852	1	1	5	1030
1.30856	1	1	5	1030
1.3086	1	1	5	1030
1.30864	1	1	5	1030
1.30868	1	1	5	1030
1.30872	1	1	5	1030
1.30876	1	1	5	1030
1.3088	1	1	5	1030
1.30884	1	1	5	1030
1.30888	1	1	5	1030
1.30892	1	1	5	1030
1.30896	1	1	5	1030
1.309	1	1	5	1030
1.30904	1	1	5	1030
1.30908	1	1	5	1030
1.30912	1	1	5	1030
1.30916	1	1	5	1030
1.3092	1	1	5	1030
1.30924	1	1	5	1030
1.30928	1	1	5	1030
1.30932	1	1	5	1030
1.30936	1	1	5	1030
1.3094	1	1	5	1030
1.30944	1	1	5	1030
1.30948	1	1	5	1030
1.30952	1	1	5	1030
1.30956	1	1	5	1030
1.3096	1	1	5	1030
1.30964	1	1	5	1030
1.30968	1	1	5	1030
1.30972	1	1	5	1030
1.30976	1	1	5	1030
1.3098	1	1	5	1030
1.30984	1	1	5	1030
1.30988	1	1	5	1030
1.30992	1	1	5	1030
1.30996	1	1	5	1030
1.31	1	1	5	1030
1.31004	1	1	5	1030
1.31008	1	1	5	1030
1.31012	1	1	5	1030
1.31016	1	1	5	1030
1.3102	1	1	5	1030
1.31024	1	1	5	1030
1.31028	1	1	5	1030
1.31032	1	1	5	1030
1.31036	1	1	5	1030
1.3104	1	1	5	1030
1.31044	1	1	5	1030
1.31048	1	1	5	1030
1.31052	1	1	5	1030
1.31056	1	1	5	1030
1.3106	1	1	5	1030
1.31064	1	1	5	1030
1.31068	1	1	5	1030
1.31072	1	1	5	1030
1.31076	1	1	5	1030
1.3108	1	1	5	1030
1.31084	1	1	5	1030
1.31088	1	1	5	1030
1.31092	1	1	5	1030
1.31096	1	1	5	1030
1.311	1	1	5	1030
1.31104	1	1	5	1030
1.31108	1	1	5	1030
1.31112	1	1	5	1030
1.31116	1	1	5	1030
1.3112	1	1	5	1030
1.31124	1	1	5	1030
1.31128	1	1	5	1030
1.31132	1	1	5	1030
1.31136	1	1	5	1030
1.3114	1	1	5	1030
1.31144	1	1	5	1030
1.31148	1	1	5	1030
1.31152	1	1	5	1030
1.31156	1	1	5	1030
1.3116	1	1	5	1030
1.31164	1	1	5	1030
1.31168	1	1	5	1030
1.31172	1	1	5	1030
1.31176	1	1	5	1030
1.3118	1	1	5	1030
1.31184	1	1	5	1030
1.31188	1	1	5	1030
1.31192	1	1	5	1030
1.31196	1	1	5	1030
1.312	1	1	5	1030
1.31204	1	1	5	1030
1.31208	1	1	5	1030
1.31212	1	1	5	1030
1.31216	1	1	5	1030
1.3122	1	1	5	1030
1.31224	1	1	5	1030
1.31228	1	1	5	1030
1.31232	1	1	5	1030
1.31236	1	1	5	1030
1.3124	1	1	5	1030
1.31244	1	1	5	1030
1.31248	1	1	5	1030
1.31252	1	1	5	1030
1.31256	1	1	5	1030
1.3126	1	1	5	1030
1.31264	1	1	5	1030
1.31268	1	1	5	1030
1.31272	1	1	5	1030
1.31276	1	1	5	1030
1.3128	1	1	5	1030
1.31284	1	1	5	1030
1.31288	1	1	5	1030
1.31292	1	1	5	1030
1.31296	1	1	5	1030
1.313	1	1	5	1030
1.31304	1	1	5	1030
1.31308	1	1	5	1030
1.31312	1	1	5	1030
1.31316	1	1	5	1030
1.3132	1	1	5	1030
1.31324	1	1	5	1030
1.31328	1	1	5	1030
1.31332	1	1	5	1030
1.31336	1	1	5	1030
1.3134	1	1	5	1030
1.31344	1	1	5	1030
1.31348	1	1	5	1030
1.31352	1	1	5	1030
1.31356	1	1	5	1030
1.3136	1	1	5	1030
1.31364	1	1	5	1030
1.31368	1	1	5	1030
1.31372	1	1	5	1030
1.31376	1	1	5	1030
1.3138	1	1	5	1030
1.31384	1	1	5	1030
1.31388	1	1	5	1030
1.31392	1	1	5	1030
1.31396	1	1	5	1030
1.314	1	1	5	1030
1.31404	1	1	5	1030
1.31408	1	1	5	1030
1.31412	1	1	5	1030
1.31416	1	1	5	1030
1.3142	1	1	5	1030
1.31424	1	1	5	1030
1.31428	1	1	5	1030
1.31432	1	1	5	1030
1.31436	1	1	5	1030
1.3144	1	1	5	1030
1.31444	1	1	5	1030
1.31448	1	1	5	1030
1.31452	1	1	5	1030
1.31456	1	1	5	1030
1.3146	1	1	5	1030
1.31464	1	1	5	1030
1.31468	1	1	5	1030
1.31472	1	1	5	1030
1.31476	1	1	5	1030
1.3148	1	1	5	1030
1.31484	1	1	5	1030
1.31488	1	1	5	1030
1.31492	1	1	5	1030
1.31496	1	1	5	1030
1.315	1	1	5	1030
1.31504	1	1	5	1030
1.31508	1	1	5	1030
1.31512	1	1	5	1030
1.31516	1	1	5	1030
1.3152	1	1	5	1030
1.31524	1	1	5	1030
1.31528	1	1	5	1030
1.31532	1	1	5	1030
1.31536	1	1	5	1030
1.3154	1	1	5	1030
1.31544	1	1	5	1030
1.31548	1	1	5	1030
1.31552	1	1	5	1030
1.31556	1	1	5	1030
1.3156	1	1	5	1030
1.31564	1	1	5	1030
1.31568	1	1	5	1030
1.31572	1	1	5	1030
1.31576	1	1	5	1030
1.3158	1	1	5	1030
1.31584	1	1	5	1030
1.31588	1	1	5	1030
1.31592	1	1	5	1030
1.31596	1	1	5	1030
1.316	1	1	5	1030
1.31604	1	1	5	1030
1.31608	1	1	5	1030
1.31612	1	1	5	1030
1.31616	1	1	5	1030
1.3162	1	1	5	1030
1.31624	1	1	5	1030
1.31628	1	1	5	1030
1.31632	1	1	5	1030
1.31636	1	1	5	1030
1.3164	1	1	5	1030
1.31644	1	1	5	1030
1.31648	1	1	5	1030
1.31652	1	1	5	1030
1.31656	1	1	5	1030
1.3166	1	1	5	1030
1.31664	1	1	5	1030
1.31668	1	1	5	1030
1.31672	1	1	5	1030
1.31676	1	1	5	1030
1.3168	1	1	5	1030
1.31684	1	1	5	1030
1.31688	1	1	5	1030
1.31692	1	1	5	1030
1.31696	1	1	5	1030
1.317	1	1	5	1030
1.31704	1	1	5	1030
1.31708	1	1	5	1030
1.31712	1	1	5	1030
1.31716	1	1	5	1030
1.3172	1	1	5	1030
1.31724	1	1	5	1030
1.31728	1	1	5	1030
1.31732	1	1	5	1030
1.31736	1	1	5	1030
1.3174	1	1	5	1030
1.31744	1	1	5	1030
1.31748	1	1	5	1030
1.31752	1	1	5	1030
1.31756	1	1	5	1030
1.3176	1	1	5	1030
1.31764	1	1	5	1030
1.31768	1	1	5	1030
1.31772	1	1	5	1030
1.31776	1	1	5	1030
1.3178	1	1	5	1030
1.31784	1	1	5	1030
1.31788	1	1	5	1030
1.31792	1	1	5	1030
1.31796	1	1	5	1030
1.318	1	1	5	1030
1.31804	1	1	5	1030
1.31808	1	1	5	1030
1.31812	1	1	5	1030
1.31816	1	1	5	1030
1.3182	1	1	5	1030
1.31824	1	1	5	1030
1.31828	1	1	5	1030
1.31832	1	1	5	1030
1.31836	1	1	5	1030
1.3184	1	1	5	1030
1.31844	1	1	5	1030
1.31848	1	1	5	1030
1.31852	1	1	5	1030
1.31856	1	1	5	1030
1.3186	1	1	5	1030
1.31864	1	1	5	1030
1.31868	1	1	5	1030
1.31872	1	1	5	1030
1.31876	1	1	5	1030
1.3188	1	1	5	1030
1.31884	1	1	5	1030
1.31888	1	1	5	1030
1.31892	1	1	5	1030
1.31896	1	1	5	1030
1.319	1	1	5	1030
1.31904	1	1	5	1030
1.31908	1	1	5	1030
1.31912	1	1	5	1030
1.31916	1	1	5	1030
1.3192	1	1	5	1030
1.31924	1	1	5	1030
1.31928	1	1	5	1030
1.31932	1	1	5	1030
1.31936	1	1	5	1030
1.3194	1	1	5	1030
1.31944	1	1	5	1030
1.31948	1	1	5	1030
1.31952	1	1	5	1030
1.31956	1	1	5	1030
1.3196	1	1	5	1030
1.31964	1	1	5	1030
1.31968	1	1	5	1030
1.31972	1	1	5	1030
1.31976	1	1	5	1030
1.3198	1	1	5	1030
1.31984	1	1	5	1030
1.31988	1	1	5	1030
1.31992	1	1	5	1030
1.31996	1	1	5	1030
1.32	1	1	5	1030
1.32004	1	1	5	1030
1.32008	1	1	5	1030
1.32012	1	1	5	1030
1.32016	1	1	5	1030
1.3202	1	1	5	1030
1.32024	1	1	5	1030
1.32028	1	1	5	1030
1.32032	1	1	5	1030
1.32036	1	1	5	1030
1.3204	1	1	5	1030
1.32044	1	1	5	1030
1.32048	1	1	5	1030
1.32052	1	1	5	1030
1.32056	1	1	5	1030
1.3206	1	1	5	1030
1.32064	1	1	5	1030
1.32068	1	1	5	1030
1.32072	1	1	5	1030
1.32076	1	1	5	1030
1.3208	1	1	5	1030
1.32084	1	1	5	1030
1.32088	1	1	5	1030
1.32092	1	1	5	1030
1.32096	1	1	5	1030
1.321	1	1	5	1030
1.32104	1	1	5	1030
1.32108	1	1	5	1030
1.32112	1	1	5	1030
1.32116	1	1	5	1030
1.3212	1	1	5	1030
1.32124	1	1	5	1030
1.32128	1	1	5	1030
1.32132	1	1	5	1030
1.32136	1	1	5	1030
1.3214	1	1	5	1030
1.32144	1	1	5	1030
1.32148	1	1	5	1030
1.32152	1	1	5	1030
1.32156	1	1	5	1030
1.3216	1	1	5	1030
1.32164	1	1	5	1030
1.32168	1	1	5	1030
1.32172	1	1	5	1030
1.32176	1	1	5	1030
1.3218	1	1	5	1030
1.32184	1	1	5	1030
1.32188	1	1	5	1030
1.32192	1	1	5	1030
1.32196	1	1	5	1030
1.322	1	1	5	1030
1.32204	1	1	5	1030
1.32208	1	1	5	1030
1.32212	1	1	5	1030
1.32216	1	1	5	1030
1.3222	1	1	5	1030
1.32224	1	1	5	1030
1.32228	1	1	5	1030
1.32232	1	1	5	1030
1.32236	1	1	5	1030
1.3224	1	1	5	1030
1.32244	1	1	5	1030
1.32248	1	1	5	1030
1.32252	1	1	5	1030
1.32256	1	1	5	1030
1.3226	1	1	5	1030
1.32264	1	1	5	1030
1.32268	1	1	5	1030
1.32272	1	1	5	1030
1.32276	1	1	5	1030
1.3228	1	1	5	1030
1.32284	1	1	5	1030
1.32288	1	1	5	1030
1.32292	1	1	5	1030
1.32296	1	1	5	1030
1.323	1	1	5	1030
1.32304	1	1	5	1030
1.32308	1	1	5	1030
1.32312	1	1	5	1030
1.32316	1	1	5	1030
1.3232	1	1	5	1030
1.32324	1	1	5	1030
1.32328	1	1	5	1030
1.32332	1	1	5	1030
1.32336	1	1	5	1030
1.3234	1	1	5	1030
1.32344	1	1	5	1030
1.32348	1	1	5	1030
1.32352	1	1	5	1030
1.32356	1	1	5	1030
1.3236	1	1	5	1030
1.32364	1	1	5	1030
1.32368	1	1	5	1030
1.32372	1	1	5	1030
1.32376	1	1	5	1030
1.3238	1	1	5	1030
1.32384	1	1	5	1030
1.32388	1	1	5	1030
1.32392	1	1	5	1030
1.32396	1	1	5	1030
1.324	1	1	5	1030
1.32404	1	1	5	1030
1.32408	1	1	5	1030
1.32412	1	1	5	1030
1.32416	1	1	5	1030
1.3242	1	1	5	1030
1.32424	1	1	5	1030
1.32428	1	1	5	1030
1.32432	1	1	5	1030
1.32436	1	1	5	1030
1.3244	1	1	5	1030
1.32444	1	1	5	1030
1.32448	1	1	5	1030
1.32452	1	1	5	1030
1.32456	1	1	5	1030
1.3246	1	1	5	1030
1.32464	1	1	5	1030
1.32468	1	1	5	1030
1.32472	1	1	5	1030
1.32476	1	1	5	1030
1.3248	1	1	5	1030
1.32484	1	1	5	1030
1.32488	1	1	5	1030
1.32492	1	1	5	1030
1.32496	1	1	5	1030
1.325	1	1	5	1030
1.32504	1	1	5	1030
1.32508	1	1	5	1030
1.32512	1	1	5	1030
1.32516	1	1	5	1030
1.3252	1	1	5	1030
1.32524	1	1	5	1030
1.32528	1	1	5	1030
1.32532	1	1	5	1030
1.32536	1	1	5	1030
1.3254	1	1	5	1030
1.32544	1	1	5	1030
1.32548	1	1	5	1030
1.32552	1	1	5	1030
1.32556	1	1	5	1030
1.3256	1	1	5	1030
1.32564	1	1	5	1030
1.32568	1	1	5	1030
1.32572	1	1	5	1030
1.32576	1	1	5	1030
1.3258	1	1	5	1030
1.32584	1	1	5	1030
1.32588	1	1	5	1030
1.32592	1	1	5	1030
1.32596	1	1	5	1030
1.326	1	1	5	1030
1.32604	1	1	5	1030
1.32608	1	1	5	1030
1.32612	1	1	5	1030
1.32616	1	1	5	1030
1.3262	1	1	5	1030
1.32624	1	1	5	1030
1.32628	1	1	5	1030
1.32632	1	1	5	1030
1.32636	1	1	5	1030
1.3264	1	1	5	1030
1.32644	1	1	5	1030
1.32648	1	1	5	1030
1.32652	1	1	5	1030
1.32656	1	1	5	1030
1.3266	1	1	5	1030
1.32664	1	1	5	1030
1.32668	1	1	5	1030
1.32672	1	1	5	1030
1.32676	1	1	5	1030
1.3268	1	1	5	1030
1.32684	1	1	5	1030
1.32688	1	1	5	1030
1.32692	1	1	5	1030
1.32696	1	1	5	1030
1.327	1	1	5	1030
1.32704	1	1	5	1030
1.32708	1	1	5	1030
1.32712	1	1	5	1030
1.32716	1	1	5	1030
1.3272	1	1	5	1030
1.32724	1	1	5	1030
1.32728	1	1	5	1030
1.32732	1	1	5	1030
1.32736	1	1	5	1030
1.3274	1	1	5	1030
1.32744	1	1	5	1030
1.32748	1	1	5	1030
1.32752	1	1	5	1030
1.32756	1	1	5	1030
1.3276	1	1	5	1030
1.32764	1	1	5	1030
1.32768	1	1	5	1030
1.32772	1	1	5	1030
1.32776	1	1	5	1030
1.3278	1	1	5	1030
1.32784	1	1	5	1030
1.32788	1	1	5	1030
1.32792	1	1	5	1030
1.32796	1	1	5	1030
1.328	1	1	5	1030
1.32804	1	1	5	1030
1.32808	1	1	5	1030
1.32812	1	1	5	1030
1.32816	1	1	5	1030
1.3282	1	1	5	1030
1.32824	1	1	5	1030
1.32828	1	1	5	1030
1.32832	1	1	5	1030
1.32836	1	1	5	1030
1.3284	1	1	5	1030
1.32844	1	1	5	1030
1.32848	1	1	5	1030
1.32852	1	1	5	1030
1.32856	1	1	5	1030
1.3286	1	1	5	1030
1.32864	1	1	5	1030
1.32868	1	1	5	1030
1.32872	1	1	5	1030
1.32876	1	1	5	1030
1.3288	1	1	5	1030
1.32884	1	1	5	1030
1.32888	1	1	5	1030
1.32892	1	1	5	1030
1.32896	1	1	5	1030
1.329	1	1	5	1030
1.32904	1	1	5	1030
1.32908	1	1	5	1030
1.32912	1	1	5	1030
1.32916	1	1	5	1030
1.3292	1	1	5	1030
1.32924	1	1	5	1030
1.32928	1	1	5	1030
1.32932	1	1	5	1030
1.32936	1	1	5	1030
1.3294	1	1	5	1030
1.32944	1	1	5	1030
1.32948	1	1	5	1030
1.32952	1	1	5	1030
1.32956	1	1	5	1030
1.3296	1	1	5	1030
1.32964	1	1	5	1030
1.32968	1	1	5	1030
1.32972	1	1	5	1030
1.32976	1	1	5	1030
1.3298	1	1	5	1030
1.32984	1	1	5	1030
1.32988	1	1	5	1030
1.32992	1	1	5	1030
1.32996	1	1	5	1030
1.33	1	1	5	1030
1.33004	1	1	5	1030
1.33008	1	1	5	1030
1.33012	1	1	5	1030
1.33016	1	1	5	1030
1.3302	1	1	5	1030
1.33024	1	1	5	1030
1.33028	1	1	5	1030
1.33032	1	1	5	1030
1.33036	1	1	5	1030
1.3304	1	1	5	1030
1.33044	1	1	5	1030
1.33048	1	1	5	1030
1.33052	1	1	5	1030
1.33056	1	1	5	1030
1.3306	1	1	5	1030
1.33064	1	1	5	1030
1.33068	1	1	5	1030
1.33072	1	1	5	1030
1.33076	1	1	5	1030
1.3308	1	1	5	1030
1.33084	1	1	5	1030
1.33088	1	1	5	1030
1.33092	1	1	5	1030
1.33096	1	1	5	1030
1.331	1	1	5	1030
1.33104	1	1	5	1030
1.33108	1	1	5	1030
1.33112	1	1	5	1030
1.33116	1	1	5	1030
1.3312	1	1	5	1030
1.33124	1	1	5	1030
1.33128	1	1	5	1030
1.33132	1	1	5	1030
1.33136	1	1	5	1030
1.3314	1	1	5	1030
1.33144	1	1	5	1030
1.33148	1	1	5	1030
1.33152	1	1	5	1030
1.33156	1	1	5	1030
1.3316	1	1	5	1030
1.33164	1	1	5	1030
1.33168	1	1	5	1030
1.33172	1	1	5	1030
1.33176	1	1	5	1030
1.3318	1	1	5	1030
1.33184	1	1	5	1030
1.33188	1	1	5	1030
1.33192	1	1	5	1030
1.33196	1	1	5	1030
1.332	1	1	5	1030
1.33204	1	1	5	1030
1.33208	1	1	5	1030
1.33212	1	1	5	1030
1.33216	1	1	5	1030
1.3322	1	1	5	1030
1.33224	1	1	5	1030
1.33228	1	1	5	1030
1.33232	1	1	5	1030
1.33236	1	1	5	1030
1.3324	1	1	5	1030
1.33244	1	1	5	1030
1.33248	1	1	5	1030
1.33252	1	1	5	1030
1.33256	1	1	5	1030
1.3326	1	1	5	1030
1.33264	1	1	5	1030
1.33268	1	1	5	1030
1.33272	1	1	5	1030
1.33276	1	1	5	1030
1.3328	1	1	5	1030
1.33284	1	1	5	1030
1.33288	1	1	5	1030
1.33292	1	1	5	1030
1.33296	1	1	5	1030
1.333	1	1	5	1030
1.33304	1	1	5	1030
1.33308	1	1	5	1030
1.33312	1	1	5	1030
1.33316	1	1	5	1030
1.3332	1	1	5	1030
1.33324	1	1	5	1030
1.33328	1	1	5	1030
1.33332	1	1	5	1030
1.33336	1	1	5	1030
1.3334	1	1	5	1030
1.33344	1	1	5	1030
1.33348	1	1	5	1030
1.33352	1	1	5	1030
1.33356	1	1	5	1030
1.3336	1	1	5	1030
1.33364	1	1	5	1030
1.33368	1	1	5	1030
1.33372	1	1	5	1030
1.33376	1	1	5	1030
1.3338	1	1	5	1030
1.33384	1	1	5	1030
1.33388	1	1	5	1030
1.33392	1	1	5	1030
1.33396	1	1	5	1030
1.334	1	1	5	1030
1.33404	1	1	5	1030
1.33408	1	1	5	1030
1.33412	1	1	5	1030
1.33416	1	1	5	1030
1.3342	1	1	5	1030
1.33424	1	1	5	1030
1.33428	1	1	5	1030
1.33432	1	1	5	1030
1.33436	1	1	5	1030
1.3344	1	1	5	1030
1.33444	1	1	5	1030
1.33448	1	1	5	1030
1.33452	1	1	5	1030
1.33456	1	1	5	1030
1.3346	1	1	5	1030
1.33464	1	1	5	1030
1.33468	1	1	5	1030
1.33472	1	1	5	1030
1.33476	1	1	5	1030
1.3348	1	1	5	1030
1.33484	1	1	5	1030
1.33488	1	1	5	1030
1.33492	1	1	5	1030
1.33496	1	1	5	1030
1.335	1	1	5	1030
1.33504	1	1	5	1030
1.33508	1	1	5	1030
1.33512	1	1	5	1030
1.33516	1	1	5	1030
1.3352	1	1	5	1030
1.33524	1	1	5	1030
1.33528	1	1	5	1030
1.33532	1	1	5	1030
1.33536	1	1	5	1030
1.3354	1	1	5	1030
1.33544	1	1	5	1030
1.33548	1	1	5	1030
1.33552	1	1	5	1030
1.33556	1	1	5	1030
1.3356	1	1	5	1030
1.33564	1	1	5	1030
1.33568	1	1	5	1030
1.33572	1	1	5	1030
1.33576	1	1	5	1030
1.3358	1	1	5	1030
1.33584	1	1	5	1030
1.33588	1	1	5	1030
1.33592	1	1	5	1030
1.33596	1	1	5	1030
1.336	1	1	5	1030
1.33604	1	1	5	1030
1.33608	1	1	5	1030
1.33612	1	1	5	1030
1.33616	1	1	5	1030
1.3362	1	1	5	1030
1.33624	1	1	5	1030
1.33628	1	1	5	1030
1.33632	1	1	5	1030
1.33636	1	1	5	1030
1.3364	1	1	5	1030
1.33644	1	1	5	1030
1.33648	1	1	5	1030
1.33652	1	1	5	1030
1.33656	1	1	5	1030
1.3366	1	1	5	1030
1.33664	1	1	5	1030
1.33668	1	1	5	1030
1.33672	1	1	5	1030
1.33676	1	1	5	1030
1.3368	1	1	5	1030
1.33684	1	1	5	1030
1.33688	1	1	5	1030
1.33692	1	1	5	1030
1.33696	1	1	5	1030
1.337	1	1	5	1030
1.33704	1	1	5	1030
1.33708	1	1	5	1030
1.33712	1	1	5	1030
1.33716	1	1	5	1030
1.3372	1	1	5	1030
1.33724	1	1	5	1030
1.33728	1	1	5	1030
1.33732	1	1	5	1030
1.33736	1	1	5	1030
1.3374	1	1	5	1030
1.33744	1	1	5	1030
1.33748	1	1	5	1030
1.33752	1	1	5	1030
1.33756	1	1	5	1030
1.3376	1	1	5	1030
1.33764	1	1	5	1030
1.33768	1	1	5	1030
1.33772	1	1	5	1030
1.33776	1	1	5	1030
1.3378	1	1	5	1030
1.33784	1	1	5	1030
1.33788	1	1	5	1030
1.33792	1	1	5	1030
1.33796	1	1	5	1030
1.338	1	1	5	1030
1.33804	1	1	5	1030
1.33808	1	1	5	1030
1.33812	1	1	5	1030
1.33816	1	1	5	1030
1.3382	1	1	5	1030
1.33824	1	1	5	1030
1.33828	1	1	5	1030
1.33832	1	1	5	1030
1.33836	1	1	5	1030
1.3384	1	1	5	1030
1.33844	1	1	5	1030
1.33848	1	1	5	1030
1.33852	1	1	5	1030
1.33856	1	1	5	1030
1.3386	1	1	5	1030
1.33864	1	1	5	1030
1.33868	1	1	5	1030
1.33872	1	1	5	1030
1.33876	1	1	5	1030
1.3388	1	1	5	1030
1.33884	1	1	5	1030
1.33888	1	1	5	1030
1.33892	1	1	5	1030
1.33896	1	1	5	1030
1.339	1	1	5	1030
1.33904	1	1	5	1030
1.33908	1	1	5	1030
1.33912	1	1	5	1030
1.33916	1	1	5	1030
1.3392	1	1	5	1030
1.33924	1	1	5	1030
1.33928	1	1	5	1030
1.33932	1	1	5	1030
1.33936	1	1	5	1030
1.3394	1	1	5	1030
1.33944	1	1	5	1030
1.33948	1	1	5	1030
1.33952	1	1	5	1030
1.33956	1	1	5	1030
1.3396	1	1	5	1030
1.33964	1	1	5	1030
1.33968	1	1	5	1030
1.33972	1	1	5	1030
1.33976	1	1	5	1030
1.3398	1	1	5	1030
1.33984	1	1	5	1030
1.33988	1	1	5	1030
1.33992	1	1	5	1030
1.33996	1	1	5	1030
1.34	1	1	5	1030
1.34004	1	1	5	1030
1.34008	1	1	5	1030
1.34012	1	1	5	1030
1.34016	1	1	5	1030
1.3402	1	1	5	1030
1.34024	1	1	5	1030
1.34028	1	1	5	1030
1.34032	1	1	5	1030
1.34036	1	1	5	1030
1.3404	1	1	5	1030
1.34044	1	1	5	1030
1.34048	1	1	5	1030
1.34052	1	1	5	1030
1.34056	1	1	5	1030
1.3406	1	1	5	1030
1.34064	1	1	5	1030
1.34068	1	1	5	1030
1.34072	1	1	5	1030
1.34076	1	1	5	1030
1.3408	1	1	5	1030
1.34084	1	1	5	1030
1.34088	1	1	5	1030
1.34092	1	1	5	1030
1.34096	1	1	5	1030
1.341	1	1	5	1030
1.34104	1	1	5	1030
1.34108	1	1	5	1030
1.34112	1	1	5	1030
1.34116	1	1	5	1030
1.3412	1	1	5	1030
1.34124	1	1	5	1030
1.34128	1	1	5	1030
1.34132	1	1	5	1030
1.34136	1	1	5	1030
1.3414	1	1	5	1030
1.34144	1	1	5	1030
1.34148	1	1	5	1030
1.34152	1	1	5	1030
1.34156	1	1	5	1030
1.3416	1	1	5	1030
1.34164	1	1	5	1030
1.34168	1	1	5	1030
1.34172	1	1	5	1030
1.34176	1	1	5	1030
1.3418	1	1	5	1030
1.34184	1	1	5	1030
1.34188	1	1	5	1030
1.34192	1	1	5	1030
1.34196	1	1	5	1030
1.342	1	1	5	1030
1.34204	1	1	5	1030
1.34208	1	1	5	1030
1.34212	1	1	5	1030
1.34216	1	1	5	1030
1.3422	1	1	5	1030
1.34224	1	1	5	1030
1.34228	1	1	5	1030
1.34232	1	1	5	1030
1.34236	1	1	5	1030
1.3424	1	1	5	1030
1.34244	1	1	5	1030
1.34248	1	1	5	1030
1.34252	1	1	5	1030
1.34256	1	1	5	1030
1.3426	1	1	5	1030
1.34264	1	1	5	1030
1.34268	1	1	5	1030
1.34272	1	1	5	1030
1.34276	1	1	5	1030
1.3428	1	1	5	1030
1.34284	1	1	5	1030
1.34288	1	1	5	1030
1.34292	1	1	5	1030
1.34296	1	1	5	1030
1.343	1	1	5	1030
1.34304	1	1	5	1030
1.34308	1	1	5	1030
1.34312	1	1	5	1030
1.34316	1	1	5	1030
1.3432	1	1	5	1030
1.34324	1	1	5	1030
1.34328	1	1	5	1030
1.34332	1	1	5	1030
1.34336	1	1	5	1030
1.3434	1	1	5	1030
1.34344	1	1	5	1030
1.34348	1	1	5	1030
1.34352	1	1	5	1030
1.34356	1	1	5	1030
1.3436	1	1	5	1030
1.34364	1	1	5	1030
1.34368	1	1	5	1030
1.34372	1	1	5	1030
1.34376	1	1	5	1030
1.3438	1	1	5	1030
1.34384	1	1	5	1030
1.34388	1	1	5	1030
1.34392	1	1	5	1030
1.34396	1	1	5	1030
1.344	1	1	5	1030
1.34404	1	1	5	1030
1.34408	1	1	5	1030
1.34412	1	1	5	1030
1.34416	1	1	5	1030
1.3442	1	1	5	1030
1.34424	1	1	5	1030
1.34428	1	1	5	1030
1.34432	1	1	5	1030
1.34436	1	1	5	1030
1.3444	1	1	5	1030
1.34444	1	1	5	1030
1.34448	1	1	5	1030
1.34452	1	1	5	1030
1.34456	1	1	5	1030
1.3446	1	1	5	1030
1.34464	1	1	5	1030
1.34468	1	1	5	1030
1.34472	1	1	5	1030
1.34476	1	1	5	1030
1.3448	1	1	5	1030
1.34484	1	1	5	1030
1.34488	1	1	5	1030
1.34492	1	1	5	1030
1.34496	1	1	5	1030
1.345	1	1	5	1030
1.34504	1	1	5	1030
1.34508	1	1	5	1030
1.34512	1	1	5	1030
1.34516	1	1	5	1030
1.3452	1	1	5	1030
1.34524	1	1	5	1030
1.34528	1	1	5	1030
1.34532	1	1	5	1030
1.34536	1	1	5	1030
1.3454	1	1	5	1030
1.34544	1	1	5	1030
1.34548	1	1	5	1030
1.34552	1	1	5	1030
1.34556	1	1	5	1030
1.3456	1	1	5	1030
1.34564	1	1	5	1030
1.34568	1	1	5	1030
1.34572	1	1	5	1030
1.34576	1	1	5	1030
1.3458	1	1	5	1030
1.34584	1	1	5	1030
1.34588	1	1	5	1030
1.34592	1	1	5	1030
1.34596	1	1	5	1030
1.346	1	1	5	1030
1.34604	1	1	5	1030
1.34608	1	1	5	1030
1.34612	1	1	5	1030
1.34616	1	1	5	1030
1.3462	1	1	5	1030
1.34624	1	1	5	1030
1.34628	1	1	5	1030
1.34632	1	1	5	1030
1.34636	1	1	5	1030
1.3464	1	1	5	1030
1.34644	1	1	5	1030
1.34648	1	1	5	1030
1.34652	1	1	5	1030
1.34656	1	1	5	1030
1.3466	1	1	5	1030
1.34664	1	1	5	1030
1.34668	1	1	5	1030
1.34672	1	1	5	1030
1.34676	1	1	5	1030
1.3468	1	1	5	1030
1.34684	1	1	5	1030
1.34688	1	1	5	1030
1.34692	1	1	5	1030
1.34696	1	1	5	1030
1.347	1	1	5	1030
1.34704	1	1	5	1030
1.34708	1	1	5	1030
1.34712	1	1	5	1030
1.34716	1	1	5	1030
1.3472	1	1	5	1030
1.34724	1	1	5	1030
1.34728	1	1	5	1030
1.34732	1	1	5	1030
1.34736	1	1	5	1030
1.3474	1	1	5	1030
1.34744	1	1	5	1030
1.34748	1	1	5	1030
1.34752	1	1	5	1030
1.34756	1	1	5	1030
1.3476	1	1	5	1030
1.34764	1	1	5	1030
1.34768	1	1	5	1030
1.34772	1	1	5	1030
1.34776	1	1	5	1030
1.3478	1	1	5	1030
1.34784	1	1	5	1030
1.34788	1	1	5	1030
1.34792	1	1	5	1030
1.34796	1	1	5	1030
1.348	1	1	5	1030
1.34804	1	1	5	1030
1.34808	1	1	5	1030
1.34812	1	1	5	1030
1.34816	1	1	5	1030
1.3482	1	1	5	1030
1.34824	1	1	5	1030
1.34828	1	1	5	1030
1.34832	1	1	5	1030
1.34836	1	1	5	1030
1.3484	1	1	5	1030
1.34844	1	1	5	1030
1.34848	1	1	5	1030
1.34852	1	1	5	1030
1.34856	1	1	5	1030
1.3486	1	1	5	1030
1.34864	1	1	5	1030
1.34868	1	1	5	1030
1.34872	1	1	5	1030
1.34876	1	1	5	1030
1.3488	1	1	5	1030
1.34884	1	1	5	1030
1.34888	1	1	5	1030
1.34892	1	1	5	1030
1.34896	1	1	5	1030
1.349	1	1	5	1030
1.34904	1	1	5	1030
1.34908	1	1	5	1030
1.34912	1	1	5	1030
1.34916	1	1	5	1030
1.3492	1	1	5	1030
1.34924	1	1	5	1030
1.34928	1	1	5	1030
1.34932	1	1	5	1030
1.34936	1	1	5	1030
1.3494	1	1	5	1030
1.34944	1	1	5	1030
1.34948	1	1	5	1030
1.34952	1	1	5	1030
1.34956	1	1	5	1030
1.3496	1	1	5	1030
1.34964	1	1	5	1030
1.34968	1	1	5	1030
1.34972	1	1	5	1030
1.34976	1	1	5	1030
1.3498	1	1	5	1030
1.34984	1	1	5	1030
1.34988	1	1	5	1030
1.34992	1	1	5	1030
1.34996	1	1	5	1030
1.35	1	1	5	1030
1.35004	1	1	5	1030
1.35008	1	1	5	1030
1.35012	1	1	5	1030
1.35016	1	1	5	1030
1.3502	1	1	5	1030
1.35024	1	1	5	1030
1.35028	1	1	5	1030
1.35032	1	1	5	1030
1.35036	1	1	5	1030
1.3504	1	1	5	1030
1.35044	1	1	5	1030
1.35048	1	1	5	1030
1.35052	1	1	5	1030
1.35056	1	1	5	1030
1.3506	1	1	5	1030
1.35064	1	1	5	1030
1.35068	1	1	5	1030
1.35072	1	1	5	1030
1.35076	1	1	5	1030
1.3508	1	1	5	1030
1.35084	1	1	5	1030
1.35088	1	1	5	1030
1.35092	1	1	5	1030
1.35096	1	1	5	1030
1.351	1	1	5	1030
1.35104	1	1	5	1030
1.35108	1	1	5	1030
1.35112	1	1	5	1030
1.35116	1	1	5	1030
1.3512	1	1	5	1030
1.35124	1	1	5	1030
1.35128	1	1	5	1030
1.35132	1	1	5	1030
1.35136	1	1	5	1030
1.3514	1	1	5	1030
1.35144	1	1	5	1030
1.35148	1	1	5	1030
1.35152	1	1	5	1030
1.35156	1	1	5	1030
1.3516	1	1	5	1030
1.35164	1	1	5	1030
1.35168	1	1	5	1030
1.35172	1	1	5	1030
1.35176	1	1	5	1030
1.3518	1	1	5	1030
1.35184	1	1	5	1030
1.35188	1	1	5	1030
1.35192	1	1	5	1030
1.35196	1	1	5	1030
1.352	1	1	5	1030
1.35204	1	1	5	1030
1.35208	1	1	5	1030
1.35212	1	1	5	1030
1.35216	1	1	5	1030
1.3522	1	1	5	1030
1.35224	1	1	5	1030
1.35228	1	1	5	1030
1.35232	1	1	5	1030
1.35236	1	1	5	1030
1.3524	1	1	5	1030
1.35244	1	1	5	1030
1.35248	1	1	5	1030
1.35252	1	1	5	1030
1.35256	1	1	5	1030
1.3526	1	1	5	1030
1.35264	1	1	5	1030
1.35268	1	1	5	1030
1.35272	1	1	5	1030
1.35276	1	1	5	1030
1.3528	1	1	5	1030
1.35284	1	1	5	1030
1.35288	1	1	5	1030
1.35292	1	1	5	1030
1.35296	1	1	5	1030
1.353	1	1	5	1030
1.35304	1	1	5	1030
1.35308	1	1	5	1030
1.35312	1	1	5	1030
1.35316	1	1	5	1030
1.3532	1	1	5	1030
1.35324	1	1	5	1030
1.35328	1	1	5	1030
1.35332	1	1	5	1030
1.35336	1	1	5	1030
1.3534	1	1	5	1030
1.35344	1	1	5	1030
1.35348	1	1	5	1030
1.35352	1	1	5	1030
1.35356	1	1	5	1030
1.3536	1	1	5	1030
1.35364	1	1	5	1030
1.35368	1	1	5	1030
1.35372	1	1	5	1030
1.35376	1	1	5	1030
1.3538	1	1	5	1030
1.35384	1	1	5	1030
1.35388	1	1	5	1030
1.35392	1	1	5	1030
1.35396	1	1	5	1030
1.354	1	1	5	1030
1.35404	1	1	5	1030
1.35408	1	1	5	1030
1.35412	1	1	5	1030
1.35416	1	1	5	1030
1.3542	1	1	5	1030
1.35424	1	1	5	1030
1.35428	1	1	5	1030
1.35432	1	1	5	1030
1.35436	1	1	5	1030
1.3544	1	1	5	1030
1.35444	1	1	5	1030
1.35448	1	1	5	1030
1.35452	1	1	5	1030
1.35456	1	1	5	1030
1.3546	1	1	5	1030
1.35464	1	1	5	1030
1.35468	1	1	5	1030
1.35472	1	1	5	1030
1.35476	1	1	5	1030
1.3548	1	1	5	1030
1.35484	1	1	5	1030
1.35488	1	1	5	1030
1.35492	1	1	5	1030
1.35496	1	1	5	1030
1.355	1	1	5	1030
1.35504	1	1	5	1030
1.35508	1	1	5	1030
1.35512	1	1	5	1030
1.35516	1	1	5	1030
1.3552	1	1	5	1030
1.35524	1	1	5	1030
1.35528	1	1	5	1030
1.35532	1	1	5	1030
1.35536	1	1	5	1030
1.3554	1	1	5	1030
1.35544	1	1	5	1030
1.35548	1	1	5	1030
1.35552	1	1	5	1030
1.35556	1	1	5	1030
1.3556	1	1	5	1030
1.35564	1	1	5	1030
1.35568	1	1	5	1030
1.35572	1	1	5	1030
1.35576	1	1	5	1030
1.3558	1	1	5	1030
1.35584	1	1	5	1030
1.35588	1	1	5	1030
1.35592	1	1	5	1030
1.35596	1	1	5	1030
1.356	1	1	5	1030
1.35604	1	1	5	1030
1.35608	1	1	5	1030
1.35612	1	1	5	1030
1.35616	1	1	5	1030
1.3562	1	1	5	1030
1.35624	1	1	5	1030
1.35628	1	1	5	1030
1.35632	1	1	5	1030
1.35636	1	1	5	1030
1.3564	1	1	5	1030
1.35644	1	1	5	1030
1.35648	1	1	5	1030
1.35652	1	1	5	1030
1.35656	1	1	5	1030
1.3566	1	1	5	1030
1.35664	1	1	5	1030
1.35668	1	1	5	1030
1.35672	1	1	5	1030
1.35676	1	1	5	1030
1.3568	1	1	5	1030
1.35684	1	1	5	1030
1.35688	1	1	5	1030
1.35692	1	1	5	1030
1.35696	1	1	5	1030
1.357	1	1	5	1030
1.35704	1	1	5	1030
1.35708	1	1	5	1030
1.35712	1	1	5	1030
1.35716	1	1	5	1030
1.3572	1	1	5	1030
1.35724	1	1	5	1030
1.35728	1	1	5	1030
1.35732	1	1	5	1030
1.35736	1	1	5	1030
1.3574	1	1	5	1030
1.35744	1	1	5	1030
1.35748	1	1	5	1030
1.35752	1	1	5	1030
1.35756	1	1	5	1030
1.3576	1	1	5	1030
1.35764	1	1	5	1030
1.35768	1	1	5	1030
1.35772	1	1	5	1030
1.35776	1	1	5	1030
1.3578	1	1	5	1030
1.35784	1	1	5	1030
1.35788	1	1	5	1030
1.35792	1	1	5	1030
1.35796	1	1	5	1030
1.358	1	1	5	1030
1.35804	1	1	5	1030
1.35808	1	1	5	1030
1.35812	1	1	5	1030
1.35816	1	1	5	1030
1.3582	1	1	5	1030
1.35824	1	1	5	1030
1.35828	1	1	5	1030
1.35832	1	1	5	1030
1.35836	1	1	5	1030
1.3584	1	1	5	1030
1.35844	1	1	5	1030
1.35848	1	1	5	1030
1.35852	1	1	5	1030
1.35856	1	1	5	1030
1.3586	1	1	5	1030
1.35864	1	1	5	1030
1.35868	1	1	5	1030
1.35872	1	1	5	1030
1.35876	1	1	5	1030
1.3588	1	1	5	1030
1.35884	1	1	5	1030
1.35888	1	1	5	1030
1.35892	1	1	5	1030
1.35896	1	1	5	1030
1.359	1	1	5	1030
1.35904	1	1	5	1030
1.35908	1	1	5	1030
1.35912	1	1	5	1030
1.35916	1	1	5	1030
1.3592	1	1	5	1030
1.35924	1	1	5	1030
1.35928	1	1	5	1030
1.35932	1	1	5	1030
1.35936	1	1	5	1030
1.3594	1	1	5	1030
1.35944	1	1	5	1030
1.35948	1	1	5	1030
1.35952	1	1	5	1030
1.35956	1	1	5	1030
1.3596	1	1	5	1030
1.35964	1	1	5	1030
1.35968	1	1	5	1030
1.35972	1	1	5	1030
1.35976	1	1	5	1030
1.3598	1	1	5	1030
1.35984	1	1	5	1030
1.35988	1	1	5	1030
1.35992	1	1	5	1030
1.35996	1	1	5	1030
1.36	1	1	5	1030
1.36004	1	1	5	1030
1.36008	1	1	5	1030
1.36012	1	1	5	1030
1.36016	1	1	5	1030
1.3602	1	1	5	1030
1.36024	1	1	5	1030
1.36028	1	1	5	1030
1.36032	1	1	5	1030
1.36036	1	1	5	1030
1.3604	1	1	5	1030
1.36044	1	1	5	1030
1.36048	1	1	5	1030
1.36052	1	1	5	1030
1.36056	1	1	5	1030
1.3606	1	1	5	1030
1.36064	1	1	5	1030
1.36068	1	1	5	1030
1.36072	1	1	5	1030
1.36076	1	1	5	1030
1.3608	1	1	5	1030
1.36084	1	1	5	1030
1.36088	1	1	5	1030
1.36092	1	1	5	1030
1.36096	1	1	5	1030
1.361	1	1	5	1030
1.36104	1	1	5	1030
1.36108	1	1	5	1030
1.36112	1	1	5	1030
1.36116	1	1	5	1030
1.3612	1	1	5	1030
1.36124	1	1	5	1030
1.36128	1	1	5	1030
1.36132	1	1	5	1030
1.36136	1	1	5	1030
1.3614	1	1	5	1030
1.36144	1	1	5	1030
1.36148	1	1	5	1030
1.36152	1	1	5	1030
1.36156	1	1	5	1030
1.3616	1	1	5	1030
1.36164	1	1	5	1030
1.36168	1	1	5	1030
1.36172	1	1	5	1030
1.36176	1	1	5	1030
1.3618	1	1	5	1030
1.36184	1	1	5	1030
1.36188	1	1	5	1030
1.36192	1	1	5	1030
1.36196	1	1	5	1030
1.362	1	1	5	1030
1.36204	1	1	5	1030
1.36208	1	1	5	1030
1.36212	1	1	5	1030
1.36216	1	1	5	1030
1.3622	1	1	5	1030
1.36224	1	1	5	1030
1.36228	1	1	5	1030
1.36232	1	1	5	1030
1.36236	1	1	5	1030
1.3624	1	1	5	1030
1.36244	1	1	5	1030
1.36248	1	1	5	1030
1.36252	1	1	5	1030
1.36256	1	1	5	1030
1.3626	1	1	5	1030
1.36264	1	1	5	1030
1.36268	1	1	5	1030
1.36272	1	1	5	1030
1.36276	1	1	5	1030
1.3628	1	1	5	1030
1.36284	1	1	5	1030
1.36288	1	1	5	1030
1.36292	1	1	5	1030
1.36296	1	1	5	1030
1.363	1	1	5	1030
1.36304	1	1	5	1030
1.36308	1	1	5	1030
1.36312	1	1	5	1030
1.36316	1	1	5	1030
1.3632	1	1	5	1030
1.36324	1	1	5	1030
1.36328	1	1	5	1030
1.36332	1	1	5	1030
1.36336	1	1	5	1030
1.3634	1	1	5	1030
1.36344	1	1	5	1030
1.36348	1	1	5	1030
1.36352	1	1	5	1030
1.36356	1	1	5	1030
1.3636	1	1	5	1030
1.36364	1	1	5	1030
1.36368	1	1	5	1030
1.36372	1	1	5	1030
1.36376	1	1	5	1030
1.3638	1	1	5	1030
1.36384	1	1	5	1030
1.36388	1	1	5	1030
1.36392	1	1	5	1030
1.36396	1	1	5	1030
1.364	1	1	5	1030
1.36404	1	1	5	1030
1.36408	1	1	5	1030
1.36412	1	1	5	1030
1.36416	1	1	5	1030
1.3642	1	1	5	1030
1.36424	1	1	5	1030
1.36428	1	1	5	1030
1.36432	1	1	5	1030
1.36436	1	1	5	1030
1.3644	1	1	5	1030
1.36444	1	1	5	1030
1.36448	1	1	5	1030
1.36452	1	1	5	1030
1.36456	1	1	5	1030
1.3646	1	1	5	1030
1.36464	1	1	5	1030
1.36468	1	1	5	1030
1.36472	1	1	5	1030
1.36476	1	1	5	1030
1.3648	1	1	5	1030
1.36484	1	1	5	1030
1.36488	1	1	5	1030
1.36492	1	1	5	1030
1.36496	1	1	5	1030
1.365	1	1	5	1030
1.36504	1	1	5	1030
1.36508	1	1	5	1030
1.36512	1	1	5	1030
1.36516	1	1	5	1030
1.3652	1	1	5	1030
1.36524	1	1	5	1030
1.36528	1	1	5	1030
1.36532	1	1	5	1030
1.36536	1	1	5	1030
1.3654	1	1	5	1030
1.36544	1	1	5	1030
1.36548	1	1	5	1030
1.36552	1	1	5	1030
1.36556	1	1	5	1030
1.3656	1	1	5	1030
1.36564	1	1	5	1030
1.36568	1	1	5	1030
1.36572	1	1	5	1030
1.36576	1	1	5	1030
1.3658	1	1	5	1030
1.36584	1	1	5	1030
1.36588	1	1	5	1030
1.36592	1	1	5	1030
1.36596	1	1	5	1030
1.366	1	1	5	1030
1.36604	1	1	5	1030
1.36608	1	1	5	1030
1.36612	1	1	5	1030
1.36616	1	1	5	1030
1.3662	1	1	5	1030
1.36624	1	1	5	1030
1.36628	1	1	5	1030
1.36632	1	1	5	1030
1.36636	1	1	5	1030
1.3664	1	1	5	1030
1.36644	1	1	5	1030
1.36648	1	1	5	1030
1.36652	1	1	5	1030
1.36656	1	1	5	1030
1.3666	1	1	5	1030
1.36664	1	1	5	1030
1.36668	1	1	5	1030
1.36672	1	1	5	1030
1.36676	1	1	5	1030
1.3668	1	1	5	1030
1.36684	1	1	5	1030
1.36688	1	1	5	1030
1.36692	1	1	5	1030
1.36696	1	1	5	1030
1.367	1	1	5	1030
1.36704	1	1	5	1030
1.36708	1	1	5	1030
1.36712	1	1	5	1030
1.36716	1	1	5	1030
1.3672	1	1	5	1030
1.36724	1	1	5	1030
1.36728	1	1	5	1030
1.36732	1	1	5	1030
1.36736	1	1	5	1030
1.3674	1	1	5	1030
1.36744	1	1	5	1030
1.36748	1	1	5	1030
1.36752	1	1	5	1030
1.36756	1	1	5	1030
1.3676	1	1	5	1030
1.36764	1	1	5	1030
1.36768	1	1	5	1030
1.36772	1	1	5	1030
1.36776	1	1	5	1030
1.3678	1	1	5	1030
1.36784	1	1	5	1030
1.36788	1	1	5	1030
1.36792	1	1	5	1030
1.36796	1	1	5	1030
1.368	1	1	5	1030
1.36804	1	1	5	1030
1.36808	1	1	5	1030
1.36812	1	1	5	1030
1.36816	1	1	5	1030
1.3682	1	1	5	1030
1.36824	1	1	5	1030
1.36828	1	1	5	1030
1.36832	1	1	5	1030
1.36836	1	1	5	1030
1.3684	1	1	5	1030
1.36844	1	1	5	1030
1.36848	1	1	5	1030
1.36852	1	1	5	1030
1.36856	1	1	5	1030
1.3686	1	1	5	1030
1.36864	1	1	5	1030
1.36868	1	1	5	1030
1.36872	1	1	5	1030
1.36876	1	1	5	1030
1.3688	1	1	5	1030
1.36884	1	1	5	1030
1.36888	1	1	5	1030
1.36892	1	1	5	1030
1.36896	1	1	5	1030
1.369	1	1	5	1030
1.36904	1	1	5	1030
1.36908	1	1	5	1030
1.36912	1	1	5	1030
1.36916	1	1	5	1030
1.3692	1	1	5	1030
1.36924	1	1	5	1030
1.36928	1	1	5	1030
1.36932	1	1	5	1030
1.36936	1	1	5	1030
1.3694	1	1	5	1030
1.36944	1	1	5	1030
1.36948	1	1	5	1030
1.36952	1	1	5	1030
1.36956	1	1	5	1030
1.3696	1	1	5	1030
1.36964	1	1	5	1030
1.36968	1	1	5	1030
1.36972	1	1	5	1030
1.36976	1	1	5	1030
1.3698	1	1	5	1030
1.36984	1	1	5	1030
1.36988	1	1	5	1030
1.36992	1	1	5	1030
1.36996	1	1	5	1030
1.37	1	1	5	1030
1.37004	1	1	5	1030
1.37008	1	1	5	1030
1.37012	1	1	5	1030
1.37016	1	1	5	1030
1.3702	1	1	5	1030
1.37024	1	1	5	1030
1.37028	1	1	5	1030
1.37032	1	1	5	1030
1.37036	1	1	5	1030
1.3704	1	1	5	1030
1.37044	1	1	5	1030
1.37048	1	1	5	1030
1.37052	1	1	5	1030
1.37056	1	1	5	1030
1.3706	1	1	5	1030
1.37064	1	1	5	1030
1.37068	1	1	5	1030
1.37072	1	1	5	1030
1.37076	1	1	5	1030
1.3708	1	1	5	1030
1.37084	1	1	5	1030
1.37088	1	1	5	1030
1.37092	1	1	5	1030
1.37096	1	1	5	1030
1.371	1	1	5	1030
1.37104	1	1	5	1030
1.37108	1	1	5	1030
1.37112	1	1	5	1030
1.37116	1	1	5	1030
1.3712	1	1	5	1030
1.37124	1	1	5	1030
1.37128	1	1	5	1030
1.37132	1	1	5	1030
1.37136	1	1	5	1030
1.3714	1	1	5	1030
1.37144	1	1	5	1030
1.37148	1	1	5	1030
1.37152	1	1	5	1030
1.37156	1	1	5	1030
1.3716	1	1	5	1030
1.37164	1	1	5	1030
1.37168	1	1	5	1030
1.37172	1	1	5	1030
1.37176	1	1	5	1030
1.3718	1	1	5	1030
1.37184	1	1	5	1030
1.37188	1	1	5	1030
1.37192	1	1	5	1030
1.37196	1	1	5	1030
1.372	1	1	5	1030
1.37204	1	1	5	1030
1.37208	1	1	5	1030
1.37212	1	1	5	1030
1.37216	1	1	5	1030
1.3722	1	1	5	1030
1.37224	1	1	5	1030
1.37228	1	1	5	1030
1.37232	1	1	5	1030
1.37236	1	1	5	1030
1.3724	1	1	5	1030
1.37244	1	1	5	1030
1.37248	1	1	5	1030
1.37252	1	1	5	1030
1.37256	1	1	5	1030
1.3726	1	1	5	1030
1.37264	1	1	5	1030
1.37268	1	1	5	1030
1.37272	1	1	5	1030
1.37276	1	1	5	1030
1.3728	1	1	5	1030
1.37284	1	1	5	1030
1.37288	1	1	5	1030
1.37292	1	1	5	1030
1.37296	1	1	5	1030
1.373	1	1	5	1030
1.37304	1	1	5	1030
1.37308	1	1	5	1030
1.37312	1	1	5	1030
1.37316	1	1	5	1030
1.3732	1	1	5	1030
1.37324	1	1	5	1030
1.37328	1	1	5	1030
1.37332	1	1	5	1030
1.37336	1	1	5	1030
1.3734	1	1	5	1030
1.37344	1	1	5	1030
1.37348	1	1	5	1030
1.37352	1	1	5	1030
1.37356	1	1	5	1030
1.3736	1	1	5	1030
1.37364	1	1	5	1030
1.37368	1	1	5	1030
1.37372	1	1	5	1030
1.37376	1	1	5	1030
1.3738	1	1	5	1030
1.37384	1	1	5	1030
1.37388	1	1	5	1030
1.37392	1	1	5	1030
1.37396	1	1	5	1030
1.374	1	1	5	1030
1.37404	1	1	5	1030
1.37408	1	1	5	1030
1.37412	1	1	5	1030
1.37416	1	1	5	1030
1.3742	1	1	5	1030
1.37424	1	1	5	1030
1.37428	1	1	5	1030
1.37432	1	1	5	1030
1.37436	1	1	5	1030
1.3744	1	1	5	1030
1.37444	1	1	5	1030
1.37448	1	1	5	1030
1.37452	1	1	5	1030
1.37456	1	1	5	1030
1.3746	1	1	5	1030
1.37464	1	1	5	1030
1.37468	1	1	5	1030
1.37472	1	1	5	1030
1.37476	1	1	5	1030
1.3748	1	1	5	1030
1.37484	1	1	5	1030
1.37488	1	1	5	1030
1.37492	1	1	5	1030
1.37496	1	1	5	1030
1.375	1	1	5	1030
1.37504	1	1	5	1030
1.37508	1	1	5	1030
1.37512	1	1	5	1030
1.37516	1	1	5	1030
1.3752	1	1	5	1030
1.37524	1	1	5	1030
1.37528	1	1	5	1030
1.37532	1	1	5	1030
1.37536	1	1	5	1030
1.3754	1	1	5	1030
1.37544	1	1	5	1030
1.37548	1	1	5	1030
1.37552	1	1	5	1030
1.37556	1	1	5	1030
1.3756	1	1	5	1030
1.37564	1	1	5	1030
1.37568	1	1	5	1030
1.37572	1	1	5	1030
1.37576	1	1	5	1030
1.3758	1	1	5	1030
1.37584	1	1	5	1030
1.37588	1	1	5	1030
1.37592	1	1	5	1030
1.37596	1	1	5	1030
1.376	1	1	5	1030
1.37604	1	1	5	1030
1.37608	1	1	5	1030
1.37612	1	1	5	1030
1.37616	1	1	5	1030
1.3762	1	1	5	1030
1.37624	1	1	5	1030
1.37628	1	1	5	1030
1.37632	1	1	5	1030
1.37636	1	1	5	1030
1.3764	1	1	5	1030
1.37644	1	1	5	1030
1.37648	1	1	5	1030
1.37652	1	1	5	1030
1.37656	1	1	5	1030
1.3766	1	1	5	1030
1.37664	1	1	5	1030
1.37668	1	1	5	1030
1.37672	1	1	5	1030
1.37676	1	1	5	1030
1.3768	1	1	5	1030
1.37684	1	1	5	1030
1.37688	1	1	5	1030
1.37692	1	1	5	1030
1.37696	1	1	5	1030
1.377	1	1	5	1030
1.37704	1	1	5	1030
1.37708	1	1	5	1030
1.37712	1	1	5	1030
1.37716	1	1	5	1030
1.3772	1	1	5	1030
1.37724	1	1	5	1030
1.37728	1	1	5	1030
1.37732	1	1	5	1030
1.37736	1	1	5	1030
1.3774	1	1	5	1030
1.37744	1	1	5	1030
1.37748	1	1	5	1030
1.37752	1	1	5	1030
1.37756	1	1	5	1030
1.3776	1	1	5	1030
1.37764	1	1	5	1030
1.37768	1	1	5	1030
1.37772	1	1	5	1030
1.37776	1	1	5	1030
1.3778	1	1	5	1030
1.37784	1	1	5	1030
1.37788	1	1	5	1030
1.37792	1	1	5	1030
1.37796	1	1	5	1030
1.378	1	1	5	1030
1.37804	1	1	5	1030
1.37808	1	1	5	1030
1.37812	1	1	5	1030
1.37816	1	1	5	1030
1.3782	1	1	5	1030
1.37824	1	1	5	1030
1.37828	1	1	5	1030
1.37832	1	1	5	1030
1.37836	1	1	5	1030
1.3784	1	1	5	1030
1.37844	1	1	5	1030
1.37848	1	1	5	1030
1.37852	1	1	5	1030
1.37856	1	1	5	1030
1.3786	1	1	5	1030
1.37864	1	1	5	1030
1.37868	1	1	5	1030
1.37872	1	1	5	1030
1.37876	1	1	5	1030
1.3788	1	1	5	1030
1.37884	1	1	5	1030
1.37888	1	1	5	1030
1.37892	1	1	5	1030
1.37896	1	1	5	1030
1.379	1	1	5	1030
1.37904	1	1	5	1030
1.37908	1	1	5	1030
1.37912	1	1	5	1030
1.37916	1	1	5	1030
1.3792	1	1	5	1030
1.37924	1	1	5	1030
1.37928	1	1	5	1030
1.37932	1	1	5	1030
1.37936	1	1	5	1030
1.3794	1	1	5	1030
1.37944	1	1	5	1030
1.37948	1	1	5	1030
1.37952	1	1	5	1030
1.37956	1	1	5	1030
1.3796	1	1	5	1030
1.37964	1	1	5	1030
1.37968	1	1	5	1030
1.37972	1	1	5	1030
1.37976	1	1	5	1030
1.3798	1	1	5	1030
1.37984	1	1	5	1030
1.37988	1	1	5	1030
1.37992	1	1	5	1030
1.37996	1	1	5	1030
1.38	1	1	5	1030
1.38004	1	1	5	1030
1.38008	1	1	5	1030
1.38012	1	1	5	1030
1.38016	1	1	5	1030
1.3802	1	1	5	1030
1.38024	1	1	5	1030
1.38028	1	1	5	1030
1.38032	1	1	5	1030
1.38036	1	1	5	1030
1.3804	1	1	5	1030
1.38044	1	1	5	1030
1.38048	1	1	5	1030
1.38052	1	1	5	1030
1.38056	1	1	5	1030
1.3806	1	1	5	1030
1.38064	1	1	5	1030
1.38068	1	1	5	1030
1.38072	1	1	5	1030
1.38076	1	1	5	1030
1.3808	1	1	5	1030
1.38084	1	1	5	1030
1.38088	1	1	5	1030
1.38092	1	1	5	1030
1.38096	1	1	5	1030
1.381	1	1	5	1030
1.38104	1	1	5	1030
1.38108	1	1	5	1030
1.38112	1	1	5	1030
1.38116	1	1	5	1030
1.3812	1	1	5	1030
1.38124	1	1	5	1030
1.38128	1	1	5	1030
1.38132	1	1	5	1030
1.38136	1	1	5	1030
1.3814	1	1	5	1030
1.38144	1	1	5	1030
1.38148	1	1	5	1030
1.38152	1	1	5	1030
1.38156	1	1	5	1030
1.3816	1	1	5	1030
1.38164	1	1	5	1030
1.38168	1	1	5	1030
1.38172	1	1	5	1030
1.38176	1	1	5	1030
1.3818	1	1	5	1030
1.38184	1	1	5	1030
1.38188	1	1	5	1030
1.38192	1	1	5	1030
1.38196	1	1	5	1030
1.382	1	1	5	1030
1.38204	1	1	5	1030
1.38208	1	1	5	1030
1.38212	1	1	5	1030
1.38216	1	1	5	1030
1.3822	1	1	5	1030
1.38224	1	1	5	1030
1.38228	1	1	5	1030
1.38232	1	1	5	1030
1.38236	1	1	5	1030
1.3824	1	1	5	1030
1.38244	1	1	5	1030
1.38248	1	1	5	1030
1.38252	1	1	5	1030
1.38256	1	1	5	1030
1.3826	1	1	5	1030
1.38264	1	1	5	1030
1.38268	1	1	5	1030
1.38272	1	1	5	1030
1.38276	1	1	5	1030
1.3828	1	1	5	1030
1.38284	1	1	5	1030
1.38288	1	1	5	1030
1.38292	1	1	5	1030
1.38296	1	1	5	1030
1.383	1	1	5	1030
1.38304	1	1	5	1030
1.38308	1	1	5	1030
1.38312	1	1	5	1030
1.38316	1	1	5	1030
1.3832	1	1	5	1030
1.38324	1	1	5	1030
1.38328	1	1	5	1030
1.38332	1	1	5	1030
1.38336	1	1	5	1030
1.3834	1	1	5	1030
1.38344	1	1	5	1030
1.38348	1	1	5	1030
1.38352	1	1	5	1030
1.38356	1	1	5	1030
1.3836	1	1	5	1030
1.38364	1	1	5	1030
1.38368	1	1	5	1030
1.38372	1	1	5	1030
1.38376	1	1	5	1030
1.3838	1	1	5	1030
1.38384	1	1	5	1030
1.38388	1	1	5	1030
1.38392	1	1	5	1030
1.38396	1	1	5	1030
1.384	1	1	5	1030
1.38404	1	1	5	1030
1.38408	1	1	5	1030
1.38412	1	1	5	1030
1.38416	1	1	5	1030
1.3842	1	1	5	1030
1.38424	1	1	5	1030
1.38428	1	1	5	1030
1.38432	1	1	5	1030
1.38436	1	1	5	1030
1.3844	1	1	5	1030
1.38444	1	1	5	1030
1.38448	1	1	5	1030
1.38452	1	1	5	1030
1.38456	1	1	5	1030
1.3846	1	1	5	1030
1.38464	1	1	5	1030
1.38468	1	1	5	1030
1.38472	1	1	5	1030
1.38476	1	1	5	1030
1.3848	1	1	5	1030
1.38484	1	1	5	1030
1.38488	1	1	5	1030
1.38492	1	1	5	1030
1.38496	1	1	5	1030
1.385	1	1	5	1030
1.38504	1	1	5	1030
1.38508	1	1	5	1030
1.38512	1	1	5	1030
1.38516	1	1	5	1030
1.3852	1	1	5	1030
1.38524	1	1	5	1030
1.38528	1	1	5	1030
1.38532	1	1	5	1030
1.38536	1	1	5	1030
1.3854	1	1	5	1030
1.38544	1	1	5	1030
1.38548	1	1	5	1030
1.38552	1	1	5	1030
1.38556	1	1	5	1030
1.3856	1	1	5	1030
1.38564	1	1	5	1030
1.38568	1	1	5	1030
1.38572	1	1	5	1030
1.38576	1	1	5	1030
1.3858	1	1	5	1030
1.38584	1	1	5	1030
1.38588	1	1	5	1030
1.38592	1	1	5	1030
1.38596	1	1	5	1030
1.386	1	1	5	1030
1.38604	1	1	5	1030
1.38608	1	1	5	1030
1.38612	1	1	5	1030
1.38616	1	1	5	1030
1.3862	1	1	5	1030
1.38624	1	1	5	1030
1.38628	1	1	5	1030
1.38632	1	1	5	1030
1.38636	1	1	5	1030
1.3864	1	1	5	1030
1.38644	1	1	5	1030
1.38648	1	1	5	1030
1.38652	1	1	5	1030
1.38656	1	1	5	1030
1.3866	1	1	5	1030
1.38664	1	1	5	1030
1.38668	1	1	5	1030
1.38672	1	1	5	1030
1.38676	1	1	5	1030
1.3868	1	1	5	1030
1.38684	1	1	5	1030
1.38688	1	1	5	1030
1.38692	1	1	5	1030
1.38696	1	1	5	1030
1.387	1	1	5	1030
1.38704	1	1	5	1030
1.38708	1	1	5	1030
1.38712	1	1	5	1030
1.38716	1	1	5	1030
1.3872	1	1	5	1030
1.38724	1	1	5	1030
1.38728	1	1	5	1030
1.38732	1	1	5	1030
1.38736	1	1	5	1030
1.3874	1	1	5	1030
1.38744	1	1	5	1030
1.38748	1	1	5	1030
1.38752	1	1	5	1030
1.38756	1	1	5	1030
1.3876	1	1	5	1030
1.38764	1	1	5	1030
1.38768	1	1	5	1030
1.38772	1	1	5	1030
1.38776	1	1	5	1030
1.3878	1	1	5	1030
1.38784	1	1	5	1030
1.38788	1	1	5	1030
1.38792	1	1	5	1030
1.38796	1	1	5	1030
1.388	1	1	5	1030
1.38804	1	1	5	1030
1.38808	1	1	5	1030
1.38812	1	1	5	1030
1.38816	1	1	5	1030
1.3882	1	1	5	1030
1.38824	1	1	5	1030
1.38828	1	1	5	1030
1.38832	1	1	5	1030
1.38836	1	1	5	1030
1.3884	1	1	5	1030
1.38844	1	1	5	1030
1.38848	1	1	5	1030
1.38852	1	1	5	1030
1.38856	1	1	5	1030
1.3886	1	1	5	1030
1.38864	1	1	5	1030
1.38868	1	1	5	1030
1.38872	1	1	5	1030
1.38876	1	1	5	1030
1.3888	1	1	5	1030
1.38884	1	1	5	1030
1.38888	1	1	5	1030
1.38892	1	1	5	1030
1.38896	1	1	5	1030
1.389	1	1	5	1030
1.38904	1	1	5	1030
1.38908	1	1	5	1030
1.38912	1	1	5	1030
1.38916	1	1	5	1030
1.3892	1	1	5	1030
1.38924	1	1	5	1030
1.38928	1	1	5	1030
1.38932	1	1	5	1030
1.38936	1	1	5	1030
1.3894	1	1	5	1030
1.38944	1	1	5	1030
1.38948	1	1	5	1030
1.38952	1	1	5	1030
1.38956	1	1	5	1030
1.3896	1	1	5	1030
1.38964	1	1	5	1030
1.38968	1	1	5	1030
1.38972	1	1	5	1030
1.38976	1	1	5	1030
1.3898	1	1	5	1030
1.38984	1	1	5	1030
1.38988	1	1	5	1030
1.38992	1	1	5	1030
1.38996	1	1	5	1030
1.39	1	1	5	1030
1.39004	1	1	5	1030
1.39008	1	1	5	1030
1.39012	1	1	5	1030
1.39016	1	1	5	1030
1.3902	1	1	5	1030
1.39024	1	1	5	1030
1.39028	1	1	5	1030
1.39032	1	1	5	1030
1.39036	1	1	5	1030
1.3904	1	1	5	1030
1.39044	1	1	5	1030
1.39048	1	1	5	1030
1.39052	1	1	5	1030
1.39056	1	1	5	1030
1.3906	1	1	5	1030
1.39064	1	1	5	1030
1.39068	1	1	5	1030
1.39072	1	1	5	1030
1.39076	1	1	5	1030
1.3908	1	1	5	1030
1.39084	1	1	5	1030
1.39088	1	1	5	1030
1.39092	1	1	5	1030
1.39096	1	1	5	1030
1.391	1	1	5	1030
1.39104	1	1	5	1030
1.39108	1	1	5	1030
1.39112	1	1	5	1030
1.39116	1	1	5	1030
1.3912	1	1	5	1030
1.39124	1	1	5	1030
1.39128	1	1	5	1030
1.39132	1	1	5	1030
1.39136	1	1	5	1030
1.3914	1	1	5	1030
1.39144	1	1	5	1030
1.39148	1	1	5	1030
1.39152	1	1	5	1030
1.39156	1	1	5	1030
1.3916	1	1	5	1030
1.39164	1	1	5	1030
1.39168	1	1	5	1030
1.39172	1	1	5	1030
1.39176	1	1	5	1030
1.3918	1	1	5	1030
1.39184	1	1	5	1030
1.39188	1	1	5	1030
1.39192	1	1	5	1030
1.39196	1	1	5	1030
1.392	1	1	5	1030
1.39204	1	1	5	1030
1.39208	1	1	5	1030
1.39212	1	1	5	1030
1.39216	1	1	5	1030
1.3922	1	1	5	1030
1.39224	1	1	5	1030
1.39228	1	1	5	1030
1.39232	1	1	5	1030
1.39236	1	1	5	1030
1.3924	1	1	5	1030
1.39244	1	1	5	1030
1.39248	1	1	5	1030
1.39252	1	1	5	1030
1.39256	1	1	5	1030
1.3926	1	1	5	1030
1.39264	1	1	5	1030
1.39268	1	1	5	1030
1.39272	1	1	5	1030
1.39276	1	1	5	1030
1.3928	1	1	5	1030
1.39284	1	1	5	1030
1.39288	1	1	5	1030
1.39292	1	1	5	1030
1.39296	1	1	5	1030
1.393	1	1	5	1030
1.39304	1	1	5	1030
1.39308	1	1	5	1030
1.39312	1	1	5	1030
1.39316	1	1	5	1030
1.3932	1	1	5	1030
1.39324	1	1	5	1030
1.39328	1	1	5	1030
1.39332	1	1	5	1030
1.39336	1	1	5	1030
1.3934	1	1	5	1030
1.39344	1	1	5	1030
1.39348	1	1	5	1030
1.39352	1	1	5	1030
1.39356	1	1	5	1030
1.3936	1	1	5	1030
1.39364	1	1	5	1030
1.39368	1	1	5	1030
1.39372	1	1	5	1030
1.39376	1	1	5	1030
1.3938	1	1	5	1030
1.39384	1	1	5	1030
1.39388	1	1	5	1030
1.39392	1	1	5	1030
1.39396	1	1	5	1030
1.394	1	1	5	1030
1.39404	1	1	5	1030
1.39408	1	1	5	1030
1.39412	1	1	5	1030
1.39416	1	1	5	1030
1.3942	1	1	5	1030
1.39424	1	1	5	1030
1.39428	1	1	5	1030
1.39432	1	1	5	1030
1.39436	1	1	5	1030
1.3944	1	1	5	1030
1.39444	1	1	5	1030
1.39448	1	1	5	1030
1.39452	1	1	5	1030
1.39456	1	1	5	1030
1.3946	1	1	5	1030
1.39464	1	1	5	1030
1.39468	1	1	5	1030
1.39472	1	1	5	1030
1.39476	1	1	5	1030
1.3948	1	1	5	1030
1.39484	1	1	5	1030
1.39488	1	1	5	1030
1.39492	1	1	5	1030
1.39496	1	1	5	1030
1.395	1	1	5	1030
1.39504	1	1	5	1030
1.39508	1	1	5	1030
1.39512	1	1	5	1030
1.39516	1	1	5	1030
1.3952	1	1	5	1030
1.39524	1	1	5	1030
1.39528	1	1	5	1030
1.39532	1	1	5	1030
1.39536	1	1	5	1030
1.3954	1	1	5	1030
1.39544	1	1	5	1030
1.39548	1	1	5	1030
1.39552	1	1	5	1030
1.39556	1	1	5	1030
1.3956	1	1	5	1030
1.39564	1	1	5	1030
1.39568	1	1	5	1030
1.39572	1	1	5	1030
1.39576	1	1	5	1030
1.3958	1	1	5	1030
1.39584	1	1	5	1030
1.39588	1	1	5	1030
1.39592	1	1	5	1030
1.39596	1	1	5	1030
1.396	1	1	5	1030
1.39604	1	1	5	1030
1.39608	1	1	5	1030
1.39612	1	1	5	1030
1.39616	1	1	5	1030
1.3962	1	1	5	1030
1.39624	1	1	5	1030
1.39628	1	1	5	1030
1.39632	1	1	5	1030
1.39636	1	1	5	1030
1.3964	1	1	5	1030
1.39644	1	1	5	1030
1.39648	1	1	5	1030
1.39652	1	1	5	1030
1.39656	1	1	5	1030
1.3966	1	1	5	1030
1.39664	1	1	5	1030
1.39668	1	1	5	1030
1.39672	1	1	5	1030
1.39676	1	1	5	1030
1.3968	1	1	5	1030
1.39684	1	1	5	1030
1.39688	1	1	5	1030
1.39692	1	1	5	1030
1.39696	1	1	5	1030
1.397	1	1	5	1030
1.39704	1	1	5	1030
1.39708	1	1	5	1030
1.39712	1	1	5	1030
1.39716	1	1	5	1030
1.3972	1	1	5	1030
1.39724	1	1	5	1030
1.39728	1	1	5	1030
1.39732	1	1	5	1030
1.39736	1	1	5	1030
1.3974	1	1	5	1030
1.39744	1	1	5	1030
1.39748	1	1	5	1030
1.39752	1	1	5	1030
1.39756	1	1	5	1030
1.3976	1	1	5	1030
1.39764	1	1	5	1030
1.39768	1	1	5	1030
1.39772	1	1	5	1030
1.39776	1	1	5	1030
1.3978	1	1	5	1030
1.39784	1	1	5	1030
1.39788	1	1	5	1030
1.39792	1	1	5	1030
1.39796	1	1	5	1030
1.398	1	1	5	1030
1.39804	1	1	5	1030
1.39808	1	1	5	1030
1.39812	1	1	5	1030
1.39816	1	1	5	1030
1.3982	1	1	5	1030
1.39824	1	1	5	1030
1.39828	1	1	5	1030
1.39832	1	1	5	1030
1.39836	1	1	5	1030
1.3984	1	1	5	1030
1.39844	1	1	5	1030
1.39848	1	1	5	1030
1.39852	1	1	5	1030
1.39856	1	1	5	1030
1.3986	1	1	5	1030
1.39864	1	1	5	1030
1.39868	1	1	5	1030
1.39872	1	1	5	1030
1.39876	1	1	5	1030
1.3988	1	1	5	1030
1.39884	1	1	5	1030
1.39888	1	1	5	1030
1.39892	1	1	5	1030
1.39896	1	1	5	1030
1.399	1	1	5	1030
1.39904	1	1	5	1030
1.39908	1	1	5	1030
1.39912	1	1	5	1030
1.39916	1	1	5	1030
1.3992	1	1	5	1030
1.39924	1	1	5	1030
1.39928	1	1	5	1030
1.39932	1	1	5	1030
1.39936	1	1	5	1030
1.3994	1	1	5	1030
1.39944	1	1	5	1030
1.39948	1	1	5	1030
1.39952	1	1	5	1030
1.39956	1	1	5	1030
1.3996	1	1	5	1030
1.39964	1	1	5	1030
1.39968	1	1	5	1030
1.39972	1	1	5	1030
1.39976	1	1	5	1030
1.3998	1	1	5	1030
1.39984	1	1	5	1030
1.39988	1	1	5	1030
1.39992	1	1	5	1030
1.39996	1	1	5	1030
