time(s)	cellId	rnti	lcid	packetSize	delay(s)
0.409029	1	1	5	1030	0.00902677
0.410029	1	1	5	1030	0.00998677
0.410029	1	1	5	1030	0.00994677
0.410029	1	1	5	1030	0.00990677
0.410029	1	1	5	1030	0.00986677
0.410029	1	1	5	1030	0.00982677
0.410029	1	1	5	1030	0.00978677
0.410029	1	1	5	1030	0.00974677
0.410029	1	1	5	1030	0.00970677
0.411029	1	1	5	1030	0.0106668
0.411029	1	1	5	1030	0.0106268
0.411029	1	1	5	1030	0.0105868
0.411029	1	1	5	1030	0.0105468
0.411029	1	1	5	1030	0.0105068
0.411029	1	1	5	1030	0.0104668
0.411029	1	1	5	1030	0.0104268
0.411029	1	1	5	1030	0.0103868
0.412029	1	1	5	1030	0.0113468
0.412029	1	1	5	1030	0.0113068
0.412029	1	1	5	1030	0.0112668
0.412029	1	1	5	1030	0.0112268
0.412029	1	1	5	1030	0.0111868
0.412029	1	1	5	1030	0.0111468
0.412029	1	1	5	1030	0.0111068
0.412029	1	1	5	1030	0.0110668
0.412029	1	1	5	1030	0.0110268
0.413029	1	1	5	1030	0.0119868
0.413029	1	1	5	1030	0.0119468
0.413029	1	1	5	1030	0.0119068
0.413029	1	1	5	1030	0.0118668
0.413029	1	1	5	1030	0.0118268
0.413029	1	1	5	1030	0.0117868
0.413029	1	1	5	1030	0.0117468
0.413029	1	1	5	1030	0.0117068
0.414029	1	1	5	1030	0.0126668
0.414029	1	1	5	1030	0.0126268
0.414029	1	1	5	1030	0.0125868
0.414029	1	1	5	1030	0.0125468
0.414029	1	1	5	1030	0.0125068
0.414029	1	1	5	1030	0.0124668
0.414029	1	1	5	1030	0.0124268
0.414029	1	1	5	1030	0.0123868
0.414029	1	1	5	1030	0.0123468
0.415029	1	1	5	1030	0.0133068
0.415029	1	1	5	1030	0.0132668
0.415029	1	1	5	1030	0.0132268
0.415029	1	1	5	1030	0.0131868
0.415029	1	1	5	1030	0.0131468
0.415029	1	1	5	1030	0.0131068
0.415029	1	1	5	1030	0.0130668
0.415029	1	1	5	1030	0.0130268
0.416029	1	1	5	1030	0.0139868
0.416029	1	1	5	1030	0.0139468
0.416029	1	1	5	1030	0.0139068
0.416029	1	1	5	1030	0.0138668
0.416029	1	1	5	1030	0.0138268
0.416029	1	1	5	1030	0.0137868
0.416029	1	1	5	1030	0.0137468
0.416029	1	1	5	1030	0.0137068
0.416029	1	1	5	1030	0.0136668
0.417029	1	1	5	1030	0.0146268
0.417029	1	1	5	1030	0.0145868
0.417029	1	1	5	1030	0.0145468
0.417029	1	1	5	1030	0.0145068
0.417029	1	1	5	1030	0.0144668
0.417029	1	1	5	1030	0.0144268
0.417029	1	1	5	1030	0.0143868
0.417029	1	1	5	1030	0.0143468
0.418029	1	1	5	1030	0.0153068
0.418029	1	1	5	1030	0.0152668
0.418029	1	1	5	1030	0.0152268
0.418029	1	1	5	1030	0.0151868
0.418029	1	1	5	1030	0.0151468
0.418029	1	1	5	1030	0.0151068
0.418029	1	1	5	1030	0.0150668
0.418029	1	1	5	1030	0.0150268
0.419029	1	1	5	1030	0.0159868
0.419029	1	1	5	1030	0.0159468
0.419029	1	1	5	1030	0.0159068
0.419029	1	1	5	1030	0.0158668
0.419029	1	1	5	1030	0.0158268
0.419029	1	1	5	1030	0.0157868
0.419029	1	1	5	1030	0.0157468
0.419029	1	1	5	1030	0.0157068
0.419029	1	1	5	1030	0.0156668
0.420029	1	1	5	1030	0.0166268
0.420029	1	1	5	1030	0.0165868
0.420029	1	1	5	1030	0.0165468
0.420029	1	1	5	1030	0.0165068
0.420029	1	1	5	1030	0.0164668
0.420029	1	1	5	1030	0.0164268
0.420029	1	1	5	1030	0.0163868
0.420029	1	1	5	1030	0.0163468
0.421029	1	1	5	1030	0.0173068
0.421029	1	1	5	1030	0.0172668
0.421029	1	1	5	1030	0.0172268
0.421029	1	1	5	1030	0.0171868
0.421029	1	1	5	1030	0.0171468
0.421029	1	1	5	1030	0.0171068
0.421029	1	1	5	1030	0.0170668
0.421029	1	1	5	1030	0.0170268
0.421029	1	1	5	1030	0.0169868
0.422029	1	1	5	1030	0.0179468
0.422029	1	1	5	1030	0.0179068
0.422029	1	1	5	1030	0.0178668
0.422029	1	1	5	1030	0.0178268
0.422029	1	1	5	1030	0.0177868
0.422029	1	1	5	1030	0.0177468
0.422029	1	1	5	1030	0.0177068
0.422029	1	1	5	1030	0.0176668
0.423029	1	1	5	1030	0.0186268
0.423029	1	1	5	1030	0.0185868
0.423029	1	1	5	1030	0.0185468
0.423029	1	1	5	1030	0.0185068
0.423029	1	1	5	1030	0.0184668
0.423029	1	1	5	1030	0.0184268
0.423029	1	1	5	1030	0.0183868
0.423029	1	1	5	1030	0.0183468
0.423029	1	1	5	1030	0.0183068
0.424029	1	1	5	1030	0.0192668
0.424029	1	1	5	1030	0.0192268
0.424029	1	1	5	1030	0.0191868
0.424029	1	1	5	1030	0.0191468
0.424029	1	1	5	1030	0.0191068
0.424029	1	1	5	1030	0.0190668
0.424029	1	1	5	1030	0.0190268
0.424029	1	1	5	1030	0.0189868
0.425029	1	1	5	1030	0.0199468
0.425029	1	1	5	1030	0.0199068
0.425029	1	1	5	1030	0.0198668
0.425029	1	1	5	1030	0.0198268
0.425029	1	1	5	1030	0.0197868
0.425029	1	1	5	1030	0.0197468
0.425029	1	1	5	1030	0.0197068
0.425029	1	1	5	1030	0.0196668
0.426029	1	1	5	1030	0.0206268
0.426029	1	1	5	1030	0.0205868
0.426029	1	1	5	1030	0.0205468
0.426029	1	1	5	1030	0.0205068
0.426029	1	1	5	1030	0.0204668
0.426029	1	1	5	1030	0.0204268
0.426029	1	1	5	1030	0.0203868
0.426029	1	1	5	1030	0.0203468
0.426029	1	1	5	1030	0.0203068
0.427029	1	1	5	1030	0.0212668
0.427029	1	1	5	1030	0.0212268
0.427029	1	1	5	1030	0.0211868
0.427029	1	1	5	1030	0.0211468
0.427029	1	1	5	1030	0.0211068
0.427029	1	1	5	1030	0.0210668
0.427029	1	1	5	1030	0.0210268
0.427029	1	1	5	1030	0.0209868
0.428029	1	1	5	1030	0.0219468
0.428029	1	1	5	1030	0.0219068
0.428029	1	1	5	1030	0.0218668
0.428029	1	1	5	1030	0.0218268
0.428029	1	1	5	1030	0.0217868
0.428029	1	1	5	1030	0.0217468
0.428029	1	1	5	1030	0.0217068
0.428029	1	1	5	1030	0.0216668
0.428029	1	1	5	1030	0.0216268
0.429029	1	1	5	1030	0.0225868
0.429029	1	1	5	1030	0.0225468
0.429029	1	1	5	1030	0.0225068
0.429029	1	1	5	1030	0.0224668
0.429029	1	1	5	1030	0.0224268
0.429029	1	1	5	1030	0.0223868
0.429029	1	1	5	1030	0.0223468
0.429029	1	1	5	1030	0.0223068
0.430029	1	1	5	1030	0.0232668
0.430029	1	1	5	1030	0.0232268
0.430029	1	1	5	1030	0.0231868
0.430029	1	1	5	1030	0.0231468
0.430029	1	1	5	1030	0.0231068
0.430029	1	1	5	1030	0.0230668
0.430029	1	1	5	1030	0.0230268
0.430029	1	1	5	1030	0.0229868
0.431029	1	1	5	1030	0.0239468
0.431029	1	1	5	1030	0.0239068
0.431029	1	1	5	1030	0.0238668
0.431029	1	1	5	1030	0.0238268
0.431029	1	1	5	1030	0.0237868
0.431029	1	1	5	1030	0.0237468
0.431029	1	1	5	1030	0.0237068
0.431029	1	1	5	1030	0.0236668
0.431029	1	1	5	1030	0.0236268
0.432029	1	1	5	1030	0.0245868
0.432029	1	1	5	1030	0.0245468
0.432029	1	1	5	1030	0.0245068
0.432029	1	1	5	1030	0.0244668
0.432029	1	1	5	1030	0.0244268
0.432029	1	1	5	1030	0.0243868
0.432029	1	1	5	1030	0.0243468
0.432029	1	1	5	1030	0.0243068
0.433029	1	1	5	1030	0.0252668
0.433029	1	1	5	1030	0.0252268
0.433029	1	1	5	1030	0.0251868
0.433029	1	1	5	1030	0.0251468
0.433029	1	1	5	1030	0.0251068
0.433029	1	1	5	1030	0.0250668
0.433029	1	1	5	1030	0.0250268
0.433029	1	1	5	1030	0.0249868
0.433029	1	1	5	1030	0.0249468
0.434029	1	1	5	1030	0.0259068
0.434029	1	1	5	1030	0.0258668
0.434029	1	1	5	1030	0.0258268
0.434029	1	1	5	1030	0.0257868
0.434029	1	1	5	1030	0.0257468
0.434029	1	1	5	1030	0.0257068
0.434029	1	1	5	1030	0.0256668
0.434029	1	1	5	1030	0.0256268
0.435029	1	1	5	1030	0.0265868
0.435029	1	1	5	1030	0.0265468
0.435029	1	1	5	1030	0.0265068
0.435029	1	1	5	1030	0.0264668
0.435029	1	1	5	1030	0.0264268
0.435029	1	1	5	1030	0.0263868
0.435029	1	1	5	1030	0.0263468
0.435029	1	1	5	1030	0.0263068
0.435029	1	1	5	1030	0.0262668
0.436029	1	1	5	1030	0.0272268
0.436029	1	1	5	1030	0.0271868
0.436029	1	1	5	1030	0.0271468
0.436029	1	1	5	1030	0.0271068
0.436029	1	1	5	1030	0.0270668
0.436029	1	1	5	1030	0.0270268
0.436029	1	1	5	1030	0.0269868
0.436029	1	1	5	1030	0.0269468
0.437029	1	1	5	1030	0.0279068
0.437029	1	1	5	1030	0.0278668
0.437029	1	1	5	1030	0.0278268
0.437029	1	1	5	1030	0.0277868
0.437029	1	1	5	1030	0.0277468
0.437029	1	1	5	1030	0.0277068
0.437029	1	1	5	1030	0.0276668
0.437029	1	1	5	1030	0.0276268
0.438029	1	1	5	1030	0.0285868
0.438029	1	1	5	1030	0.0285468
0.438029	1	1	5	1030	0.0285068
0.438029	1	1	5	1030	0.0284668
0.438029	1	1	5	1030	0.0284268
0.438029	1	1	5	1030	0.0283868
0.438029	1	1	5	1030	0.0283468
0.438029	1	1	5	1030	0.0283068
0.438029	1	1	5	1030	0.0282668
0.439029	1	1	5	1030	0.0292268
0.439029	1	1	5	1030	0.0291868
0.439029	1	1	5	1030	0.0291468
0.439029	1	1	5	1030	0.0291068
0.439029	1	1	5	1030	0.0290668
0.439029	1	1	5	1030	0.0290268
0.439029	1	1	5	1030	0.0289868
0.439029	1	1	5	1030	0.0289468
0.440029	1	1	5	1030	0.0299068
0.440029	1	1	5	1030	0.0298668
0.440029	1	1	5	1030	0.0298268
0.440029	1	1	5	1030	0.0297868
0.440029	1	1	5	1030	0.0297468
0.440029	1	1	5	1030	0.0297068
0.440029	1	1	5	1030	0.0296668
0.440029	1	1	5	1030	0.0296268
0.440029	1	1	5	1030	0.0295868
0.441029	1	1	5	1030	0.0305468
0.441029	1	1	5	1030	0.0305068
0.441029	1	1	5	1030	0.0304668
0.441029	1	1	5	1030	0.0304268
0.441029	1	1	5	1030	0.0303868
0.441029	1	1	5	1030	0.0303468
0.441029	1	1	5	1030	0.0303068
0.441029	1	1	5	1030	0.0302668
0.442029	1	1	5	1030	0.0312268
0.442029	1	1	5	1030	0.0311868
0.442029	1	1	5	1030	0.0311468
0.442029	1	1	5	1030	0.0311068
0.442029	1	1	5	1030	0.0310668
0.442029	1	1	5	1030	0.0310268
0.442029	1	1	5	1030	0.0309868
0.442029	1	1	5	1030	0.0309468
0.442029	1	1	5	1030	0.0309068
0.443029	1	1	5	1030	0.0318668
0.443029	1	1	5	1030	0.0318268
0.443029	1	1	5	1030	0.0317868
0.443029	1	1	5	1030	0.0317468
0.443029	1	1	5	1030	0.0317068
0.443029	1	1	5	1030	0.0316668
0.443029	1	1	5	1030	0.0316268
0.443029	1	1	5	1030	0.0315868
0.444029	1	1	5	1030	0.0325468
0.444029	1	1	5	1030	0.0325068
0.444029	1	1	5	1030	0.0324668
0.444029	1	1	5	1030	0.0324268
0.444029	1	1	5	1030	0.0323868
0.444029	1	1	5	1030	0.0323468
0.444029	1	1	5	1030	0.0323068
0.444029	1	1	5	1030	0.0322668
0.445029	1	1	5	1030	0.0332268
0.445029	1	1	5	1030	0.0331868
0.445029	1	1	5	1030	0.0331468
0.445029	1	1	5	1030	0.0331068
0.445029	1	1	5	1030	0.0330668
0.445029	1	1	5	1030	0.0330268
0.445029	1	1	5	1030	0.0329868
0.445029	1	1	5	1030	0.0329468
0.445029	1	1	5	1030	0.0329068
0.446029	1	1	5	1030	0.0338668
0.446029	1	1	5	1030	0.0338268
0.446029	1	1	5	1030	0.0337868
0.446029	1	1	5	1030	0.0337468
0.446029	1	1	5	1030	0.0337068
0.446029	1	1	5	1030	0.0336668
0.446029	1	1	5	1030	0.0336268
0.446029	1	1	5	1030	0.0335868
0.447029	1	1	5	1030	0.0345468
0.447029	1	1	5	1030	0.0345068
0.447029	1	1	5	1030	0.0344668
0.447029	1	1	5	1030	0.0344268
0.447029	1	1	5	1030	0.0343868
0.447029	1	1	5	1030	0.0343468
0.447029	1	1	5	1030	0.0343068
0.447029	1	1	5	1030	0.0342668
0.447029	1	1	5	1030	0.0342268
0.448029	1	1	5	1030	0.0351868
0.448029	1	1	5	1030	0.0351468
0.448029	1	1	5	1030	0.0351068
0.448029	1	1	5	1030	0.0350668
0.448029	1	1	5	1030	0.0350268
0.448029	1	1	5	1030	0.0349868
0.448029	1	1	5	1030	0.0349468
0.448029	1	1	5	1030	0.0349068
0.449029	1	1	5	1030	0.0358668
0.449029	1	1	5	1030	0.0358268
0.449029	1	1	5	1030	0.0357868
0.449029	1	1	5	1030	0.0357468
0.449029	1	1	5	1030	0.0357068
0.449029	1	1	5	1030	0.0356668
0.449029	1	1	5	1030	0.0356268
0.449029	1	1	5	1030	0.0355868
0.450029	1	1	5	1030	0.0365468
0.450029	1	1	5	1030	0.0365068
0.450029	1	1	5	1030	0.0364668
0.450029	1	1	5	1030	0.0364268
0.450029	1	1	5	1030	0.0363868
0.450029	1	1	5	1030	0.0363468
0.450029	1	1	5	1030	0.0363068
0.450029	1	1	5	1030	0.0362668
0.450029	1	1	5	1030	0.0362268
0.450957	1	1	5	1030	0.0371153
0.450957	1	1	5	1030	0.0370753
0.450957	1	1	5	1030	0.0370353
0.450957	1	1	5	1030	0.0369953
0.450957	1	1	5	1030	0.0369553
0.450957	1	1	5	1030	0.0369153
0.450957	1	1	5	1030	0.0368753
0.450957	1	1	5	1030	0.0368353
0.452029	1	1	5	1030	0.0378668
0.452029	1	1	5	1030	0.0378268
0.452029	1	1	5	1030	0.0377868
0.452029	1	1	5	1030	0.0377468
0.452029	1	1	5	1030	0.0377068
0.452029	1	1	5	1030	0.0376668
0.452029	1	1	5	1030	0.0376268
0.452029	1	1	5	1030	0.0375868
0.453029	1	1	5	1030	0.0385468
0.453029	1	1	5	1030	0.0385068
0.453029	1	1	5	1030	0.0384668
0.453029	1	1	5	1030	0.0384268
0.453029	1	1	5	1030	0.0383868
0.453029	1	1	5	1030	0.0383468
0.453029	1	1	5	1030	0.0383068
0.453029	1	1	5	1030	0.0382668
0.454029	1	1	5	1030	0.0392268
0.454029	1	1	5	1030	0.0391868
0.454029	1	1	5	1030	0.0391468
0.454029	1	1	5	1030	0.0391068
0.454029	1	1	5	1030	0.0390668
0.454029	1	1	5	1030	0.0390268
0.454029	1	1	5	1030	0.0389868
0.454029	1	1	5	1030	0.0389468
0.454029	1	1	5	1030	0.0389068
0.455029	1	1	5	1030	0.0398668
0.455029	1	1	5	1030	0.0398268
0.455029	1	1	5	1030	0.0397868
0.455029	1	1	5	1030	0.0397468
0.455029	1	1	5	1030	0.0397068
0.455029	1	1	5	1030	0.0396668
0.455029	1	1	5	1030	0.0396268
0.455029	1	1	5	1030	0.0395868
0.456029	1	1	5	1030	0.0405468
0.456029	1	1	5	1030	0.0405068
0.456029	1	1	5	1030	0.0404668
0.456029	1	1	5	1030	0.0404268
0.456029	1	1	5	1030	0.0403868
0.456029	1	1	5	1030	0.0403468
0.456029	1	1	5	1030	0.0403068
0.456029	1	1	5	1030	0.0402668
0.456029	1	1	5	1030	0.0402268
0.457029	1	1	5	1030	0.0411868
0.457029	1	1	5	1030	0.0411468
0.457029	1	1	5	1030	0.0411068
0.457029	1	1	5	1030	0.0410668
0.457029	1	1	5	1030	0.0410268
0.457029	1	1	5	1030	0.0409868
0.457029	1	1	5	1030	0.0409468
0.457029	1	1	5	1030	0.0409068
0.458029	1	1	5	1030	0.0418668
0.458029	1	1	5	1030	0.0418268
0.458029	1	1	5	1030	0.0417868
0.458029	1	1	5	1030	0.0417468
0.458029	1	1	5	1030	0.0417068
0.458029	1	1	5	1030	0.0416668
0.458029	1	1	5	1030	0.0416268
0.458029	1	1	5	1030	0.0415868
0.458029	1	1	5	1030	0.0415468
0.459029	1	1	5	1030	0.0425068
0.459029	1	1	5	1030	0.0424668
0.459029	1	1	5	1030	0.0424268
0.459029	1	1	5	1030	0.0423868
0.459029	1	1	5	1030	0.0423468
0.459029	1	1	5	1030	0.0423068
0.459029	1	1	5	1030	0.0422668
0.459029	1	1	5	1030	0.0422268
0.460029	1	1	5	1030	0.0431868
0.460029	1	1	5	1030	0.0431468
0.460029	1	1	5	1030	0.0431068
0.460029	1	1	5	1030	0.0430668
0.460029	1	1	5	1030	0.0430268
0.460029	1	1	5	1030	0.0429868
0.460029	1	1	5	1030	0.0429468
0.460029	1	1	5	1030	0.0429068
0.461029	1	1	5	1030	0.0438668
0.461029	1	1	5	1030	0.0438268
0.461029	1	1	5	1030	0.0437868
0.461029	1	1	5	1030	0.0437468
0.461029	1	1	5	1030	0.0437068
0.461029	1	1	5	1030	0.0436668
0.461029	1	1	5	1030	0.0436268
0.461029	1	1	5	1030	0.0435868
0.461029	1	1	5	1030	0.0435468
0.462029	1	1	5	1030	0.0445068
0.462029	1	1	5	1030	0.0444668
0.462029	1	1	5	1030	0.0444268
0.462029	1	1	5	1030	0.0443868
0.462029	1	1	5	1030	0.0443468
0.462029	1	1	5	1030	0.0443068
0.462029	1	1	5	1030	0.0442668
0.462029	1	1	5	1030	0.0442268
0.463029	1	1	5	1030	0.0451868
0.463029	1	1	5	1030	0.0451468
0.463029	1	1	5	1030	0.0451068
0.463029	1	1	5	1030	0.0450668
0.463029	1	1	5	1030	0.0450268
0.463029	1	1	5	1030	0.0449868
0.463029	1	1	5	1030	0.0449468
0.463029	1	1	5	1030	0.0449068
0.463029	1	1	5	1030	0.0448668
0.464029	1	1	5	1030	0.0458268
0.464029	1	1	5	1030	0.0457868
0.464029	1	1	5	1030	0.0457468
0.464029	1	1	5	1030	0.0457068
0.464029	1	1	5	1030	0.0456668
0.464029	1	1	5	1030	0.0456268
0.464029	1	1	5	1030	0.0455868
0.464029	1	1	5	1030	0.0455468
0.465029	1	1	5	1030	0.0465068
0.465029	1	1	5	1030	0.0464668
0.465029	1	1	5	1030	0.0464268
0.465029	1	1	5	1030	0.0463868
0.465029	1	1	5	1030	0.0463468
0.465029	1	1	5	1030	0.0463068
0.465029	1	1	5	1030	0.0462668
0.465029	1	1	5	1030	0.0462268
0.466029	1	1	5	1030	0.0471868
0.466029	1	1	5	1030	0.0471468
0.466029	1	1	5	1030	0.0471068
0.466029	1	1	5	1030	0.0470668
0.466029	1	1	5	1030	0.0470268
0.466029	1	1	5	1030	0.0469868
0.466029	1	1	5	1030	0.0469468
0.466029	1	1	5	1030	0.0469068
0.466029	1	1	5	1030	0.0468668
0.467029	1	1	5	1030	0.0478268
0.467029	1	1	5	1030	0.0477868
0.467029	1	1	5	1030	0.0477468
0.467029	1	1	5	1030	0.0477068
0.467029	1	1	5	1030	0.0476668
0.467029	1	1	5	1030	0.0476268
0.467029	1	1	5	1030	0.0475868
0.467029	1	1	5	1030	0.0475468
0.468029	1	1	5	1030	0.0485068
0.468029	1	1	5	1030	0.0484668
0.468029	1	1	5	1030	0.0484268
0.468029	1	1	5	1030	0.0483868
0.468029	1	1	5	1030	0.0483468
0.468029	1	1	5	1030	0.0483068
0.468029	1	1	5	1030	0.0482668
0.468029	1	1	5	1030	0.0482268
0.468029	1	1	5	1030	0.0481868
0.469029	1	1	5	1030	0.0491468
0.469029	1	1	5	1030	0.0491068
0.469029	1	1	5	1030	0.0490668
0.469029	1	1	5	1030	0.0490268
0.469029	1	1	5	1030	0.0489868
0.469029	1	1	5	1030	0.0489468
0.469029	1	1	5	1030	0.0489068
0.469029	1	1	5	1030	0.0488668
0.470029	1	1	5	1030	0.0498268
0.470029	1	1	5	1030	0.0497868
0.470029	1	1	5	1030	0.0497468
0.470029	1	1	5	1030	0.0497068
0.470029	1	1	5	1030	0.0496668
0.470029	1	1	5	1030	0.0496268
0.470029	1	1	5	1030	0.0495868
0.470029	1	1	5	1030	0.0495468
0.470029	1	1	5	1030	0.0495068
0.471029	1	1	5	1030	0.0504668
0.471029	1	1	5	1030	0.0504268
0.471029	1	1	5	1030	0.0503868
0.471029	1	1	5	1030	0.0503468
0.471029	1	1	5	1030	0.0503068
0.471029	1	1	5	1030	0.0502668
0.471029	1	1	5	1030	0.0502268
0.471029	1	1	5	1030	0.0501868
0.472029	1	1	5	1030	0.0511468
0.472029	1	1	5	1030	0.0511068
0.472029	1	1	5	1030	0.0510668
0.472029	1	1	5	1030	0.0510268
0.472029	1	1	5	1030	0.0509868
0.472029	1	1	5	1030	0.0509468
0.472029	1	1	5	1030	0.0509068
0.472029	1	1	5	1030	0.0508668
0.473029	1	1	5	1030	0.0518268
0.473029	1	1	5	1030	0.0517868
0.473029	1	1	5	1030	0.0517468
0.473029	1	1	5	1030	0.0517068
0.473029	1	1	5	1030	0.0516668
0.473029	1	1	5	1030	0.0516268
0.473029	1	1	5	1030	0.0515868
0.473029	1	1	5	1030	0.0515468
0.473029	1	1	5	1030	0.0515068
0.474029	1	1	5	1030	0.0524668
0.474029	1	1	5	1030	0.0524268
0.474029	1	1	5	1030	0.0523868
0.474029	1	1	5	1030	0.0523468
0.474029	1	1	5	1030	0.0523068
0.474029	1	1	5	1030	0.0522668
0.474029	1	1	5	1030	0.0522268
0.474029	1	1	5	1030	0.0521868
0.475029	1	1	5	1030	0.0531468
0.475029	1	1	5	1030	0.0531068
0.475029	1	1	5	1030	0.0530668
0.475029	1	1	5	1030	0.0530268
0.475029	1	1	5	1030	0.0529868
0.475029	1	1	5	1030	0.0529468
0.475029	1	1	5	1030	0.0529068
0.475029	1	1	5	1030	0.0528668
0.475029	1	1	5	1030	0.0528268
0.476029	1	1	5	1030	0.0537868
0.476029	1	1	5	1030	0.0537468
0.476029	1	1	5	1030	0.0537068
0.476029	1	1	5	1030	0.0536668
0.476029	1	1	5	1030	0.0536268
0.476029	1	1	5	1030	0.0535868
0.476029	1	1	5	1030	0.0535468
0.476029	1	1	5	1030	0.0535068
0.477029	1	1	5	1030	0.0544668
0.477029	1	1	5	1030	0.0544268
0.477029	1	1	5	1030	0.0543868
0.477029	1	1	5	1030	0.0543468
0.477029	1	1	5	1030	0.0543068
0.477029	1	1	5	1030	0.0542668
0.477029	1	1	5	1030	0.0542268
0.477029	1	1	5	1030	0.0541868
0.477029	1	1	5	1030	0.0541468
0.478029	1	1	5	1030	0.0551068
0.478029	1	1	5	1030	0.0550668
0.478029	1	1	5	1030	0.0550268
0.478029	1	1	5	1030	0.0549868
0.478029	1	1	5	1030	0.0549468
0.478029	1	1	5	1030	0.0549068
0.478029	1	1	5	1030	0.0548668
0.478029	1	1	5	1030	0.0548268
0.479029	1	1	5	1030	0.0557868
0.479029	1	1	5	1030	0.0557468
0.479029	1	1	5	1030	0.0557068
0.479029	1	1	5	1030	0.0556668
0.479029	1	1	5	1030	0.0556268
0.479029	1	1	5	1030	0.0555868
0.479029	1	1	5	1030	0.0555468
0.479029	1	1	5	1030	0.0555068
0.480029	1	1	5	1030	0.0564668
0.480029	1	1	5	1030	0.0564268
0.480029	1	1	5	1030	0.0563868
0.480029	1	1	5	1030	0.0563468
0.480029	1	1	5	1030	0.0563068
0.480029	1	1	5	1030	0.0562668
0.480029	1	1	5	1030	0.0562268
0.480029	1	1	5	1030	0.0561868
0.480029	1	1	5	1030	0.0561468
0.481029	1	1	5	1030	0.0571068
0.481029	1	1	5	1030	0.0570668
0.481029	1	1	5	1030	0.0570268
0.481029	1	1	5	1030	0.0569868
0.481029	1	1	5	1030	0.0569468
0.481029	1	1	5	1030	0.0569068
0.481029	1	1	5	1030	0.0568668
0.481029	1	1	5	1030	0.0568268
0.482029	1	1	5	1030	0.0577868
0.482029	1	1	5	1030	0.0577468
0.482029	1	1	5	1030	0.0577068
0.482029	1	1	5	1030	0.0576668
0.482029	1	1	5	1030	0.0576268
0.482029	1	1	5	1030	0.0575868
0.482029	1	1	5	1030	0.0575468
0.482029	1	1	5	1030	0.0575068
0.482029	1	1	5	1030	0.0574668
0.483029	1	1	5	1030	0.0584268
0.483029	1	1	5	1030	0.0583868
0.483029	1	1	5	1030	0.0583468
0.483029	1	1	5	1030	0.0583068
0.483029	1	1	5	1030	0.0582668
0.483029	1	1	5	1030	0.0582268
0.483029	1	1	5	1030	0.0581868
0.483029	1	1	5	1030	0.0581468
0.484029	1	1	5	1030	0.0591068
0.484029	1	1	5	1030	0.0590668
0.484029	1	1	5	1030	0.0590268
0.484029	1	1	5	1030	0.0589868
0.484029	1	1	5	1030	0.0589468
0.484029	1	1	5	1030	0.0589068
0.484029	1	1	5	1030	0.0588668
0.484029	1	1	5	1030	0.0588268
0.485029	1	1	5	1030	0.0597868
0.485029	1	1	5	1030	0.0597468
0.485029	1	1	5	1030	0.0597068
0.485029	1	1	5	1030	0.0596668
0.485029	1	1	5	1030	0.0596268
0.485029	1	1	5	1030	0.0595868
0.485029	1	1	5	1030	0.0595468
0.485029	1	1	5	1030	0.0595068
0.485029	1	1	5	1030	0.0594668
0.486029	1	1	5	1030	0.0604268
0.486029	1	1	5	1030	0.0603868
0.486029	1	1	5	1030	0.0603468
0.486029	1	1	5	1030	0.0603068
0.486029	1	1	5	1030	0.0602668
0.486029	1	1	5	1030	0.0602268
0.486029	1	1	5	1030	0.0601868
0.486029	1	1	5	1030	0.0601468
0.487029	1	1	5	1030	0.0611068
0.487029	1	1	5	1030	0.0610668
0.487029	1	1	5	1030	0.0610268
0.487029	1	1	5	1030	0.0609868
0.487029	1	1	5	1030	0.0609468
0.487029	1	1	5	1030	0.0609068
0.487029	1	1	5	1030	0.0608668
0.487029	1	1	5	1030	0.0608268
0.487029	1	1	5	1030	0.0607868
0.488029	1	1	5	1030	0.0617468
0.488029	1	1	5	1030	0.0617068
0.488029	1	1	5	1030	0.0616668
0.488029	1	1	5	1030	0.0616268
0.488029	1	1	5	1030	0.0615868
0.488029	1	1	5	1030	0.0615468
0.488029	1	1	5	1030	0.0615068
0.488029	1	1	5	1030	0.0614668
0.489029	1	1	5	1030	0.0624268
0.489029	1	1	5	1030	0.0623868
0.489029	1	1	5	1030	0.0623468
0.489029	1	1	5	1030	0.0623068
0.489029	1	1	5	1030	0.0622668
0.489029	1	1	5	1030	0.0622268
0.489029	1	1	5	1030	0.0621868
0.489029	1	1	5	1030	0.0621468
0.489029	1	1	5	1030	0.0621068
0.490029	1	1	5	1030	0.0630668
0.490029	1	1	5	1030	0.0630268
0.490029	1	1	5	1030	0.0629868
0.490029	1	1	5	1030	0.0629468
0.490029	1	1	5	1030	0.0629068
0.490029	1	1	5	1030	0.0628668
0.490029	1	1	5	1030	0.0628268
0.490029	1	1	5	1030	0.0627868
0.491029	1	1	5	1030	0.0637468
0.491029	1	1	5	1030	0.0637068
0.491029	1	1	5	1030	0.0636668
0.491029	1	1	5	1030	0.0636268
0.491029	1	1	5	1030	0.0635868
0.491029	1	1	5	1030	0.0635468
0.491029	1	1	5	1030	0.0635068
0.491029	1	1	5	1030	0.0634668
0.492029	1	1	5	1030	0.0644268
0.492029	1	1	5	1030	0.0643868
0.492029	1	1	5	1030	0.0643468
0.492029	1	1	5	1030	0.0643068
0.492029	1	1	5	1030	0.0642668
0.492029	1	1	5	1030	0.0642268
0.492029	1	1	5	1030	0.0641868
0.492029	1	1	5	1030	0.0641468
0.492029	1	1	5	1030	0.0641068
0.493029	1	1	5	1030	0.0650668
0.493029	1	1	5	1030	0.0650268
0.493029	1	1	5	1030	0.0649868
0.493029	1	1	5	1030	0.0649468
0.493029	1	1	5	1030	0.0649068
0.493029	1	1	5	1030	0.0648668
0.493029	1	1	5	1030	0.0648268
0.493029	1	1	5	1030	0.0647868
0.494029	1	1	5	1030	0.0657468
0.494029	1	1	5	1030	0.0657068
0.494029	1	1	5	1030	0.0656668
0.494029	1	1	5	1030	0.0656268
0.494029	1	1	5	1030	0.0655868
0.494029	1	1	5	1030	0.0655468
0.494029	1	1	5	1030	0.0655068
0.494029	1	1	5	1030	0.0654668
0.494029	1	1	5	1030	0.0654268
0.495029	1	1	5	1030	0.0663868
0.495029	1	1	5	1030	0.0663468
0.495029	1	1	5	1030	0.0663068
0.495029	1	1	5	1030	0.0662668
0.495029	1	1	5	1030	0.0662268
0.495029	1	1	5	1030	0.0661868
0.495029	1	1	5	1030	0.0661468
0.495029	1	1	5	1030	0.0661068
0.496029	1	1	5	1030	0.0670668
0.496029	1	1	5	1030	0.0670268
0.496029	1	1	5	1030	0.0669868
0.496029	1	1	5	1030	0.0669468
0.496029	1	1	5	1030	0.0669068
0.496029	1	1	5	1030	0.0668668
0.496029	1	1	5	1030	0.0668268
0.496029	1	1	5	1030	0.0667868
0.496029	1	1	5	1030	0.0667468
0.497029	1	1	5	1030	0.0677068
0.497029	1	1	5	1030	0.0676668
0.497029	1	1	5	1030	0.0676268
0.497029	1	1	5	1030	0.0675868
0.497029	1	1	5	1030	0.0675468
0.497029	1	1	5	1030	0.0675068
0.497029	1	1	5	1030	0.0674668
0.497029	1	1	5	1030	0.0674268
0.498029	1	1	5	1030	0.0683868
0.498029	1	1	5	1030	0.0683468
0.498029	1	1	5	1030	0.0683068
0.498029	1	1	5	1030	0.0682668
0.498029	1	1	5	1030	0.0682268
0.498029	1	1	5	1030	0.0681868
0.498029	1	1	5	1030	0.0681468
0.498029	1	1	5	1030	0.0681068
0.499029	1	1	5	1030	0.0690668
0.499029	1	1	5	1030	0.0690268
0.499029	1	1	5	1030	0.0689868
0.499029	1	1	5	1030	0.0689468
0.499029	1	1	5	1030	0.0689068
0.499029	1	1	5	1030	0.0688668
0.499029	1	1	5	1030	0.0688268
0.499029	1	1	5	1030	0.0687868
0.499029	1	1	5	1030	0.0687468
0.500029	1	1	5	1030	0.0697068
0.500029	1	1	5	1030	0.0696668
0.500029	1	1	5	1030	0.0696268
0.500029	1	1	5	1030	0.0695868
0.500029	1	1	5	1030	0.0695468
0.500029	1	1	5	1030	0.0695068
0.500029	1	1	5	1030	0.0694668
0.500029	1	1	5	1030	0.0694268
0.501029	1	1	5	1030	0.0703868
0.501029	1	1	5	1030	0.0703468
0.501029	1	1	5	1030	0.0703068
0.501029	1	1	5	1030	0.0702668
0.501029	1	1	5	1030	0.0702268
0.501029	1	1	5	1030	0.0701868
0.501029	1	1	5	1030	0.0701468
0.501029	1	1	5	1030	0.0701068
0.501029	1	1	5	1030	0.0700668
0.502029	1	1	5	1030	0.0710268
0.502029	1	1	5	1030	0.0709868
0.502029	1	1	5	1030	0.0709468
0.502029	1	1	5	1030	0.0709068
0.502029	1	1	5	1030	0.0708668
0.502029	1	1	5	1030	0.0708268
0.502029	1	1	5	1030	0.0707868
0.502029	1	1	5	1030	0.0707468
0.503029	1	1	5	1030	0.0717068
0.503029	1	1	5	1030	0.0716668
0.503029	1	1	5	1030	0.0716268
0.503029	1	1	5	1030	0.0715868
0.503029	1	1	5	1030	0.0715468
0.503029	1	1	5	1030	0.0715068
0.503029	1	1	5	1030	0.0714668
0.503029	1	1	5	1030	0.0714268
0.504029	1	1	5	1030	0.0723868
0.504029	1	1	5	1030	0.0723468
0.504029	1	1	5	1030	0.0723068
0.504029	1	1	5	1030	0.0722668
0.504029	1	1	5	1030	0.0722268
0.504029	1	1	5	1030	0.0721868
0.504029	1	1	5	1030	0.0721468
0.504029	1	1	5	1030	0.0721068
0.504029	1	1	5	1030	0.0720668
0.505029	1	1	5	1030	0.0730268
0.505029	1	1	5	1030	0.0729868
0.505029	1	1	5	1030	0.0729468
0.505029	1	1	5	1030	0.0729068
0.505029	1	1	5	1030	0.0728668
0.505029	1	1	5	1030	0.0728268
0.505029	1	1	5	1030	0.0727868
0.505029	1	1	5	1030	0.0727468
0.506029	1	1	5	1030	0.0737068
0.506029	1	1	5	1030	0.0736668
0.506029	1	1	5	1030	0.0736268
0.506029	1	1	5	1030	0.0735868
0.506029	1	1	5	1030	0.0735468
0.506029	1	1	5	1030	0.0735068
0.506029	1	1	5	1030	0.0734668
0.506029	1	1	5	1030	0.0734268
0.506029	1	1	5	1030	0.0733868
0.507029	1	1	5	1030	0.0743468
0.507029	1	1	5	1030	0.0743068
0.507029	1	1	5	1030	0.0742668
0.507029	1	1	5	1030	0.0742268
0.507029	1	1	5	1030	0.0741868
0.507029	1	1	5	1030	0.0741468
0.507029	1	1	5	1030	0.0741068
0.507029	1	1	5	1030	0.0740668
0.508029	1	1	5	1030	0.0750268
0.508029	1	1	5	1030	0.0749868
0.508029	1	1	5	1030	0.0749468
0.508029	1	1	5	1030	0.0749068
0.508029	1	1	5	1030	0.0748668
0.508029	1	1	5	1030	0.0748268
0.508029	1	1	5	1030	0.0747868
0.508029	1	1	5	1030	0.0747468
0.508029	1	1	5	1030	0.0747068
0.509029	1	1	5	1030	0.0756668
0.509029	1	1	5	1030	0.0756268
0.509029	1	1	5	1030	0.0755868
0.509029	1	1	5	1030	0.0755468
0.509029	1	1	5	1030	0.0755068
0.509029	1	1	5	1030	0.0754668
0.509029	1	1	5	1030	0.0754268
0.509029	1	1	5	1030	0.0753868
0.510029	1	1	5	1030	0.0763468
0.510029	1	1	5	1030	0.0763068
0.510029	1	1	5	1030	0.0762668
0.510029	1	1	5	1030	0.0762268
0.510029	1	1	5	1030	0.0761868
0.510029	1	1	5	1030	0.0761468
0.510029	1	1	5	1030	0.0761068
0.510029	1	1	5	1030	0.0760668
0.511029	1	1	5	1030	0.0770268
0.511029	1	1	5	1030	0.0769868
0.511029	1	1	5	1030	0.0769468
0.511029	1	1	5	1030	0.0769068
0.511029	1	1	5	1030	0.0768668
0.511029	1	1	5	1030	0.0768268
0.511029	1	1	5	1030	0.0767868
0.511029	1	1	5	1030	0.0767468
0.511029	1	1	5	1030	0.0767068
0.512029	1	1	5	1030	0.0776668
0.512029	1	1	5	1030	0.0776268
0.512029	1	1	5	1030	0.0775868
0.512029	1	1	5	1030	0.0775468
0.512029	1	1	5	1030	0.0775068
0.512029	1	1	5	1030	0.0774668
0.512029	1	1	5	1030	0.0774268
0.512029	1	1	5	1030	0.0773868
0.513029	1	1	5	1030	0.0783468
0.513029	1	1	5	1030	0.0783068
0.513029	1	1	5	1030	0.0782668
0.513029	1	1	5	1030	0.0782268
0.513029	1	1	5	1030	0.0781868
0.513029	1	1	5	1030	0.0781468
0.513029	1	1	5	1030	0.0781068
0.513029	1	1	5	1030	0.0780668
0.513029	1	1	5	1030	0.0780268
0.514029	1	1	5	1030	0.0789868
0.514029	1	1	5	1030	0.0789468
0.514029	1	1	5	1030	0.0789068
0.514029	1	1	5	1030	0.0788668
0.514029	1	1	5	1030	0.0788268
0.514029	1	1	5	1030	0.0787868
0.514029	1	1	5	1030	0.0787468
0.514029	1	1	5	1030	0.0787068
0.515029	1	1	5	1030	0.0796668
0.515029	1	1	5	1030	0.0796268
0.515029	1	1	5	1030	0.0795868
0.515029	1	1	5	1030	0.0795468
0.515029	1	1	5	1030	0.0795068
0.515029	1	1	5	1030	0.0794668
0.515029	1	1	5	1030	0.0794268
0.515029	1	1	5	1030	0.0793868
0.515029	1	1	5	1030	0.0793468
0.516029	1	1	5	1030	0.0803068
0.516029	1	1	5	1030	0.0802668
0.516029	1	1	5	1030	0.0802268
0.516029	1	1	5	1030	0.0801868
0.516029	1	1	5	1030	0.0801468
0.516029	1	1	5	1030	0.0801068
0.516029	1	1	5	1030	0.0800668
0.516029	1	1	5	1030	0.0800268
0.517029	1	1	5	1030	0.0809868
0.517029	1	1	5	1030	0.0809468
0.517029	1	1	5	1030	0.0809068
0.517029	1	1	5	1030	0.0808668
0.517029	1	1	5	1030	0.0808268
0.517029	1	1	5	1030	0.0807868
0.517029	1	1	5	1030	0.0807468
0.517029	1	1	5	1030	0.0807068
0.518029	1	1	5	1030	0.0816668
0.518029	1	1	5	1030	0.0816268
0.518029	1	1	5	1030	0.0815868
0.518029	1	1	5	1030	0.0815468
0.518029	1	1	5	1030	0.0815068
0.518029	1	1	5	1030	0.0814668
0.518029	1	1	5	1030	0.0814268
0.518029	1	1	5	1030	0.0813868
0.518029	1	1	5	1030	0.0813468
0.519029	1	1	5	1030	0.0823068
0.519029	1	1	5	1030	0.0822668
0.519029	1	1	5	1030	0.0822268
0.519029	1	1	5	1030	0.0821868
0.519029	1	1	5	1030	0.0821468
0.519029	1	1	5	1030	0.0821068
0.519029	1	1	5	1030	0.0820668
0.519029	1	1	5	1030	0.0820268
0.520029	1	1	5	1030	0.0829868
0.520029	1	1	5	1030	0.0829468
0.520029	1	1	5	1030	0.0829068
0.520029	1	1	5	1030	0.0828668
0.520029	1	1	5	1030	0.0828268
0.520029	1	1	5	1030	0.0827868
0.520029	1	1	5	1030	0.0827468
0.520029	1	1	5	1030	0.0827068
0.520029	1	1	5	1030	0.0826668
0.521029	1	1	5	1030	0.0836268
0.521029	1	1	5	1030	0.0835868
0.521029	1	1	5	1030	0.0835468
0.521029	1	1	5	1030	0.0835068
0.521029	1	1	5	1030	0.0834668
0.521029	1	1	5	1030	0.0834268
0.521029	1	1	5	1030	0.0833868
0.521029	1	1	5	1030	0.0833468
0.522029	1	1	5	1030	0.0843068
0.522029	1	1	5	1030	0.0842668
0.522029	1	1	5	1030	0.0842268
0.522029	1	1	5	1030	0.0841868
0.522029	1	1	5	1030	0.0841468
0.522029	1	1	5	1030	0.0841068
0.522029	1	1	5	1030	0.0840668
0.522029	1	1	5	1030	0.0840268
0.523029	1	1	5	1030	0.0849868
0.523029	1	1	5	1030	0.0849468
0.523029	1	1	5	1030	0.0849068
0.523029	1	1	5	1030	0.0848668
0.523029	1	1	5	1030	0.0848268
0.523029	1	1	5	1030	0.0847868
0.523029	1	1	5	1030	0.0847468
0.523029	1	1	5	1030	0.0847068
0.523029	1	1	5	1030	0.0846668
0.524029	1	1	5	1030	0.0856268
0.524029	1	1	5	1030	0.0855868
0.524029	1	1	5	1030	0.0855468
0.524029	1	1	5	1030	0.0855068
0.524029	1	1	5	1030	0.0854668
0.524029	1	1	5	1030	0.0854268
0.524029	1	1	5	1030	0.0853868
0.524029	1	1	5	1030	0.0853468
0.525029	1	1	5	1030	0.0863068
0.525029	1	1	5	1030	0.0862668
0.525029	1	1	5	1030	0.0862268
0.525029	1	1	5	1030	0.0861868
0.525029	1	1	5	1030	0.0861468
0.525029	1	1	5	1030	0.0861068
0.525029	1	1	5	1030	0.0860668
0.525029	1	1	5	1030	0.0860268
0.525029	1	1	5	1030	0.0859868
0.526029	1	1	5	1030	0.0869468
0.526029	1	1	5	1030	0.0869068
0.526029	1	1	5	1030	0.0868668
0.526029	1	1	5	1030	0.0868268
0.526029	1	1	5	1030	0.0867868
0.526029	1	1	5	1030	0.0867468
0.526029	1	1	5	1030	0.0867068
0.526029	1	1	5	1030	0.0866668
0.527029	1	1	5	1030	0.0876268
0.527029	1	1	5	1030	0.0875868
0.527029	1	1	5	1030	0.0875468
0.527029	1	1	5	1030	0.0875068
0.527029	1	1	5	1030	0.0874668
0.527029	1	1	5	1030	0.0874268
0.527029	1	1	5	1030	0.0873868
0.527029	1	1	5	1030	0.0873468
0.527029	1	1	5	1030	0.0873068
0.528029	1	1	5	1030	0.0882668
0.528029	1	1	5	1030	0.0882268
0.528029	1	1	5	1030	0.0881868
0.528029	1	1	5	1030	0.0881468
0.528029	1	1	5	1030	0.0881068
0.528029	1	1	5	1030	0.0880668
0.528029	1	1	5	1030	0.0880268
0.528029	1	1	5	1030	0.0879868
0.529029	1	1	5	1030	0.0889468
0.529029	1	1	5	1030	0.0889068
0.529029	1	1	5	1030	0.0888668
0.529029	1	1	5	1030	0.0888268
0.529029	1	1	5	1030	0.0887868
0.529029	1	1	5	1030	0.0887468
0.529029	1	1	5	1030	0.0887068
0.529029	1	1	5	1030	0.0886668
0.530029	1	1	5	1030	0.0896268
0.530029	1	1	5	1030	0.0895868
0.530029	1	1	5	1030	0.0895468
0.530029	1	1	5	1030	0.0895068
0.530029	1	1	5	1030	0.0894668
0.530029	1	1	5	1030	0.0894268
0.530029	1	1	5	1030	0.0893868
0.530029	1	1	5	1030	0.0893468
0.530029	1	1	5	1030	0.0893068
0.530957	1	1	5	1030	0.0901953
0.530957	1	1	5	1030	0.0901553
0.530957	1	1	5	1030	0.0901153
0.530957	1	1	5	1030	0.0900753
0.530957	1	1	5	1030	0.0900353
0.530957	1	1	5	1030	0.0899953
0.530957	1	1	5	1030	0.0899553
0.530957	1	1	5	1030	0.0899153
0.532029	1	1	5	1030	0.0909468
0.532029	1	1	5	1030	0.0909068
0.532029	1	1	5	1030	0.0908668
0.532029	1	1	5	1030	0.0908268
0.532029	1	1	5	1030	0.0907868
0.532029	1	1	5	1030	0.0907468
0.532029	1	1	5	1030	0.0907068
0.532029	1	1	5	1030	0.0906668
0.533029	1	1	5	1030	0.0916268
0.533029	1	1	5	1030	0.0915868
0.533029	1	1	5	1030	0.0915468
0.533029	1	1	5	1030	0.0915068
0.533029	1	1	5	1030	0.0914668
0.533029	1	1	5	1030	0.0914268
0.533029	1	1	5	1030	0.0913868
0.533029	1	1	5	1030	0.0913468
0.534029	1	1	5	1030	0.0923068
0.534029	1	1	5	1030	0.0922668
0.534029	1	1	5	1030	0.0922268
0.534029	1	1	5	1030	0.0921868
0.534029	1	1	5	1030	0.0921468
0.534029	1	1	5	1030	0.0921068
0.534029	1	1	5	1030	0.0920668
0.534029	1	1	5	1030	0.0920268
0.534029	1	1	5	1030	0.0919868
0.535029	1	1	5	1030	0.0929468
0.535029	1	1	5	1030	0.0929068
0.535029	1	1	5	1030	0.0928668
0.535029	1	1	5	1030	0.0928268
0.535029	1	1	5	1030	0.0927868
0.535029	1	1	5	1030	0.0927468
0.535029	1	1	5	1030	0.0927068
0.535029	1	1	5	1030	0.0926668
0.536029	1	1	5	1030	0.0936268
0.536029	1	1	5	1030	0.0935868
0.536029	1	1	5	1030	0.0935468
0.536029	1	1	5	1030	0.0935068
0.536029	1	1	5	1030	0.0934668
0.536029	1	1	5	1030	0.0934268
0.536029	1	1	5	1030	0.0933868
0.536029	1	1	5	1030	0.0933468
0.536029	1	1	5	1030	0.0933068
0.537029	1	1	5	1030	0.0942668
0.537029	1	1	5	1030	0.0942268
0.537029	1	1	5	1030	0.0941868
0.537029	1	1	5	1030	0.0941468
0.537029	1	1	5	1030	0.0941068
0.537029	1	1	5	1030	0.0940668
0.537029	1	1	5	1030	0.0940268
0.537029	1	1	5	1030	0.0939868
0.538029	1	1	5	1030	0.0949468
0.538029	1	1	5	1030	0.0949068
0.538029	1	1	5	1030	0.0948668
0.538029	1	1	5	1030	0.0948268
0.538029	1	1	5	1030	0.0947868
0.538029	1	1	5	1030	0.0947468
0.538029	1	1	5	1030	0.0947068
0.538029	1	1	5	1030	0.0946668
0.539029	1	1	5	1030	0.0956268
0.539029	1	1	5	1030	0.0955868
0.539029	1	1	5	1030	0.0955468
0.539029	1	1	5	1030	0.0955068
0.539029	1	1	5	1030	0.0954668
0.539029	1	1	5	1030	0.0954268
0.539029	1	1	5	1030	0.0953868
0.539029	1	1	5	1030	0.0953468
0.539029	1	1	5	1030	0.0953068
0.540029	1	1	5	1030	0.0962668
0.540029	1	1	5	1030	0.0962268
0.540029	1	1	5	1030	0.0961868
0.540029	1	1	5	1030	0.0961468
0.540029	1	1	5	1030	0.0961068
0.540029	1	1	5	1030	0.0960668
0.540029	1	1	5	1030	0.0960268
0.540029	1	1	5	1030	0.0959868
0.541029	1	1	5	1030	0.0969468
0.541029	1	1	5	1030	0.0969068
0.541029	1	1	5	1030	0.0968668
0.541029	1	1	5	1030	0.0968268
0.541029	1	1	5	1030	0.0967868
0.541029	1	1	5	1030	0.0967468
0.541029	1	1	5	1030	0.0967068
0.541029	1	1	5	1030	0.0966668
0.541029	1	1	5	1030	0.0966268
0.542029	1	1	5	1030	0.0975868
0.542029	1	1	5	1030	0.0975468
0.542029	1	1	5	1030	0.0975068
0.542029	1	1	5	1030	0.0974668
0.542029	1	1	5	1030	0.0974268
0.542029	1	1	5	1030	0.0973868
0.542029	1	1	5	1030	0.0973468
0.542029	1	1	5	1030	0.0973068
0.543029	1	1	5	1030	0.0982668
0.543029	1	1	5	1030	0.0982268
0.543029	1	1	5	1030	0.0981868
0.543029	1	1	5	1030	0.0981468
0.543029	1	1	5	1030	0.0981068
0.543029	1	1	5	1030	0.0980668
0.543029	1	1	5	1030	0.0980268
0.543029	1	1	5	1030	0.0979868
0.543029	1	1	5	1030	0.0979468
0.544029	1	1	5	1030	0.0989068
0.544029	1	1	5	1030	0.0988668
0.544029	1	1	5	1030	0.0988268
0.544029	1	1	5	1030	0.0987868
0.544029	1	1	5	1030	0.0987468
0.544029	1	1	5	1030	0.0987068
0.544029	1	1	5	1030	0.0986668
0.544029	1	1	5	1030	0.0986268
0.545029	1	1	5	1030	0.0995868
0.545029	1	1	5	1030	0.0995468
0.545029	1	1	5	1030	0.0995068
0.545029	1	1	5	1030	0.0994668
0.545029	1	1	5	1030	0.0994268
0.545029	1	1	5	1030	0.0993868
0.545029	1	1	5	1030	0.0993468
0.545029	1	1	5	1030	0.0993068
0.546029	1	1	5	1030	0.100267
0.546029	1	1	5	1030	0.100227
0.546029	1	1	5	1030	0.100187
0.546029	1	1	5	1030	0.100147
0.546029	1	1	5	1030	0.100107
0.546029	1	1	5	1030	0.100067
0.546029	1	1	5	1030	0.100027
0.546029	1	1	5	1030	0.0999868
0.546029	1	1	5	1030	0.0999468
0.547029	1	1	5	1030	0.100907
0.547029	1	1	5	1030	0.100867
0.547029	1	1	5	1030	0.100827
0.547029	1	1	5	1030	0.100787
0.547029	1	1	5	1030	0.100747
0.547029	1	1	5	1030	0.100707
0.547029	1	1	5	1030	0.100667
0.547029	1	1	5	1030	0.100627
0.548029	1	1	5	1030	0.101587
0.548029	1	1	5	1030	0.101547
0.548029	1	1	5	1030	0.101507
0.548029	1	1	5	1030	0.101467
0.548029	1	1	5	1030	0.101427
0.548029	1	1	5	1030	0.101387
0.548029	1	1	5	1030	0.101347
0.548029	1	1	5	1030	0.101307
0.548029	1	1	5	1030	0.101267
0.549029	1	1	5	1030	0.102227
0.549029	1	1	5	1030	0.102187
0.549029	1	1	5	1030	0.102147
0.549029	1	1	5	1030	0.102107
0.549029	1	1	5	1030	0.102067
0.549029	1	1	5	1030	0.102027
0.549029	1	1	5	1030	0.101987
0.549029	1	1	5	1030	0.101947
0.550029	1	1	5	1030	0.102907
0.550029	1	1	5	1030	0.102867
0.550029	1	1	5	1030	0.102827
0.550029	1	1	5	1030	0.102787
0.550029	1	1	5	1030	0.102747
0.550029	1	1	5	1030	0.102707
0.550029	1	1	5	1030	0.102667
0.550029	1	1	5	1030	0.102627
0.550029	1	1	5	1030	0.102587
0.551029	1	1	5	1030	0.103547
0.551029	1	1	5	1030	0.103507
0.551029	1	1	5	1030	0.103467
0.551029	1	1	5	1030	0.103427
0.551029	1	1	5	1030	0.103387
0.551029	1	1	5	1030	0.103347
0.551029	1	1	5	1030	0.103307
0.551029	1	1	5	1030	0.103267
0.552029	1	1	5	1030	0.104227
0.552029	1	1	5	1030	0.104187
0.552029	1	1	5	1030	0.104147
0.552029	1	1	5	1030	0.104107
0.552029	1	1	5	1030	0.104067
0.552029	1	1	5	1030	0.104027
0.552029	1	1	5	1030	0.103987
0.552029	1	1	5	1030	0.103947
0.553029	1	1	5	1030	0.104907
0.553029	1	1	5	1030	0.104867
0.553029	1	1	5	1030	0.104827
0.553029	1	1	5	1030	0.104787
0.553029	1	1	5	1030	0.104747
0.553029	1	1	5	1030	0.104707
0.553029	1	1	5	1030	0.104667
0.553029	1	1	5	1030	0.104627
0.553029	1	1	5	1030	0.104587
0.554029	1	1	5	1030	0.105547
0.554029	1	1	5	1030	0.105507
0.554029	1	1	5	1030	0.105467
0.554029	1	1	5	1030	0.105427
0.554029	1	1	5	1030	0.105387
0.554029	1	1	5	1030	0.105347
0.554029	1	1	5	1030	0.105307
0.554029	1	1	5	1030	0.105267
0.555029	1	1	5	1030	0.106227
0.555029	1	1	5	1030	0.106187
0.555029	1	1	5	1030	0.106147
0.555029	1	1	5	1030	0.106107
0.555029	1	1	5	1030	0.106067
0.555029	1	1	5	1030	0.106027
0.555029	1	1	5	1030	0.105987
0.555029	1	1	5	1030	0.105947
0.555029	1	1	5	1030	0.105907
0.556029	1	1	5	1030	0.106867
0.556029	1	1	5	1030	0.106827
0.556029	1	1	5	1030	0.106787
0.556029	1	1	5	1030	0.106747
0.556029	1	1	5	1030	0.106707
0.556029	1	1	5	1030	0.106667
0.556029	1	1	5	1030	0.106627
0.556029	1	1	5	1030	0.106587
0.557029	1	1	5	1030	0.107547
0.557029	1	1	5	1030	0.107507
0.557029	1	1	5	1030	0.107467
0.557029	1	1	5	1030	0.107427
0.557029	1	1	5	1030	0.107387
0.557029	1	1	5	1030	0.107347
0.557029	1	1	5	1030	0.107307
0.557029	1	1	5	1030	0.107267
0.558029	1	1	5	1030	0.108227
0.558029	1	1	5	1030	0.108187
0.558029	1	1	5	1030	0.108147
0.558029	1	1	5	1030	0.108107
0.558029	1	1	5	1030	0.108067
0.558029	1	1	5	1030	0.108027
0.558029	1	1	5	1030	0.107987
0.558029	1	1	5	1030	0.107947
0.558029	1	1	5	1030	0.107907
0.559029	1	1	5	1030	0.108867
0.559029	1	1	5	1030	0.108827
0.559029	1	1	5	1030	0.108787
0.559029	1	1	5	1030	0.108747
0.559029	1	1	5	1030	0.108707
0.559029	1	1	5	1030	0.108667
0.559029	1	1	5	1030	0.108627
0.559029	1	1	5	1030	0.108587
0.560029	1	1	5	1030	0.109547
0.560029	1	1	5	1030	0.109507
0.560029	1	1	5	1030	0.109467
0.560029	1	1	5	1030	0.109427
0.560029	1	1	5	1030	0.109387
0.560029	1	1	5	1030	0.109347
0.560029	1	1	5	1030	0.109307
0.560029	1	1	5	1030	0.109267
0.560029	1	1	5	1030	0.109227
0.561029	1	1	5	1030	0.110187
0.561029	1	1	5	1030	0.110147
0.561029	1	1	5	1030	0.110107
0.561029	1	1	5	1030	0.110067
0.561029	1	1	5	1030	0.110027
0.561029	1	1	5	1030	0.109987
0.561029	1	1	5	1030	0.109947
0.561029	1	1	5	1030	0.109907
0.562029	1	1	5	1030	0.110867
0.562029	1	1	5	1030	0.110827
0.562029	1	1	5	1030	0.110787
0.562029	1	1	5	1030	0.110747
0.562029	1	1	5	1030	0.110707
0.562029	1	1	5	1030	0.110667
0.562029	1	1	5	1030	0.110627
0.562029	1	1	5	1030	0.110587
0.562029	1	1	5	1030	0.110547
0.563029	1	1	5	1030	0.111507
0.563029	1	1	5	1030	0.111467
0.563029	1	1	5	1030	0.111427
0.563029	1	1	5	1030	0.111387
0.563029	1	1	5	1030	0.111347
0.563029	1	1	5	1030	0.111307
0.563029	1	1	5	1030	0.111267
0.563029	1	1	5	1030	0.111227
0.564029	1	1	5	1030	0.112187
0.564029	1	1	5	1030	0.112147
0.564029	1	1	5	1030	0.112107
0.564029	1	1	5	1030	0.112067
0.564029	1	1	5	1030	0.112027
0.564029	1	1	5	1030	0.111987
0.564029	1	1	5	1030	0.111947
0.564029	1	1	5	1030	0.111907
0.565029	1	1	5	1030	0.112867
0.565029	1	1	5	1030	0.112827
0.565029	1	1	5	1030	0.112787
0.565029	1	1	5	1030	0.112747
0.565029	1	1	5	1030	0.112707
0.565029	1	1	5	1030	0.112667
0.565029	1	1	5	1030	0.112627
0.565029	1	1	5	1030	0.112587
0.565029	1	1	5	1030	0.112547
0.566029	1	1	5	1030	0.113507
0.566029	1	1	5	1030	0.113467
0.566029	1	1	5	1030	0.113427
0.566029	1	1	5	1030	0.113387
0.566029	1	1	5	1030	0.113347
0.566029	1	1	5	1030	0.113307
0.566029	1	1	5	1030	0.113267
0.566029	1	1	5	1030	0.113227
0.567029	1	1	5	1030	0.114187
0.567029	1	1	5	1030	0.114147
0.567029	1	1	5	1030	0.114107
0.567029	1	1	5	1030	0.114067
0.567029	1	1	5	1030	0.114027
0.567029	1	1	5	1030	0.113987
0.567029	1	1	5	1030	0.113947
0.567029	1	1	5	1030	0.113907
0.567029	1	1	5	1030	0.113867
0.568029	1	1	5	1030	0.114827
0.568029	1	1	5	1030	0.114787
0.568029	1	1	5	1030	0.114747
0.568029	1	1	5	1030	0.114707
0.568029	1	1	5	1030	0.114667
0.568029	1	1	5	1030	0.114627
0.568029	1	1	5	1030	0.114587
0.568029	1	1	5	1030	0.114547
0.569029	1	1	5	1030	0.115507
0.569029	1	1	5	1030	0.115467
0.569029	1	1	5	1030	0.115427
0.569029	1	1	5	1030	0.115387
0.569029	1	1	5	1030	0.115347
0.569029	1	1	5	1030	0.115307
0.569029	1	1	5	1030	0.115267
0.569029	1	1	5	1030	0.115227
0.569029	1	1	5	1030	0.115187
0.570029	1	1	5	1030	0.116147
0.570029	1	1	5	1030	0.116107
0.570029	1	1	5	1030	0.116067
0.570029	1	1	5	1030	0.116027
0.570029	1	1	5	1030	0.115987
0.570029	1	1	5	1030	0.115947
0.570029	1	1	5	1030	0.115907
0.570029	1	1	5	1030	0.115867
0.571029	1	1	5	1030	0.116827
0.571029	1	1	5	1030	0.116787
0.571029	1	1	5	1030	0.116747
0.571029	1	1	5	1030	0.116707
0.571029	1	1	5	1030	0.116667
0.571029	1	1	5	1030	0.116627
0.571029	1	1	5	1030	0.116587
0.571029	1	1	5	1030	0.116547
0.572029	1	1	5	1030	0.117507
0.572029	1	1	5	1030	0.117467
0.572029	1	1	5	1030	0.117427
0.572029	1	1	5	1030	0.117387
0.572029	1	1	5	1030	0.117347
0.572029	1	1	5	1030	0.117307
0.572029	1	1	5	1030	0.117267
0.572029	1	1	5	1030	0.117227
0.572029	1	1	5	1030	0.117187
0.573029	1	1	5	1030	0.118147
0.573029	1	1	5	1030	0.118107
0.573029	1	1	5	1030	0.118067
0.573029	1	1	5	1030	0.118027
0.573029	1	1	5	1030	0.117987
0.573029	1	1	5	1030	0.117947
0.573029	1	1	5	1030	0.117907
0.573029	1	1	5	1030	0.117867
0.574029	1	1	5	1030	0.118827
0.574029	1	1	5	1030	0.118787
0.574029	1	1	5	1030	0.118747
0.574029	1	1	5	1030	0.118707
0.574029	1	1	5	1030	0.118667
0.574029	1	1	5	1030	0.118627
0.574029	1	1	5	1030	0.118587
0.574029	1	1	5	1030	0.118547
0.574029	1	1	5	1030	0.118507
0.575029	1	1	5	1030	0.119467
0.575029	1	1	5	1030	0.119427
0.575029	1	1	5	1030	0.119387
0.575029	1	1	5	1030	0.119347
0.575029	1	1	5	1030	0.119307
0.575029	1	1	5	1030	0.119267
0.575029	1	1	5	1030	0.119227
0.575029	1	1	5	1030	0.119187
0.576029	1	1	5	1030	0.120147
0.576029	1	1	5	1030	0.120107
0.576029	1	1	5	1030	0.120067
0.576029	1	1	5	1030	0.120027
0.576029	1	1	5	1030	0.119987
0.576029	1	1	5	1030	0.119947
0.576029	1	1	5	1030	0.119907
0.576029	1	1	5	1030	0.119867
0.577029	1	1	5	1030	0.120827
0.577029	1	1	5	1030	0.120787
0.577029	1	1	5	1030	0.120747
0.577029	1	1	5	1030	0.120707
0.577029	1	1	5	1030	0.120667
0.577029	1	1	5	1030	0.120627
0.577029	1	1	5	1030	0.120587
0.577029	1	1	5	1030	0.120547
0.577029	1	1	5	1030	0.120507
0.578029	1	1	5	1030	0.121467
0.578029	1	1	5	1030	0.121427
0.578029	1	1	5	1030	0.121387
0.578029	1	1	5	1030	0.121347
0.578029	1	1	5	1030	0.121307
0.578029	1	1	5	1030	0.121267
0.578029	1	1	5	1030	0.121227
0.578029	1	1	5	1030	0.121187
0.579029	1	1	5	1030	0.122147
0.579029	1	1	5	1030	0.122107
0.579029	1	1	5	1030	0.122067
0.579029	1	1	5	1030	0.122027
0.579029	1	1	5	1030	0.121987
0.579029	1	1	5	1030	0.121947
0.579029	1	1	5	1030	0.121907
0.579029	1	1	5	1030	0.121867
0.579029	1	1	5	1030	0.121827
0.580029	1	1	5	1030	0.122787
0.580029	1	1	5	1030	0.122747
0.580029	1	1	5	1030	0.122707
0.580029	1	1	5	1030	0.122667
0.580029	1	1	5	1030	0.122627
0.580029	1	1	5	1030	0.122587
0.580029	1	1	5	1030	0.122547
0.580029	1	1	5	1030	0.122507
0.581029	1	1	5	1030	0.123467
0.581029	1	1	5	1030	0.123427
0.581029	1	1	5	1030	0.123387
0.581029	1	1	5	1030	0.123347
0.581029	1	1	5	1030	0.123307
0.581029	1	1	5	1030	0.123267
0.581029	1	1	5	1030	0.123227
0.581029	1	1	5	1030	0.123187
0.581029	1	1	5	1030	0.123147
0.582029	1	1	5	1030	0.124107
0.582029	1	1	5	1030	0.124067
0.582029	1	1	5	1030	0.124027
0.582029	1	1	5	1030	0.123987
0.582029	1	1	5	1030	0.123947
0.582029	1	1	5	1030	0.123907
0.582029	1	1	5	1030	0.123867
0.582029	1	1	5	1030	0.123827
0.583029	1	1	5	1030	0.124787
0.583029	1	1	5	1030	0.124747
0.583029	1	1	5	1030	0.124707
0.583029	1	1	5	1030	0.124667
0.583029	1	1	5	1030	0.124627
0.583029	1	1	5	1030	0.124587
0.583029	1	1	5	1030	0.124547
0.583029	1	1	5	1030	0.124507
0.584029	1	1	5	1030	0.125467
0.584029	1	1	5	1030	0.125427
0.584029	1	1	5	1030	0.125387
0.584029	1	1	5	1030	0.125347
0.584029	1	1	5	1030	0.125307
0.584029	1	1	5	1030	0.125267
0.584029	1	1	5	1030	0.125227
0.584029	1	1	5	1030	0.125187
0.584029	1	1	5	1030	0.125147
0.585029	1	1	5	1030	0.126107
0.585029	1	1	5	1030	0.126067
0.585029	1	1	5	1030	0.126027
0.585029	1	1	5	1030	0.125987
0.585029	1	1	5	1030	0.125947
0.585029	1	1	5	1030	0.125907
0.585029	1	1	5	1030	0.125867
0.585029	1	1	5	1030	0.125827
0.586029	1	1	5	1030	0.126787
0.586029	1	1	5	1030	0.126747
0.586029	1	1	5	1030	0.126707
0.586029	1	1	5	1030	0.126667
0.586029	1	1	5	1030	0.126627
0.586029	1	1	5	1030	0.126587
0.586029	1	1	5	1030	0.126547
0.586029	1	1	5	1030	0.126507
0.586029	1	1	5	1030	0.126467
0.587029	1	1	5	1030	0.127427
0.587029	1	1	5	1030	0.127387
0.587029	1	1	5	1030	0.127347
0.587029	1	1	5	1030	0.127307
0.587029	1	1	5	1030	0.127267
0.587029	1	1	5	1030	0.127227
0.587029	1	1	5	1030	0.127187
0.587029	1	1	5	1030	0.127147
0.588029	1	1	5	1030	0.128107
0.588029	1	1	5	1030	0.128067
0.588029	1	1	5	1030	0.128027
0.588029	1	1	5	1030	0.127987
0.588029	1	1	5	1030	0.127947
0.588029	1	1	5	1030	0.127907
0.588029	1	1	5	1030	0.127867
0.588029	1	1	5	1030	0.127827
0.588029	1	1	5	1030	0.127787
0.589029	1	1	5	1030	0.128747
0.589029	1	1	5	1030	0.128707
0.589029	1	1	5	1030	0.128667
0.589029	1	1	5	1030	0.128627
0.589029	1	1	5	1030	0.128587
0.589029	1	1	5	1030	0.128547
0.589029	1	1	5	1030	0.128507
0.589029	1	1	5	1030	0.128467
0.590029	1	1	5	1030	0.129427
0.590029	1	1	5	1030	0.129387
0.590029	1	1	5	1030	0.129347
0.590029	1	1	5	1030	0.129307
0.590029	1	1	5	1030	0.129267
0.590029	1	1	5	1030	0.129227
0.590029	1	1	5	1030	0.129187
0.590029	1	1	5	1030	0.129147
0.591029	1	1	5	1030	0.130107
0.591029	1	1	5	1030	0.130067
0.591029	1	1	5	1030	0.130027
0.591029	1	1	5	1030	0.129987
0.591029	1	1	5	1030	0.129947
0.591029	1	1	5	1030	0.129907
0.591029	1	1	5	1030	0.129867
0.591029	1	1	5	1030	0.129827
0.591029	1	1	5	1030	0.129787
0.592029	1	1	5	1030	0.130747
0.592029	1	1	5	1030	0.130707
0.592029	1	1	5	1030	0.130667
0.592029	1	1	5	1030	0.130627
0.592029	1	1	5	1030	0.130587
0.592029	1	1	5	1030	0.130547
0.592029	1	1	5	1030	0.130507
0.592029	1	1	5	1030	0.130467
0.593029	1	1	5	1030	0.131427
0.593029	1	1	5	1030	0.131387
0.593029	1	1	5	1030	0.131347
0.593029	1	1	5	1030	0.131307
0.593029	1	1	5	1030	0.131267
0.593029	1	1	5	1030	0.131227
0.593029	1	1	5	1030	0.131187
0.593029	1	1	5	1030	0.131147
0.593029	1	1	5	1030	0.131107
0.594029	1	1	5	1030	0.132067
0.594029	1	1	5	1030	0.132027
0.594029	1	1	5	1030	0.131987
0.594029	1	1	5	1030	0.131947
0.594029	1	1	5	1030	0.131907
0.594029	1	1	5	1030	0.131867
0.594029	1	1	5	1030	0.131827
0.594029	1	1	5	1030	0.131787
0.595029	1	1	5	1030	0.132747
0.595029	1	1	5	1030	0.132707
0.595029	1	1	5	1030	0.132667
0.595029	1	1	5	1030	0.132627
0.595029	1	1	5	1030	0.132587
0.595029	1	1	5	1030	0.132547
0.595029	1	1	5	1030	0.132507
0.595029	1	1	5	1030	0.132467
0.596029	1	1	5	1030	0.133427
0.596029	1	1	5	1030	0.133387
0.596029	1	1	5	1030	0.133347
0.596029	1	1	5	1030	0.133307
0.596029	1	1	5	1030	0.133267
0.596029	1	1	5	1030	0.133227
0.596029	1	1	5	1030	0.133187
0.596029	1	1	5	1030	0.133147
0.596029	1	1	5	1030	0.133107
0.597029	1	1	5	1030	0.134067
0.597029	1	1	5	1030	0.134027
0.597029	1	1	5	1030	0.133987
0.597029	1	1	5	1030	0.133947
0.597029	1	1	5	1030	0.133907
0.597029	1	1	5	1030	0.133867
0.597029	1	1	5	1030	0.133827
0.597029	1	1	5	1030	0.133787
0.598029	1	1	5	1030	0.134747
0.598029	1	1	5	1030	0.134707
0.598029	1	1	5	1030	0.134667
0.598029	1	1	5	1030	0.134627
0.598029	1	1	5	1030	0.134587
0.598029	1	1	5	1030	0.134547
0.598029	1	1	5	1030	0.134507
0.598029	1	1	5	1030	0.134467
0.598029	1	1	5	1030	0.134427
0.599029	1	1	5	1030	0.135387
0.599029	1	1	5	1030	0.135347
0.599029	1	1	5	1030	0.135307
0.599029	1	1	5	1030	0.135267
0.599029	1	1	5	1030	0.135227
0.599029	1	1	5	1030	0.135187
0.599029	1	1	5	1030	0.135147
0.599029	1	1	5	1030	0.135107
0.600029	1	1	5	1030	0.136067
0.600029	1	1	5	1030	0.136027
0.600029	1	1	5	1030	0.135987
0.600029	1	1	5	1030	0.135947
0.600029	1	1	5	1030	0.135907
0.600029	1	1	5	1030	0.135867
0.600029	1	1	5	1030	0.135827
0.600029	1	1	5	1030	0.135787
0.600029	1	1	5	1030	0.135747
0.601029	1	1	5	1030	0.136707
0.601029	1	1	5	1030	0.136667
0.601029	1	1	5	1030	0.136627
0.601029	1	1	5	1030	0.136587
0.601029	1	1	5	1030	0.136547
0.601029	1	1	5	1030	0.136507
0.601029	1	1	5	1030	0.136467
0.601029	1	1	5	1030	0.136427
0.602029	1	1	5	1030	0.137387
0.602029	1	1	5	1030	0.137347
0.602029	1	1	5	1030	0.137307
0.602029	1	1	5	1030	0.137267
0.602029	1	1	5	1030	0.137227
0.602029	1	1	5	1030	0.137187
0.602029	1	1	5	1030	0.137147
0.602029	1	1	5	1030	0.137107
0.603029	1	1	5	1030	0.138067
0.603029	1	1	5	1030	0.138027
0.603029	1	1	5	1030	0.137987
0.603029	1	1	5	1030	0.137947
0.603029	1	1	5	1030	0.137907
0.603029	1	1	5	1030	0.137867
0.603029	1	1	5	1030	0.137827
0.603029	1	1	5	1030	0.137787
0.603029	1	1	5	1030	0.137747
0.604029	1	1	5	1030	0.138707
0.604029	1	1	5	1030	0.138667
0.604029	1	1	5	1030	0.138627
0.604029	1	1	5	1030	0.138587
0.604029	1	1	5	1030	0.138547
0.604029	1	1	5	1030	0.138507
0.604029	1	1	5	1030	0.138467
0.604029	1	1	5	1030	0.138427
0.605029	1	1	5	1030	0.139387
0.605029	1	1	5	1030	0.139347
0.605029	1	1	5	1030	0.139307
0.605029	1	1	5	1030	0.139267
0.605029	1	1	5	1030	0.139227
0.605029	1	1	5	1030	0.139187
0.605029	1	1	5	1030	0.139147
0.605029	1	1	5	1030	0.139107
0.605029	1	1	5	1030	0.139067
0.606029	1	1	5	1030	0.140027
0.606029	1	1	5	1030	0.139987
0.606029	1	1	5	1030	0.139947
0.606029	1	1	5	1030	0.139907
0.606029	1	1	5	1030	0.139867
0.606029	1	1	5	1030	0.139827
0.606029	1	1	5	1030	0.139787
0.606029	1	1	5	1030	0.139747
0.607029	1	1	5	1030	0.140707
0.607029	1	1	5	1030	0.140667
0.607029	1	1	5	1030	0.140627
0.607029	1	1	5	1030	0.140587
0.607029	1	1	5	1030	0.140547
0.607029	1	1	5	1030	0.140507
0.607029	1	1	5	1030	0.140467
0.607029	1	1	5	1030	0.140427
0.607029	1	1	5	1030	0.140387
0.608029	1	1	5	1030	0.141347
0.608029	1	1	5	1030	0.141307
0.608029	1	1	5	1030	0.141267
0.608029	1	1	5	1030	0.141227
0.608029	1	1	5	1030	0.141187
0.608029	1	1	5	1030	0.141147
0.608029	1	1	5	1030	0.141107
0.608029	1	1	5	1030	0.141067
0.609029	1	1	5	1030	0.142027
0.609029	1	1	5	1030	0.141987
0.609029	1	1	5	1030	0.141947
0.609029	1	1	5	1030	0.141907
0.609029	1	1	5	1030	0.141867
0.609029	1	1	5	1030	0.141827
0.609029	1	1	5	1030	0.141787
0.609029	1	1	5	1030	0.141747
0.610029	1	1	5	1030	0.142707
0.610029	1	1	5	1030	0.142667
0.610029	1	1	5	1030	0.142627
0.610029	1	1	5	1030	0.142587
0.610029	1	1	5	1030	0.142547
0.610029	1	1	5	1030	0.142507
0.610029	1	1	5	1030	0.142467
0.610029	1	1	5	1030	0.142427
0.610029	1	1	5	1030	0.142387
0.610957	1	1	5	1030	0.143275
0.610957	1	1	5	1030	0.143235
0.610957	1	1	5	1030	0.143195
0.610957	1	1	5	1030	0.143155
0.610957	1	1	5	1030	0.143115
0.610957	1	1	5	1030	0.143075
0.610957	1	1	5	1030	0.143035
0.612029	1	1	5	1030	0.144067
0.612029	1	1	5	1030	0.144027
0.612029	1	1	5	1030	0.143987
0.612029	1	1	5	1030	0.143947
0.612029	1	1	5	1030	0.143907
0.612029	1	1	5	1030	0.143867
0.612029	1	1	5	1030	0.143827
0.612029	1	1	5	1030	0.143787
0.612029	1	1	5	1030	0.143747
0.613029	1	1	5	1030	0.144707
0.613029	1	1	5	1030	0.144667
0.613029	1	1	5	1030	0.144627
0.613029	1	1	5	1030	0.144587
0.613029	1	1	5	1030	0.144547
0.613029	1	1	5	1030	0.144507
0.613029	1	1	5	1030	0.144467
0.613029	1	1	5	1030	0.144427
0.614029	1	1	5	1030	0.145387
0.614029	1	1	5	1030	0.145347
0.614029	1	1	5	1030	0.145307
0.614029	1	1	5	1030	0.145267
0.614029	1	1	5	1030	0.145227
0.614029	1	1	5	1030	0.145187
0.614029	1	1	5	1030	0.145147
0.614029	1	1	5	1030	0.145107
0.614029	1	1	5	1030	0.145067
0.615029	1	1	5	1030	0.146027
0.615029	1	1	5	1030	0.145987
0.615029	1	1	5	1030	0.145947
0.615029	1	1	5	1030	0.145907
0.615029	1	1	5	1030	0.145867
0.615029	1	1	5	1030	0.145827
0.615029	1	1	5	1030	0.145787
0.615029	1	1	5	1030	0.145747
0.616029	1	1	5	1030	0.146707
0.616029	1	1	5	1030	0.146667
0.616029	1	1	5	1030	0.146627
0.616029	1	1	5	1030	0.146587
0.616029	1	1	5	1030	0.146547
0.616029	1	1	5	1030	0.146507
0.616029	1	1	5	1030	0.146467
0.616029	1	1	5	1030	0.146427
0.616029	1	1	5	1030	0.146387
0.617029	1	1	5	1030	0.147347
0.617029	1	1	5	1030	0.147307
0.617029	1	1	5	1030	0.147267
0.617029	1	1	5	1030	0.147227
0.617029	1	1	5	1030	0.147187
0.617029	1	1	5	1030	0.147147
0.617029	1	1	5	1030	0.147107
0.617029	1	1	5	1030	0.147067
0.618029	1	1	5	1030	0.148027
0.618029	1	1	5	1030	0.147987
0.618029	1	1	5	1030	0.147947
0.618029	1	1	5	1030	0.147907
0.618029	1	1	5	1030	0.147867
0.618029	1	1	5	1030	0.147827
0.618029	1	1	5	1030	0.147787
0.618029	1	1	5	1030	0.147747
0.619029	1	1	5	1030	0.148707
0.619029	1	1	5	1030	0.148667
0.619029	1	1	5	1030	0.148627
0.619029	1	1	5	1030	0.148587
0.619029	1	1	5	1030	0.148547
0.619029	1	1	5	1030	0.148507
0.619029	1	1	5	1030	0.148467
0.619029	1	1	5	1030	0.148427
0.619029	1	1	5	1030	0.148387
0.620029	1	1	5	1030	0.149347
0.620029	1	1	5	1030	0.149307
0.620029	1	1	5	1030	0.149267
0.620029	1	1	5	1030	0.149227
0.620029	1	1	5	1030	0.149187
0.620029	1	1	5	1030	0.149147
0.620029	1	1	5	1030	0.149107
0.620029	1	1	5	1030	0.149067
0.621029	1	1	5	1030	0.150027
0.621029	1	1	5	1030	0.149987
0.621029	1	1	5	1030	0.149947
0.621029	1	1	5	1030	0.149907
0.621029	1	1	5	1030	0.149867
0.621029	1	1	5	1030	0.149827
0.621029	1	1	5	1030	0.149787
0.621029	1	1	5	1030	0.149747
0.621029	1	1	5	1030	0.149707
0.622029	1	1	5	1030	0.150667
0.622029	1	1	5	1030	0.150627
0.622029	1	1	5	1030	0.150587
0.622029	1	1	5	1030	0.150547
0.622029	1	1	5	1030	0.150507
0.622029	1	1	5	1030	0.150467
0.622029	1	1	5	1030	0.150427
0.622029	1	1	5	1030	0.150387
0.623029	1	1	5	1030	0.151347
0.623029	1	1	5	1030	0.151307
0.623029	1	1	5	1030	0.151267
0.623029	1	1	5	1030	0.151227
0.623029	1	1	5	1030	0.151187
0.623029	1	1	5	1030	0.151147
0.623029	1	1	5	1030	0.151107
0.623029	1	1	5	1030	0.151067
0.623029	1	1	5	1030	0.151027
0.624029	1	1	5	1030	0.151987
0.624029	1	1	5	1030	0.151947
0.624029	1	1	5	1030	0.151907
0.624029	1	1	5	1030	0.151867
0.624029	1	1	5	1030	0.151827
0.624029	1	1	5	1030	0.151787
0.624029	1	1	5	1030	0.151747
0.624029	1	1	5	1030	0.151707
0.625029	1	1	5	1030	0.152667
0.625029	1	1	5	1030	0.152627
0.625029	1	1	5	1030	0.152587
0.625029	1	1	5	1030	0.152547
0.625029	1	1	5	1030	0.152507
0.625029	1	1	5	1030	0.152467
0.625029	1	1	5	1030	0.152427
0.625029	1	1	5	1030	0.152387
0.626029	1	1	5	1030	0.153347
0.626029	1	1	5	1030	0.153307
0.626029	1	1	5	1030	0.153267
0.626029	1	1	5	1030	0.153227
0.626029	1	1	5	1030	0.153187
0.626029	1	1	5	1030	0.153147
0.626029	1	1	5	1030	0.153107
0.626029	1	1	5	1030	0.153067
0.626029	1	1	5	1030	0.153027
0.627029	1	1	5	1030	0.153987
0.627029	1	1	5	1030	0.153947
0.627029	1	1	5	1030	0.153907
0.627029	1	1	5	1030	0.153867
0.627029	1	1	5	1030	0.153827
0.627029	1	1	5	1030	0.153787
0.627029	1	1	5	1030	0.153747
0.627029	1	1	5	1030	0.153707
0.628029	1	1	5	1030	0.154667
0.628029	1	1	5	1030	0.154627
0.628029	1	1	5	1030	0.154587
0.628029	1	1	5	1030	0.154547
0.628029	1	1	5	1030	0.154507
0.628029	1	1	5	1030	0.154467
0.628029	1	1	5	1030	0.154427
0.628029	1	1	5	1030	0.154387
0.628029	1	1	5	1030	0.154347
0.629029	1	1	5	1030	0.155307
0.629029	1	1	5	1030	0.155267
0.629029	1	1	5	1030	0.155227
0.629029	1	1	5	1030	0.155187
0.629029	1	1	5	1030	0.155147
0.629029	1	1	5	1030	0.155107
0.629029	1	1	5	1030	0.155067
0.629029	1	1	5	1030	0.155027
0.630029	1	1	5	1030	0.155987
0.630029	1	1	5	1030	0.155947
0.630029	1	1	5	1030	0.155907
0.630029	1	1	5	1030	0.155867
0.630029	1	1	5	1030	0.155827
0.630029	1	1	5	1030	0.155787
0.630029	1	1	5	1030	0.155747
0.630029	1	1	5	1030	0.155707
0.631029	1	1	5	1030	0.156667
0.631029	1	1	5	1030	0.156627
0.631029	1	1	5	1030	0.156587
0.631029	1	1	5	1030	0.156547
0.631029	1	1	5	1030	0.156507
0.631029	1	1	5	1030	0.156467
0.631029	1	1	5	1030	0.156427
0.631029	1	1	5	1030	0.156387
0.631029	1	1	5	1030	0.156347
0.632029	1	1	5	1030	0.157307
0.632029	1	1	5	1030	0.157267
0.632029	1	1	5	1030	0.157227
0.632029	1	1	5	1030	0.157187
0.632029	1	1	5	1030	0.157147
0.632029	1	1	5	1030	0.157107
0.632029	1	1	5	1030	0.157067
0.632029	1	1	5	1030	0.157027
0.633029	1	1	5	1030	0.157987
0.633029	1	1	5	1030	0.157947
0.633029	1	1	5	1030	0.157907
0.633029	1	1	5	1030	0.157867
0.633029	1	1	5	1030	0.157827
0.633029	1	1	5	1030	0.157787
0.633029	1	1	5	1030	0.157747
0.633029	1	1	5	1030	0.157707
0.633029	1	1	5	1030	0.157667
0.634029	1	1	5	1030	0.158627
0.634029	1	1	5	1030	0.158587
0.634029	1	1	5	1030	0.158547
0.634029	1	1	5	1030	0.158507
0.634029	1	1	5	1030	0.158467
0.634029	1	1	5	1030	0.158427
0.634029	1	1	5	1030	0.158387
0.634029	1	1	5	1030	0.158347
0.635029	1	1	5	1030	0.159307
0.635029	1	1	5	1030	0.159267
0.635029	1	1	5	1030	0.159227
0.635029	1	1	5	1030	0.159187
0.635029	1	1	5	1030	0.159147
0.635029	1	1	5	1030	0.159107
0.635029	1	1	5	1030	0.159067
0.635029	1	1	5	1030	0.159027
0.635029	1	1	5	1030	0.158987
0.636029	1	1	5	1030	0.159947
0.636029	1	1	5	1030	0.159907
0.636029	1	1	5	1030	0.159867
0.636029	1	1	5	1030	0.159827
0.636029	1	1	5	1030	0.159787
0.636029	1	1	5	1030	0.159747
0.636029	1	1	5	1030	0.159707
0.636029	1	1	5	1030	0.159667
0.637029	1	1	5	1030	0.160627
0.637029	1	1	5	1030	0.160587
0.637029	1	1	5	1030	0.160547
0.637029	1	1	5	1030	0.160507
0.637029	1	1	5	1030	0.160467
0.637029	1	1	5	1030	0.160427
0.637029	1	1	5	1030	0.160387
0.637029	1	1	5	1030	0.160347
0.638029	1	1	5	1030	0.161307
0.638029	1	1	5	1030	0.161267
0.638029	1	1	5	1030	0.161227
0.638029	1	1	5	1030	0.161187
0.638029	1	1	5	1030	0.161147
0.638029	1	1	5	1030	0.161107
0.638029	1	1	5	1030	0.161067
0.638029	1	1	5	1030	0.161027
0.638029	1	1	5	1030	0.160987
0.639029	1	1	5	1030	0.161947
0.639029	1	1	5	1030	0.161907
0.639029	1	1	5	1030	0.161867
0.639029	1	1	5	1030	0.161827
0.639029	1	1	5	1030	0.161787
0.639029	1	1	5	1030	0.161747
0.639029	1	1	5	1030	0.161707
0.639029	1	1	5	1030	0.161667
0.640029	1	1	5	1030	0.162627
0.640029	1	1	5	1030	0.162587
0.640029	1	1	5	1030	0.162547
0.640029	1	1	5	1030	0.162507
0.640029	1	1	5	1030	0.162467
0.640029	1	1	5	1030	0.162427
0.640029	1	1	5	1030	0.162387
0.640029	1	1	5	1030	0.162347
0.640029	1	1	5	1030	0.162307
0.641029	1	1	5	1030	0.163267
0.641029	1	1	5	1030	0.163227
0.641029	1	1	5	1030	0.163187
0.641029	1	1	5	1030	0.163147
0.641029	1	1	5	1030	0.163107
0.641029	1	1	5	1030	0.163067
0.641029	1	1	5	1030	0.163027
0.641029	1	1	5	1030	0.162987
0.642029	1	1	5	1030	0.163947
0.642029	1	1	5	1030	0.163907
0.642029	1	1	5	1030	0.163867
0.642029	1	1	5	1030	0.163827
0.642029	1	1	5	1030	0.163787
0.642029	1	1	5	1030	0.163747
0.642029	1	1	5	1030	0.163707
0.642029	1	1	5	1030	0.163667
0.642029	1	1	5	1030	0.163627
0.643029	1	1	5	1030	0.164587
0.643029	1	1	5	1030	0.164547
0.643029	1	1	5	1030	0.164507
0.643029	1	1	5	1030	0.164467
0.643029	1	1	5	1030	0.164427
0.643029	1	1	5	1030	0.164387
0.643029	1	1	5	1030	0.164347
0.643029	1	1	5	1030	0.164307
0.644029	1	1	5	1030	0.165267
0.644029	1	1	5	1030	0.165227
0.644029	1	1	5	1030	0.165187
0.644029	1	1	5	1030	0.165147
0.644029	1	1	5	1030	0.165107
0.644029	1	1	5	1030	0.165067
0.644029	1	1	5	1030	0.165027
0.644029	1	1	5	1030	0.164987
0.645029	1	1	5	1030	0.165947
0.645029	1	1	5	1030	0.165907
0.645029	1	1	5	1030	0.165867
0.645029	1	1	5	1030	0.165827
0.645029	1	1	5	1030	0.165787
0.645029	1	1	5	1030	0.165747
0.645029	1	1	5	1030	0.165707
0.645029	1	1	5	1030	0.165667
0.645029	1	1	5	1030	0.165627
0.646029	1	1	5	1030	0.166587
0.646029	1	1	5	1030	0.166547
0.646029	1	1	5	1030	0.166507
0.646029	1	1	5	1030	0.166467
0.646029	1	1	5	1030	0.166427
0.646029	1	1	5	1030	0.166387
0.646029	1	1	5	1030	0.166347
0.646029	1	1	5	1030	0.166307
0.647029	1	1	5	1030	0.167267
0.647029	1	1	5	1030	0.167227
0.647029	1	1	5	1030	0.167187
0.647029	1	1	5	1030	0.167147
0.647029	1	1	5	1030	0.167107
0.647029	1	1	5	1030	0.167067
0.647029	1	1	5	1030	0.167027
0.647029	1	1	5	1030	0.166987
0.647029	1	1	5	1030	0.166947
0.648029	1	1	5	1030	0.167907
0.648029	1	1	5	1030	0.167867
0.648029	1	1	5	1030	0.167827
0.648029	1	1	5	1030	0.167787
0.648029	1	1	5	1030	0.167747
0.648029	1	1	5	1030	0.167707
0.648029	1	1	5	1030	0.167667
0.648029	1	1	5	1030	0.167627
0.649029	1	1	5	1030	0.168587
0.649029	1	1	5	1030	0.168547
0.649029	1	1	5	1030	0.168507
0.649029	1	1	5	1030	0.168467
0.649029	1	1	5	1030	0.168427
0.649029	1	1	5	1030	0.168387
0.649029	1	1	5	1030	0.168347
0.649029	1	1	5	1030	0.168307
0.650029	1	1	5	1030	0.169267
0.650029	1	1	5	1030	0.169227
0.650029	1	1	5	1030	0.169187
0.650029	1	1	5	1030	0.169147
0.650029	1	1	5	1030	0.169107
0.650029	1	1	5	1030	0.169067
0.650029	1	1	5	1030	0.169027
0.650029	1	1	5	1030	0.168987
0.650029	1	1	5	1030	0.168947
0.651029	1	1	5	1030	0.169907
0.651029	1	1	5	1030	0.169867
0.651029	1	1	5	1030	0.169827
0.651029	1	1	5	1030	0.169787
0.651029	1	1	5	1030	0.169747
0.651029	1	1	5	1030	0.169707
0.651029	1	1	5	1030	0.169667
0.651029	1	1	5	1030	0.169627
0.652029	1	1	5	1030	0.170587
0.652029	1	1	5	1030	0.170547
0.652029	1	1	5	1030	0.170507
0.652029	1	1	5	1030	0.170467
0.652029	1	1	5	1030	0.170427
0.652029	1	1	5	1030	0.170387
0.652029	1	1	5	1030	0.170347
0.652029	1	1	5	1030	0.170307
0.652029	1	1	5	1030	0.170267
0.653029	1	1	5	1030	0.171227
0.653029	1	1	5	1030	0.171187
0.653029	1	1	5	1030	0.171147
0.653029	1	1	5	1030	0.171107
0.653029	1	1	5	1030	0.171067
0.653029	1	1	5	1030	0.171027
0.653029	1	1	5	1030	0.170987
0.653029	1	1	5	1030	0.170947
0.654029	1	1	5	1030	0.171907
0.654029	1	1	5	1030	0.171867
0.654029	1	1	5	1030	0.171827
0.654029	1	1	5	1030	0.171787
0.654029	1	1	5	1030	0.171747
0.654029	1	1	5	1030	0.171707
0.654029	1	1	5	1030	0.171667
0.654029	1	1	5	1030	0.171627
0.654029	1	1	5	1030	0.171587
0.655029	1	1	5	1030	0.172547
0.655029	1	1	5	1030	0.172507
0.655029	1	1	5	1030	0.172467
0.655029	1	1	5	1030	0.172427
0.655029	1	1	5	1030	0.172387
0.655029	1	1	5	1030	0.172347
0.655029	1	1	5	1030	0.172307
0.655029	1	1	5	1030	0.172267
0.656029	1	1	5	1030	0.173227
0.656029	1	1	5	1030	0.173187
0.656029	1	1	5	1030	0.173147
0.656029	1	1	5	1030	0.173107
0.656029	1	1	5	1030	0.173067
0.656029	1	1	5	1030	0.173027
0.656029	1	1	5	1030	0.172987
0.656029	1	1	5	1030	0.172947
0.657029	1	1	5	1030	0.173907
0.657029	1	1	5	1030	0.173867
0.657029	1	1	5	1030	0.173827
0.657029	1	1	5	1030	0.173787
0.657029	1	1	5	1030	0.173747
0.657029	1	1	5	1030	0.173707
0.657029	1	1	5	1030	0.173667
0.657029	1	1	5	1030	0.173627
0.657029	1	1	5	1030	0.173587
0.658029	1	1	5	1030	0.174547
0.658029	1	1	5	1030	0.174507
0.658029	1	1	5	1030	0.174467
0.658029	1	1	5	1030	0.174427
0.658029	1	1	5	1030	0.174387
0.658029	1	1	5	1030	0.174347
0.658029	1	1	5	1030	0.174307
0.658029	1	1	5	1030	0.174267
0.659029	1	1	5	1030	0.175227
0.659029	1	1	5	1030	0.175187
0.659029	1	1	5	1030	0.175147
0.659029	1	1	5	1030	0.175107
0.659029	1	1	5	1030	0.175067
0.659029	1	1	5	1030	0.175027
0.659029	1	1	5	1030	0.174987
0.659029	1	1	5	1030	0.174947
0.659029	1	1	5	1030	0.174907
0.660029	1	1	5	1030	0.175867
0.660029	1	1	5	1030	0.175827
0.660029	1	1	5	1030	0.175787
0.660029	1	1	5	1030	0.175747
0.660029	1	1	5	1030	0.175707
0.660029	1	1	5	1030	0.175667
0.660029	1	1	5	1030	0.175627
0.660029	1	1	5	1030	0.175587
0.661029	1	1	5	1030	0.176547
0.661029	1	1	5	1030	0.176507
0.661029	1	1	5	1030	0.176467
0.661029	1	1	5	1030	0.176427
0.661029	1	1	5	1030	0.176387
0.661029	1	1	5	1030	0.176347
0.661029	1	1	5	1030	0.176307
0.661029	1	1	5	1030	0.176267
0.661029	1	1	5	1030	0.176227
0.662029	1	1	5	1030	0.177187
0.662029	1	1	5	1030	0.177147
0.662029	1	1	5	1030	0.177107
0.662029	1	1	5	1030	0.177067
0.662029	1	1	5	1030	0.177027
0.662029	1	1	5	1030	0.176987
0.662029	1	1	5	1030	0.176947
0.662029	1	1	5	1030	0.176907
0.663029	1	1	5	1030	0.177867
0.663029	1	1	5	1030	0.177827
0.663029	1	1	5	1030	0.177787
0.663029	1	1	5	1030	0.177747
0.663029	1	1	5	1030	0.177707
0.663029	1	1	5	1030	0.177667
0.663029	1	1	5	1030	0.177627
0.663029	1	1	5	1030	0.177587
0.664029	1	1	5	1030	0.178547
0.664029	1	1	5	1030	0.178507
0.664029	1	1	5	1030	0.178467
0.664029	1	1	5	1030	0.178427
0.664029	1	1	5	1030	0.178387
0.664029	1	1	5	1030	0.178347
0.664029	1	1	5	1030	0.178307
0.664029	1	1	5	1030	0.178267
0.664029	1	1	5	1030	0.178227
0.665029	1	1	5	1030	0.179187
0.665029	1	1	5	1030	0.179147
0.665029	1	1	5	1030	0.179107
0.665029	1	1	5	1030	0.179067
0.665029	1	1	5	1030	0.179027
0.665029	1	1	5	1030	0.178987
0.665029	1	1	5	1030	0.178947
0.665029	1	1	5	1030	0.178907
0.666029	1	1	5	1030	0.179867
0.666029	1	1	5	1030	0.179827
0.666029	1	1	5	1030	0.179787
0.666029	1	1	5	1030	0.179747
0.666029	1	1	5	1030	0.179707
0.666029	1	1	5	1030	0.179667
0.666029	1	1	5	1030	0.179627
0.666029	1	1	5	1030	0.179587
0.666029	1	1	5	1030	0.179547
0.667029	1	1	5	1030	0.180507
0.667029	1	1	5	1030	0.180467
0.667029	1	1	5	1030	0.180427
0.667029	1	1	5	1030	0.180387
0.667029	1	1	5	1030	0.180347
0.667029	1	1	5	1030	0.180307
0.667029	1	1	5	1030	0.180267
0.667029	1	1	5	1030	0.180227
0.668029	1	1	5	1030	0.181187
0.668029	1	1	5	1030	0.181147
0.668029	1	1	5	1030	0.181107
0.668029	1	1	5	1030	0.181067
0.668029	1	1	5	1030	0.181027
0.668029	1	1	5	1030	0.180987
0.668029	1	1	5	1030	0.180947
0.668029	1	1	5	1030	0.180907
0.669029	1	1	5	1030	0.181867
0.669029	1	1	5	1030	0.181827
0.669029	1	1	5	1030	0.181787
0.669029	1	1	5	1030	0.181747
0.669029	1	1	5	1030	0.181707
0.669029	1	1	5	1030	0.181667
0.669029	1	1	5	1030	0.181627
0.669029	1	1	5	1030	0.181587
0.669029	1	1	5	1030	0.181547
0.670029	1	1	5	1030	0.182507
0.670029	1	1	5	1030	0.182467
0.670029	1	1	5	1030	0.182427
0.670029	1	1	5	1030	0.182387
0.670029	1	1	5	1030	0.182347
0.670029	1	1	5	1030	0.182307
0.670029	1	1	5	1030	0.182267
0.670029	1	1	5	1030	0.182227
0.671029	1	1	5	1030	0.183187
0.671029	1	1	5	1030	0.183147
0.671029	1	1	5	1030	0.183107
0.671029	1	1	5	1030	0.183067
0.671029	1	1	5	1030	0.183027
0.671029	1	1	5	1030	0.182987
0.671029	1	1	5	1030	0.182947
0.671029	1	1	5	1030	0.182907
0.671029	1	1	5	1030	0.182867
0.672029	1	1	5	1030	0.183827
0.672029	1	1	5	1030	0.183787
0.672029	1	1	5	1030	0.183747
0.672029	1	1	5	1030	0.183707
0.672029	1	1	5	1030	0.183667
0.672029	1	1	5	1030	0.183627
0.672029	1	1	5	1030	0.183587
0.672029	1	1	5	1030	0.183547
0.673029	1	1	5	1030	0.184507
0.673029	1	1	5	1030	0.184467
0.673029	1	1	5	1030	0.184427
0.673029	1	1	5	1030	0.184387
0.673029	1	1	5	1030	0.184347
0.673029	1	1	5	1030	0.184307
0.673029	1	1	5	1030	0.184267
0.673029	1	1	5	1030	0.184227
0.673029	1	1	5	1030	0.184187
0.674029	1	1	5	1030	0.185147
0.674029	1	1	5	1030	0.185107
0.674029	1	1	5	1030	0.185067
0.674029	1	1	5	1030	0.185027
0.674029	1	1	5	1030	0.184987
0.674029	1	1	5	1030	0.184947
0.674029	1	1	5	1030	0.184907
0.674029	1	1	5	1030	0.184867
0.675029	1	1	5	1030	0.185827
0.675029	1	1	5	1030	0.185787
0.675029	1	1	5	1030	0.185747
0.675029	1	1	5	1030	0.185707
0.675029	1	1	5	1030	0.185667
0.675029	1	1	5	1030	0.185627
0.675029	1	1	5	1030	0.185587
0.675029	1	1	5	1030	0.185547
0.676029	1	1	5	1030	0.186507
0.676029	1	1	5	1030	0.186467
0.676029	1	1	5	1030	0.186427
0.676029	1	1	5	1030	0.186387
0.676029	1	1	5	1030	0.186347
0.676029	1	1	5	1030	0.186307
0.676029	1	1	5	1030	0.186267
0.676029	1	1	5	1030	0.186227
0.676029	1	1	5	1030	0.186187
0.677029	1	1	5	1030	0.187147
0.677029	1	1	5	1030	0.187107
0.677029	1	1	5	1030	0.187067
0.677029	1	1	5	1030	0.187027
0.677029	1	1	5	1030	0.186987
0.677029	1	1	5	1030	0.186947
0.677029	1	1	5	1030	0.186907
0.677029	1	1	5	1030	0.186867
0.678029	1	1	5	1030	0.187827
0.678029	1	1	5	1030	0.187787
0.678029	1	1	5	1030	0.187747
0.678029	1	1	5	1030	0.187707
0.678029	1	1	5	1030	0.187667
0.678029	1	1	5	1030	0.187627
0.678029	1	1	5	1030	0.187587
0.678029	1	1	5	1030	0.187547
0.678029	1	1	5	1030	0.187507
0.679029	1	1	5	1030	0.188467
0.679029	1	1	5	1030	0.188427
0.679029	1	1	5	1030	0.188387
0.679029	1	1	5	1030	0.188347
0.679029	1	1	5	1030	0.188307
0.679029	1	1	5	1030	0.188267
0.679029	1	1	5	1030	0.188227
0.679029	1	1	5	1030	0.188187
0.680029	1	1	5	1030	0.189147
0.680029	1	1	5	1030	0.189107
0.680029	1	1	5	1030	0.189067
0.680029	1	1	5	1030	0.189027
0.680029	1	1	5	1030	0.188987
0.680029	1	1	5	1030	0.188947
0.680029	1	1	5	1030	0.188907
0.680029	1	1	5	1030	0.188867
0.680029	1	1	5	1030	0.188827
0.681029	1	1	5	1030	0.189787
0.681029	1	1	5	1030	0.189747
0.681029	1	1	5	1030	0.189707
0.681029	1	1	5	1030	0.189667
0.681029	1	1	5	1030	0.189627
0.681029	1	1	5	1030	0.189587
0.681029	1	1	5	1030	0.189547
0.681029	1	1	5	1030	0.189507
0.682029	1	1	5	1030	0.190467
0.682029	1	1	5	1030	0.190427
0.682029	1	1	5	1030	0.190387
0.682029	1	1	5	1030	0.190347
0.682029	1	1	5	1030	0.190307
0.682029	1	1	5	1030	0.190267
0.682029	1	1	5	1030	0.190227
0.682029	1	1	5	1030	0.190187
0.683029	1	1	5	1030	0.191147
0.683029	1	1	5	1030	0.191107
0.683029	1	1	5	1030	0.191067
0.683029	1	1	5	1030	0.191027
0.683029	1	1	5	1030	0.190987
0.683029	1	1	5	1030	0.190947
0.683029	1	1	5	1030	0.190907
0.683029	1	1	5	1030	0.190867
0.683029	1	1	5	1030	0.190827
0.684029	1	1	5	1030	0.191787
0.684029	1	1	5	1030	0.191747
0.684029	1	1	5	1030	0.191707
0.684029	1	1	5	1030	0.191667
0.684029	1	1	5	1030	0.191627
0.684029	1	1	5	1030	0.191587
0.684029	1	1	5	1030	0.191547
0.684029	1	1	5	1030	0.191507
0.685029	1	1	5	1030	0.192467
0.685029	1	1	5	1030	0.192427
0.685029	1	1	5	1030	0.192387
0.685029	1	1	5	1030	0.192347
0.685029	1	1	5	1030	0.192307
0.685029	1	1	5	1030	0.192267
0.685029	1	1	5	1030	0.192227
0.685029	1	1	5	1030	0.192187
0.685029	1	1	5	1030	0.192147
0.686029	1	1	5	1030	0.193107
0.686029	1	1	5	1030	0.193067
0.686029	1	1	5	1030	0.193027
0.686029	1	1	5	1030	0.192987
0.686029	1	1	5	1030	0.192947
0.686029	1	1	5	1030	0.192907
0.686029	1	1	5	1030	0.192867
0.686029	1	1	5	1030	0.192827
0.687029	1	1	5	1030	0.193787
0.687029	1	1	5	1030	0.193747
0.687029	1	1	5	1030	0.193707
0.687029	1	1	5	1030	0.193667
0.687029	1	1	5	1030	0.193627
0.687029	1	1	5	1030	0.193587
0.687029	1	1	5	1030	0.193547
0.687029	1	1	5	1030	0.193507
0.688029	1	1	5	1030	0.194467
0.688029	1	1	5	1030	0.194427
0.688029	1	1	5	1030	0.194387
0.688029	1	1	5	1030	0.194347
0.688029	1	1	5	1030	0.194307
0.688029	1	1	5	1030	0.194267
0.688029	1	1	5	1030	0.194227
0.688029	1	1	5	1030	0.194187
0.688029	1	1	5	1030	0.194147
0.689029	1	1	5	1030	0.195107
0.689029	1	1	5	1030	0.195067
0.689029	1	1	5	1030	0.195027
0.689029	1	1	5	1030	0.194987
0.689029	1	1	5	1030	0.194947
0.689029	1	1	5	1030	0.194907
0.689029	1	1	5	1030	0.194867
0.689029	1	1	5	1030	0.194827
0.690029	1	1	5	1030	0.195787
0.690029	1	1	5	1030	0.195747
0.690029	1	1	5	1030	0.195707
0.690029	1	1	5	1030	0.195667
0.690029	1	1	5	1030	0.195627
0.690029	1	1	5	1030	0.195587
0.690029	1	1	5	1030	0.195547
0.690029	1	1	5	1030	0.195507
0.690029	1	1	5	1030	0.195467
0.690957	1	1	5	1030	0.196355
0.690957	1	1	5	1030	0.196315
0.690957	1	1	5	1030	0.196275
0.690957	1	1	5	1030	0.196235
0.690957	1	1	5	1030	0.196195
0.690957	1	1	5	1030	0.196155
0.690957	1	1	5	1030	0.196115
0.692029	1	1	5	1030	0.197147
0.692029	1	1	5	1030	0.197107
0.692029	1	1	5	1030	0.197067
0.692029	1	1	5	1030	0.197027
0.692029	1	1	5	1030	0.196987
0.692029	1	1	5	1030	0.196947
0.692029	1	1	5	1030	0.196907
0.692029	1	1	5	1030	0.196867
0.692029	1	1	5	1030	0.196827
0.693029	1	1	5	1030	0.197787
0.693029	1	1	5	1030	0.197747
0.693029	1	1	5	1030	0.197707
0.693029	1	1	5	1030	0.197667
0.693029	1	1	5	1030	0.197627
0.693029	1	1	5	1030	0.197587
0.693029	1	1	5	1030	0.197547
0.693029	1	1	5	1030	0.197507
0.694029	1	1	5	1030	0.198467
0.694029	1	1	5	1030	0.198427
0.694029	1	1	5	1030	0.198387
0.694029	1	1	5	1030	0.198347
0.694029	1	1	5	1030	0.198307
0.694029	1	1	5	1030	0.198267
0.694029	1	1	5	1030	0.198227
0.694029	1	1	5	1030	0.198187
0.694029	1	1	5	1030	0.198147
0.695029	1	1	5	1030	0.199107
0.695029	1	1	5	1030	0.199067
0.695029	1	1	5	1030	0.199027
0.695029	1	1	5	1030	0.198987
0.695029	1	1	5	1030	0.198947
0.695029	1	1	5	1030	0.198907
0.695029	1	1	5	1030	0.198867
0.695029	1	1	5	1030	0.198827
0.696029	1	1	5	1030	0.199787
0.696029	1	1	5	1030	0.199747
0.696029	1	1	5	1030	0.199707
0.696029	1	1	5	1030	0.199667
0.696029	1	1	5	1030	0.199627
0.696029	1	1	5	1030	0.199587
0.696029	1	1	5	1030	0.199547
0.696029	1	1	5	1030	0.199507
0.696029	1	1	5	1030	0.199467
0.697029	1	1	5	1030	0.200427
0.697029	1	1	5	1030	0.200387
0.697029	1	1	5	1030	0.200347
0.697029	1	1	5	1030	0.200307
0.697029	1	1	5	1030	0.200267
0.697029	1	1	5	1030	0.200227
0.697029	1	1	5	1030	0.200187
0.697029	1	1	5	1030	0.200147
0.698029	1	1	5	1030	0.201107
0.698029	1	1	5	1030	0.201067
0.698029	1	1	5	1030	0.201027
0.698029	1	1	5	1030	0.200987
0.698029	1	1	5	1030	0.200947
0.698029	1	1	5	1030	0.200907
0.698029	1	1	5	1030	0.200867
0.698029	1	1	5	1030	0.200827
0.699029	1	1	5	1030	0.201787
0.699029	1	1	5	1030	0.201747
0.699029	1	1	5	1030	0.201707
0.699029	1	1	5	1030	0.201667
0.699029	1	1	5	1030	0.201627
0.699029	1	1	5	1030	0.201587
0.699029	1	1	5	1030	0.201547
0.699029	1	1	5	1030	0.201507
0.699029	1	1	5	1030	0.201467
0.700029	1	1	5	1030	0.202427
0.700029	1	1	5	1030	0.202387
0.700029	1	1	5	1030	0.202347
0.700029	1	1	5	1030	0.202307
0.700029	1	1	5	1030	0.202267
0.700029	1	1	5	1030	0.202227
0.700029	1	1	5	1030	0.202187
0.700029	1	1	5	1030	0.202147
0.701029	1	1	5	1030	0.203107
0.701029	1	1	5	1030	0.203067
0.701029	1	1	5	1030	0.203027
0.701029	1	1	5	1030	0.202987
0.701029	1	1	5	1030	0.202947
0.701029	1	1	5	1030	0.202907
0.701029	1	1	5	1030	0.202867
0.701029	1	1	5	1030	0.202827
0.701029	1	1	5	1030	0.202787
0.702029	1	1	5	1030	0.203747
0.702029	1	1	5	1030	0.203707
0.702029	1	1	5	1030	0.203667
0.702029	1	1	5	1030	0.203627
0.702029	1	1	5	1030	0.203587
0.702029	1	1	5	1030	0.203547
0.702029	1	1	5	1030	0.203507
0.702029	1	1	5	1030	0.203467
0.703029	1	1	5	1030	0.204427
0.703029	1	1	5	1030	0.204387
0.703029	1	1	5	1030	0.204347
0.703029	1	1	5	1030	0.204307
0.703029	1	1	5	1030	0.204267
0.703029	1	1	5	1030	0.204227
0.703029	1	1	5	1030	0.204187
0.703029	1	1	5	1030	0.204147
0.704029	1	1	5	1030	0.205107
0.704029	1	1	5	1030	0.205067
0.704029	1	1	5	1030	0.205027
0.704029	1	1	5	1030	0.204987
0.704029	1	1	5	1030	0.204947
0.704029	1	1	5	1030	0.204907
0.704029	1	1	5	1030	0.204867
0.704029	1	1	5	1030	0.204827
0.704029	1	1	5	1030	0.204787
0.705029	1	1	5	1030	0.205747
0.705029	1	1	5	1030	0.205707
0.705029	1	1	5	1030	0.205667
0.705029	1	1	5	1030	0.205627
0.705029	1	1	5	1030	0.205587
0.705029	1	1	5	1030	0.205547
0.705029	1	1	5	1030	0.205507
0.705029	1	1	5	1030	0.205467
0.706029	1	1	5	1030	0.206427
0.706029	1	1	5	1030	0.206387
0.706029	1	1	5	1030	0.206347
0.706029	1	1	5	1030	0.206307
0.706029	1	1	5	1030	0.206267
0.706029	1	1	5	1030	0.206227
0.706029	1	1	5	1030	0.206187
0.706029	1	1	5	1030	0.206147
0.706029	1	1	5	1030	0.206107
0.707029	1	1	5	1030	0.207067
0.707029	1	1	5	1030	0.207027
0.707029	1	1	5	1030	0.206987
0.707029	1	1	5	1030	0.206947
0.707029	1	1	5	1030	0.206907
0.707029	1	1	5	1030	0.206867
0.707029	1	1	5	1030	0.206827
0.707029	1	1	5	1030	0.206787
0.708029	1	1	5	1030	0.207747
0.708029	1	1	5	1030	0.207707
0.708029	1	1	5	1030	0.207667
0.708029	1	1	5	1030	0.207627
0.708029	1	1	5	1030	0.207587
0.708029	1	1	5	1030	0.207547
0.708029	1	1	5	1030	0.207507
0.708029	1	1	5	1030	0.207467
0.708029	1	1	5	1030	0.207427
0.709029	1	1	5	1030	0.208387
0.709029	1	1	5	1030	0.208347
0.709029	1	1	5	1030	0.208307
0.709029	1	1	5	1030	0.208267
0.709029	1	1	5	1030	0.208227
0.709029	1	1	5	1030	0.208187
0.709029	1	1	5	1030	0.208147
0.709029	1	1	5	1030	0.208107
0.710029	1	1	5	1030	0.209067
0.710029	1	1	5	1030	0.209027
0.710029	1	1	5	1030	0.208987
0.710029	1	1	5	1030	0.208947
0.710029	1	1	5	1030	0.208907
0.710029	1	1	5	1030	0.208867
0.710029	1	1	5	1030	0.208827
0.710029	1	1	5	1030	0.208787
0.711029	1	1	5	1030	0.209747
0.711029	1	1	5	1030	0.209707
0.711029	1	1	5	1030	0.209667
0.711029	1	1	5	1030	0.209627
0.711029	1	1	5	1030	0.209587
0.711029	1	1	5	1030	0.209547
0.711029	1	1	5	1030	0.209507
0.711029	1	1	5	1030	0.209467
0.711029	1	1	5	1030	0.209427
0.712029	1	1	5	1030	0.210387
0.712029	1	1	5	1030	0.210347
0.712029	1	1	5	1030	0.210307
0.712029	1	1	5	1030	0.210267
0.712029	1	1	5	1030	0.210227
0.712029	1	1	5	1030	0.210187
0.712029	1	1	5	1030	0.210147
0.712029	1	1	5	1030	0.210107
0.713029	1	1	5	1030	0.211067
0.713029	1	1	5	1030	0.211027
0.713029	1	1	5	1030	0.210987
0.713029	1	1	5	1030	0.210947
0.713029	1	1	5	1030	0.210907
0.713029	1	1	5	1030	0.210867
0.713029	1	1	5	1030	0.210827
0.713029	1	1	5	1030	0.210787
0.713029	1	1	5	1030	0.210747
0.714029	1	1	5	1030	0.211707
0.714029	1	1	5	1030	0.211667
0.714029	1	1	5	1030	0.211627
0.714029	1	1	5	1030	0.211587
0.714029	1	1	5	1030	0.211547
0.714029	1	1	5	1030	0.211507
0.714029	1	1	5	1030	0.211467
0.714029	1	1	5	1030	0.211427
0.715029	1	1	5	1030	0.212387
0.715029	1	1	5	1030	0.212347
0.715029	1	1	5	1030	0.212307
0.715029	1	1	5	1030	0.212267
0.715029	1	1	5	1030	0.212227
0.715029	1	1	5	1030	0.212187
0.715029	1	1	5	1030	0.212147
0.715029	1	1	5	1030	0.212107
0.715029	1	1	5	1030	0.212067
0.716029	1	1	5	1030	0.213027
0.716029	1	1	5	1030	0.212987
0.716029	1	1	5	1030	0.212947
0.716029	1	1	5	1030	0.212907
0.716029	1	1	5	1030	0.212867
0.716029	1	1	5	1030	0.212827
0.716029	1	1	5	1030	0.212787
0.716029	1	1	5	1030	0.212747
0.717029	1	1	5	1030	0.213707
0.717029	1	1	5	1030	0.213667
0.717029	1	1	5	1030	0.213627
0.717029	1	1	5	1030	0.213587
0.717029	1	1	5	1030	0.213547
0.717029	1	1	5	1030	0.213507
0.717029	1	1	5	1030	0.213467
0.717029	1	1	5	1030	0.213427
0.718029	1	1	5	1030	0.214387
0.718029	1	1	5	1030	0.214347
0.718029	1	1	5	1030	0.214307
0.718029	1	1	5	1030	0.214267
0.718029	1	1	5	1030	0.214227
0.718029	1	1	5	1030	0.214187
0.718029	1	1	5	1030	0.214147
0.718029	1	1	5	1030	0.214107
0.718029	1	1	5	1030	0.214067
0.719029	1	1	5	1030	0.215027
0.719029	1	1	5	1030	0.214987
0.719029	1	1	5	1030	0.214947
0.719029	1	1	5	1030	0.214907
0.719029	1	1	5	1030	0.214867
0.719029	1	1	5	1030	0.214827
0.719029	1	1	5	1030	0.214787
0.719029	1	1	5	1030	0.214747
0.720029	1	1	5	1030	0.215707
0.720029	1	1	5	1030	0.215667
0.720029	1	1	5	1030	0.215627
0.720029	1	1	5	1030	0.215587
0.720029	1	1	5	1030	0.215547
0.720029	1	1	5	1030	0.215507
0.720029	1	1	5	1030	0.215467
0.720029	1	1	5	1030	0.215427
0.720029	1	1	5	1030	0.215387
0.721029	1	1	5	1030	0.216347
0.721029	1	1	5	1030	0.216307
0.721029	1	1	5	1030	0.216267
0.721029	1	1	5	1030	0.216227
0.721029	1	1	5	1030	0.216187
0.721029	1	1	5	1030	0.216147
0.721029	1	1	5	1030	0.216107
0.721029	1	1	5	1030	0.216067
0.722029	1	1	5	1030	0.217027
0.722029	1	1	5	1030	0.216987
0.722029	1	1	5	1030	0.216947
0.722029	1	1	5	1030	0.216907
0.722029	1	1	5	1030	0.216867
0.722029	1	1	5	1030	0.216827
0.722029	1	1	5	1030	0.216787
0.722029	1	1	5	1030	0.216747
0.723029	1	1	5	1030	0.217707
0.723029	1	1	5	1030	0.217667
0.723029	1	1	5	1030	0.217627
0.723029	1	1	5	1030	0.217587
0.723029	1	1	5	1030	0.217547
0.723029	1	1	5	1030	0.217507
0.723029	1	1	5	1030	0.217467
0.723029	1	1	5	1030	0.217427
0.723029	1	1	5	1030	0.217387
0.724029	1	1	5	1030	0.218347
0.724029	1	1	5	1030	0.218307
0.724029	1	1	5	1030	0.218267
0.724029	1	1	5	1030	0.218227
0.724029	1	1	5	1030	0.218187
0.724029	1	1	5	1030	0.218147
0.724029	1	1	5	1030	0.218107
0.724029	1	1	5	1030	0.218067
0.725029	1	1	5	1030	0.219027
0.725029	1	1	5	1030	0.218987
0.725029	1	1	5	1030	0.218947
0.725029	1	1	5	1030	0.218907
0.725029	1	1	5	1030	0.218867
0.725029	1	1	5	1030	0.218827
0.725029	1	1	5	1030	0.218787
0.725029	1	1	5	1030	0.218747
0.725029	1	1	5	1030	0.218707
0.726029	1	1	5	1030	0.219667
0.726029	1	1	5	1030	0.219627
0.726029	1	1	5	1030	0.219587
0.726029	1	1	5	1030	0.219547
0.726029	1	1	5	1030	0.219507
0.726029	1	1	5	1030	0.219467
0.726029	1	1	5	1030	0.219427
0.726029	1	1	5	1030	0.219387
0.727029	1	1	5	1030	0.220347
0.727029	1	1	5	1030	0.220307
0.727029	1	1	5	1030	0.220267
0.727029	1	1	5	1030	0.220227
0.727029	1	1	5	1030	0.220187
0.727029	1	1	5	1030	0.220147
0.727029	1	1	5	1030	0.220107
0.727029	1	1	5	1030	0.220067
0.727029	1	1	5	1030	0.220027
0.728029	1	1	5	1030	0.220987
0.728029	1	1	5	1030	0.220947
0.728029	1	1	5	1030	0.220907
0.728029	1	1	5	1030	0.220867
0.728029	1	1	5	1030	0.220827
0.728029	1	1	5	1030	0.220787
0.728029	1	1	5	1030	0.220747
0.728029	1	1	5	1030	0.220707
0.729029	1	1	5	1030	0.221667
0.729029	1	1	5	1030	0.221627
0.729029	1	1	5	1030	0.221587
0.729029	1	1	5	1030	0.221547
0.729029	1	1	5	1030	0.221507
0.729029	1	1	5	1030	0.221467
0.729029	1	1	5	1030	0.221427
0.729029	1	1	5	1030	0.221387
0.730029	1	1	5	1030	0.222347
0.730029	1	1	5	1030	0.222307
0.730029	1	1	5	1030	0.222267
0.730029	1	1	5	1030	0.222227
0.730029	1	1	5	1030	0.222187
0.730029	1	1	5	1030	0.222147
0.730029	1	1	5	1030	0.222107
0.730029	1	1	5	1030	0.222067
0.730029	1	1	5	1030	0.222027
0.731029	1	1	5	1030	0.222987
0.731029	1	1	5	1030	0.222947
0.731029	1	1	5	1030	0.222907
0.731029	1	1	5	1030	0.222867
0.731029	1	1	5	1030	0.222827
0.731029	1	1	5	1030	0.222787
0.731029	1	1	5	1030	0.222747
0.731029	1	1	5	1030	0.222707
0.732029	1	1	5	1030	0.223667
0.732029	1	1	5	1030	0.223627
0.732029	1	1	5	1030	0.223587
0.732029	1	1	5	1030	0.223547
0.732029	1	1	5	1030	0.223507
0.732029	1	1	5	1030	0.223467
0.732029	1	1	5	1030	0.223427
0.732029	1	1	5	1030	0.223387
0.732029	1	1	5	1030	0.223347
0.733029	1	1	5	1030	0.224307
0.733029	1	1	5	1030	0.224267
0.733029	1	1	5	1030	0.224227
0.733029	1	1	5	1030	0.224187
0.733029	1	1	5	1030	0.224147
0.733029	1	1	5	1030	0.224107
0.733029	1	1	5	1030	0.224067
0.733029	1	1	5	1030	0.224027
0.734029	1	1	5	1030	0.224987
0.734029	1	1	5	1030	0.224947
0.734029	1	1	5	1030	0.224907
0.734029	1	1	5	1030	0.224867
0.734029	1	1	5	1030	0.224827
0.734029	1	1	5	1030	0.224787
0.734029	1	1	5	1030	0.224747
0.734029	1	1	5	1030	0.224707
0.734029	1	1	5	1030	0.224667
0.735029	1	1	5	1030	0.225627
0.735029	1	1	5	1030	0.225587
0.735029	1	1	5	1030	0.225547
0.735029	1	1	5	1030	0.225507
0.735029	1	1	5	1030	0.225467
0.735029	1	1	5	1030	0.225427
0.735029	1	1	5	1030	0.225387
0.735029	1	1	5	1030	0.225347
0.736029	1	1	5	1030	0.226307
0.736029	1	1	5	1030	0.226267
0.736029	1	1	5	1030	0.226227
0.736029	1	1	5	1030	0.226187
0.736029	1	1	5	1030	0.226147
0.736029	1	1	5	1030	0.226107
0.736029	1	1	5	1030	0.226067
0.736029	1	1	5	1030	0.226027
0.737029	1	1	5	1030	0.226987
0.737029	1	1	5	1030	0.226947
0.737029	1	1	5	1030	0.226907
0.737029	1	1	5	1030	0.226867
0.737029	1	1	5	1030	0.226827
0.737029	1	1	5	1030	0.226787
0.737029	1	1	5	1030	0.226747
0.737029	1	1	5	1030	0.226707
0.737029	1	1	5	1030	0.226667
0.738029	1	1	5	1030	0.227627
0.738029	1	1	5	1030	0.227587
0.738029	1	1	5	1030	0.227547
0.738029	1	1	5	1030	0.227507
0.738029	1	1	5	1030	0.227467
0.738029	1	1	5	1030	0.227427
0.738029	1	1	5	1030	0.227387
0.738029	1	1	5	1030	0.227347
0.739029	1	1	5	1030	0.228307
0.739029	1	1	5	1030	0.228267
0.739029	1	1	5	1030	0.228227
0.739029	1	1	5	1030	0.228187
0.739029	1	1	5	1030	0.228147
0.739029	1	1	5	1030	0.228107
0.739029	1	1	5	1030	0.228067
0.739029	1	1	5	1030	0.228027
0.739029	1	1	5	1030	0.227987
0.740029	1	1	5	1030	0.228947
0.740029	1	1	5	1030	0.228907
0.740029	1	1	5	1030	0.228867
0.740029	1	1	5	1030	0.228827
0.740029	1	1	5	1030	0.228787
0.740029	1	1	5	1030	0.228747
0.740029	1	1	5	1030	0.228707
0.740029	1	1	5	1030	0.228667
0.741029	1	1	5	1030	0.229627
0.741029	1	1	5	1030	0.229587
0.741029	1	1	5	1030	0.229547
0.741029	1	1	5	1030	0.229507
0.741029	1	1	5	1030	0.229467
0.741029	1	1	5	1030	0.229427
0.741029	1	1	5	1030	0.229387
0.741029	1	1	5	1030	0.229347
0.742029	1	1	5	1030	0.230307
0.742029	1	1	5	1030	0.230267
0.742029	1	1	5	1030	0.230227
0.742029	1	1	5	1030	0.230187
0.742029	1	1	5	1030	0.230147
0.742029	1	1	5	1030	0.230107
0.742029	1	1	5	1030	0.230067
0.742029	1	1	5	1030	0.230027
0.742029	1	1	5	1030	0.229987
0.743029	1	1	5	1030	0.230947
0.743029	1	1	5	1030	0.230907
0.743029	1	1	5	1030	0.230867
0.743029	1	1	5	1030	0.230827
0.743029	1	1	5	1030	0.230787
0.743029	1	1	5	1030	0.230747
0.743029	1	1	5	1030	0.230707
0.743029	1	1	5	1030	0.230667
0.744029	1	1	5	1030	0.231627
0.744029	1	1	5	1030	0.231587
0.744029	1	1	5	1030	0.231547
0.744029	1	1	5	1030	0.231507
0.744029	1	1	5	1030	0.231467
0.744029	1	1	5	1030	0.231427
0.744029	1	1	5	1030	0.231387
0.744029	1	1	5	1030	0.231347
0.744029	1	1	5	1030	0.231307
0.745029	1	1	5	1030	0.232267
0.745029	1	1	5	1030	0.232227
0.745029	1	1	5	1030	0.232187
0.745029	1	1	5	1030	0.232147
0.745029	1	1	5	1030	0.232107
0.745029	1	1	5	1030	0.232067
0.745029	1	1	5	1030	0.232027
0.745029	1	1	5	1030	0.231987
0.746029	1	1	5	1030	0.232947
0.746029	1	1	5	1030	0.232907
0.746029	1	1	5	1030	0.232867
0.746029	1	1	5	1030	0.232827
0.746029	1	1	5	1030	0.232787
0.746029	1	1	5	1030	0.232747
0.746029	1	1	5	1030	0.232707
0.746029	1	1	5	1030	0.232667
0.746029	1	1	5	1030	0.232627
0.747029	1	1	5	1030	0.233587
0.747029	1	1	5	1030	0.233547
0.747029	1	1	5	1030	0.233507
0.747029	1	1	5	1030	0.233467
0.747029	1	1	5	1030	0.233427
0.747029	1	1	5	1030	0.233387
0.747029	1	1	5	1030	0.233347
0.747029	1	1	5	1030	0.233307
0.748029	1	1	5	1030	0.234267
0.748029	1	1	5	1030	0.234227
0.748029	1	1	5	1030	0.234187
0.748029	1	1	5	1030	0.234147
0.748029	1	1	5	1030	0.234107
0.748029	1	1	5	1030	0.234067
0.748029	1	1	5	1030	0.234027
0.748029	1	1	5	1030	0.233987
0.749029	1	1	5	1030	0.234947
0.749029	1	1	5	1030	0.234907
0.749029	1	1	5	1030	0.234867
0.749029	1	1	5	1030	0.234827
0.749029	1	1	5	1030	0.234787
0.749029	1	1	5	1030	0.234747
0.749029	1	1	5	1030	0.234707
0.749029	1	1	5	1030	0.234667
0.749029	1	1	5	1030	0.234627
0.750029	1	1	5	1030	0.235587
0.750029	1	1	5	1030	0.235547
0.750029	1	1	5	1030	0.235507
0.750029	1	1	5	1030	0.235467
0.750029	1	1	5	1030	0.235427
0.750029	1	1	5	1030	0.235387
0.750029	1	1	5	1030	0.235347
0.750029	1	1	5	1030	0.235307
0.751029	1	1	5	1030	0.236267
0.751029	1	1	5	1030	0.236227
0.751029	1	1	5	1030	0.236187
0.751029	1	1	5	1030	0.236147
0.751029	1	1	5	1030	0.236107
0.751029	1	1	5	1030	0.236067
0.751029	1	1	5	1030	0.236027
0.751029	1	1	5	1030	0.235987
0.751029	1	1	5	1030	0.235947
0.752029	1	1	5	1030	0.236907
0.752029	1	1	5	1030	0.236867
0.752029	1	1	5	1030	0.236827
0.752029	1	1	5	1030	0.236787
0.752029	1	1	5	1030	0.236747
0.752029	1	1	5	1030	0.236707
0.752029	1	1	5	1030	0.236667
0.752029	1	1	5	1030	0.236627
0.753029	1	1	5	1030	0.237587
0.753029	1	1	5	1030	0.237547
0.753029	1	1	5	1030	0.237507
0.753029	1	1	5	1030	0.237467
0.753029	1	1	5	1030	0.237427
0.753029	1	1	5	1030	0.237387
0.753029	1	1	5	1030	0.237347
0.753029	1	1	5	1030	0.237307
0.753029	1	1	5	1030	0.237267
0.754029	1	1	5	1030	0.238227
0.754029	1	1	5	1030	0.238187
0.754029	1	1	5	1030	0.238147
0.754029	1	1	5	1030	0.238107
0.754029	1	1	5	1030	0.238067
0.754029	1	1	5	1030	0.238027
0.754029	1	1	5	1030	0.237987
0.754029	1	1	5	1030	0.237947
0.755029	1	1	5	1030	0.238907
0.755029	1	1	5	1030	0.238867
0.755029	1	1	5	1030	0.238827
0.755029	1	1	5	1030	0.238787
0.755029	1	1	5	1030	0.238747
0.755029	1	1	5	1030	0.238707
0.755029	1	1	5	1030	0.238667
0.755029	1	1	5	1030	0.238627
0.756029	1	1	5	1030	0.239587
0.756029	1	1	5	1030	0.239547
0.756029	1	1	5	1030	0.239507
0.756029	1	1	5	1030	0.239467
0.756029	1	1	5	1030	0.239427
0.756029	1	1	5	1030	0.239387
0.756029	1	1	5	1030	0.239347
0.756029	1	1	5	1030	0.239307
0.756029	1	1	5	1030	0.239267
0.757029	1	1	5	1030	0.240227
0.757029	1	1	5	1030	0.240187
0.757029	1	1	5	1030	0.240147
0.757029	1	1	5	1030	0.240107
0.757029	1	1	5	1030	0.240067
0.757029	1	1	5	1030	0.240027
0.757029	1	1	5	1030	0.239987
0.757029	1	1	5	1030	0.239947
0.758029	1	1	5	1030	0.240907
0.758029	1	1	5	1030	0.240867
0.758029	1	1	5	1030	0.240827
0.758029	1	1	5	1030	0.240787
0.758029	1	1	5	1030	0.240747
0.758029	1	1	5	1030	0.240707
0.758029	1	1	5	1030	0.240667
0.758029	1	1	5	1030	0.240627
0.758029	1	1	5	1030	0.240587
0.759029	1	1	5	1030	0.241547
0.759029	1	1	5	1030	0.241507
0.759029	1	1	5	1030	0.241467
0.759029	1	1	5	1030	0.241427
0.759029	1	1	5	1030	0.241387
0.759029	1	1	5	1030	0.241347
0.759029	1	1	5	1030	0.241307
0.759029	1	1	5	1030	0.241267
0.760029	1	1	5	1030	0.242227
0.760029	1	1	5	1030	0.242187
0.760029	1	1	5	1030	0.242147
0.760029	1	1	5	1030	0.242107
0.760029	1	1	5	1030	0.242067
0.760029	1	1	5	1030	0.242027
0.760029	1	1	5	1030	0.241987
0.760029	1	1	5	1030	0.241947
0.761029	1	1	5	1030	0.242907
0.761029	1	1	5	1030	0.242867
0.761029	1	1	5	1030	0.242827
0.761029	1	1	5	1030	0.242787
0.761029	1	1	5	1030	0.242747
0.761029	1	1	5	1030	0.242707
0.761029	1	1	5	1030	0.242667
0.761029	1	1	5	1030	0.242627
0.761029	1	1	5	1030	0.242587
0.762029	1	1	5	1030	0.243547
0.762029	1	1	5	1030	0.243507
0.762029	1	1	5	1030	0.243467
0.762029	1	1	5	1030	0.243427
0.762029	1	1	5	1030	0.243387
0.762029	1	1	5	1030	0.243347
0.762029	1	1	5	1030	0.243307
0.762029	1	1	5	1030	0.243267
0.763029	1	1	5	1030	0.244227
0.763029	1	1	5	1030	0.244187
0.763029	1	1	5	1030	0.244147
0.763029	1	1	5	1030	0.244107
0.763029	1	1	5	1030	0.244067
0.763029	1	1	5	1030	0.244027
0.763029	1	1	5	1030	0.243987
0.763029	1	1	5	1030	0.243947
0.763029	1	1	5	1030	0.243907
0.764029	1	1	5	1030	0.244867
0.764029	1	1	5	1030	0.244827
0.764029	1	1	5	1030	0.244787
0.764029	1	1	5	1030	0.244747
0.764029	1	1	5	1030	0.244707
0.764029	1	1	5	1030	0.244667
0.764029	1	1	5	1030	0.244627
0.764029	1	1	5	1030	0.244587
0.765029	1	1	5	1030	0.245547
0.765029	1	1	5	1030	0.245507
0.765029	1	1	5	1030	0.245467
0.765029	1	1	5	1030	0.245427
0.765029	1	1	5	1030	0.245387
0.765029	1	1	5	1030	0.245347
0.765029	1	1	5	1030	0.245307
0.765029	1	1	5	1030	0.245267
0.765029	1	1	5	1030	0.245227
0.766029	1	1	5	1030	0.246187
0.766029	1	1	5	1030	0.246147
0.766029	1	1	5	1030	0.246107
0.766029	1	1	5	1030	0.246067
0.766029	1	1	5	1030	0.246027
0.766029	1	1	5	1030	0.245987
0.766029	1	1	5	1030	0.245947
0.766029	1	1	5	1030	0.245907
0.767029	1	1	5	1030	0.246867
0.767029	1	1	5	1030	0.246827
0.767029	1	1	5	1030	0.246787
0.767029	1	1	5	1030	0.246747
0.767029	1	1	5	1030	0.246707
0.767029	1	1	5	1030	0.246667
0.767029	1	1	5	1030	0.246627
0.767029	1	1	5	1030	0.246587
0.768029	1	1	5	1030	0.247547
0.768029	1	1	5	1030	0.247507
0.768029	1	1	5	1030	0.247467
0.768029	1	1	5	1030	0.247427
0.768029	1	1	5	1030	0.247387
0.768029	1	1	5	1030	0.247347
0.768029	1	1	5	1030	0.247307
0.768029	1	1	5	1030	0.247267
0.768029	1	1	5	1030	0.247227
0.769029	1	1	5	1030	0.248187
0.769029	1	1	5	1030	0.248147
0.769029	1	1	5	1030	0.248107
0.769029	1	1	5	1030	0.248067
0.769029	1	1	5	1030	0.248027
0.769029	1	1	5	1030	0.247987
0.769029	1	1	5	1030	0.247947
0.769029	1	1	5	1030	0.247907
0.770029	1	1	5	1030	0.248867
0.770029	1	1	5	1030	0.248827
0.770029	1	1	5	1030	0.248787
0.770029	1	1	5	1030	0.248747
0.770029	1	1	5	1030	0.248707
0.770029	1	1	5	1030	0.248667
0.770029	1	1	5	1030	0.248627
0.770029	1	1	5	1030	0.248587
0.770029	1	1	5	1030	0.248547
0.770957	1	1	5	1030	0.249435
0.770957	1	1	5	1030	0.249395
0.770957	1	1	5	1030	0.249355
0.770957	1	1	5	1030	0.249315
0.770957	1	1	5	1030	0.249275
0.770957	1	1	5	1030	0.249235
0.770957	1	1	5	1030	0.249195
0.772029	1	1	5	1030	0.250227
0.772029	1	1	5	1030	0.250187
0.772029	1	1	5	1030	0.250147
0.772029	1	1	5	1030	0.250107
0.772029	1	1	5	1030	0.250067
0.772029	1	1	5	1030	0.250027
0.772029	1	1	5	1030	0.249987
0.772029	1	1	5	1030	0.249947
0.772029	1	1	5	1030	0.249907
0.773029	1	1	5	1030	0.250867
0.773029	1	1	5	1030	0.250827
0.773029	1	1	5	1030	0.250787
0.773029	1	1	5	1030	0.250747
0.773029	1	1	5	1030	0.250707
0.773029	1	1	5	1030	0.250667
0.773029	1	1	5	1030	0.250627
0.773029	1	1	5	1030	0.250587
0.774029	1	1	5	1030	0.251547
0.774029	1	1	5	1030	0.251507
0.774029	1	1	5	1030	0.251467
0.774029	1	1	5	1030	0.251427
0.774029	1	1	5	1030	0.251387
0.774029	1	1	5	1030	0.251347
0.774029	1	1	5	1030	0.251307
0.774029	1	1	5	1030	0.251267
0.774029	1	1	5	1030	0.251227
0.775029	1	1	5	1030	0.252187
0.775029	1	1	5	1030	0.252147
0.775029	1	1	5	1030	0.252107
0.775029	1	1	5	1030	0.252067
0.775029	1	1	5	1030	0.252027
0.775029	1	1	5	1030	0.251987
0.775029	1	1	5	1030	0.251947
0.775029	1	1	5	1030	0.251907
0.776029	1	1	5	1030	0.252867
0.776029	1	1	5	1030	0.252827
0.776029	1	1	5	1030	0.252787
0.776029	1	1	5	1030	0.252747
0.776029	1	1	5	1030	0.252707
0.776029	1	1	5	1030	0.252667
0.776029	1	1	5	1030	0.252627
0.776029	1	1	5	1030	0.252587
0.777029	1	1	5	1030	0.253547
0.777029	1	1	5	1030	0.253507
0.777029	1	1	5	1030	0.253467
0.777029	1	1	5	1030	0.253427
0.777029	1	1	5	1030	0.253387
0.777029	1	1	5	1030	0.253347
0.777029	1	1	5	1030	0.253307
0.777029	1	1	5	1030	0.253267
0.777029	1	1	5	1030	0.253227
0.778029	1	1	5	1030	0.254187
0.778029	1	1	5	1030	0.254147
0.778029	1	1	5	1030	0.254107
0.778029	1	1	5	1030	0.254067
0.778029	1	1	5	1030	0.254027
0.778029	1	1	5	1030	0.253987
0.778029	1	1	5	1030	0.253947
0.778029	1	1	5	1030	0.253907
0.779029	1	1	5	1030	0.254867
0.779029	1	1	5	1030	0.254827
0.779029	1	1	5	1030	0.254787
0.779029	1	1	5	1030	0.254747
0.779029	1	1	5	1030	0.254707
0.779029	1	1	5	1030	0.254667
0.779029	1	1	5	1030	0.254627
0.779029	1	1	5	1030	0.254587
0.779029	1	1	5	1030	0.254547
0.780029	1	1	5	1030	0.255507
0.780029	1	1	5	1030	0.255467
0.780029	1	1	5	1030	0.255427
0.780029	1	1	5	1030	0.255387
0.780029	1	1	5	1030	0.255347
0.780029	1	1	5	1030	0.255307
0.780029	1	1	5	1030	0.255267
0.780029	1	1	5	1030	0.255227
0.781029	1	1	5	1030	0.256187
0.781029	1	1	5	1030	0.256147
0.781029	1	1	5	1030	0.256107
0.781029	1	1	5	1030	0.256067
0.781029	1	1	5	1030	0.256027
0.781029	1	1	5	1030	0.255987
0.781029	1	1	5	1030	0.255947
0.781029	1	1	5	1030	0.255907
0.781029	1	1	5	1030	0.255867
0.782029	1	1	5	1030	0.256827
0.782029	1	1	5	1030	0.256787
0.782029	1	1	5	1030	0.256747
0.782029	1	1	5	1030	0.256707
0.782029	1	1	5	1030	0.256667
0.782029	1	1	5	1030	0.256627
0.782029	1	1	5	1030	0.256587
0.782029	1	1	5	1030	0.256547
0.783029	1	1	5	1030	0.257507
0.783029	1	1	5	1030	0.257467
0.783029	1	1	5	1030	0.257427
0.783029	1	1	5	1030	0.257387
0.783029	1	1	5	1030	0.257347
0.783029	1	1	5	1030	0.257307
0.783029	1	1	5	1030	0.257267
0.783029	1	1	5	1030	0.257227
0.784029	1	1	5	1030	0.258187
0.784029	1	1	5	1030	0.258147
0.784029	1	1	5	1030	0.258107
0.784029	1	1	5	1030	0.258067
0.784029	1	1	5	1030	0.258027
0.784029	1	1	5	1030	0.257987
0.784029	1	1	5	1030	0.257947
0.784029	1	1	5	1030	0.257907
0.784029	1	1	5	1030	0.257867
0.785029	1	1	5	1030	0.258827
0.785029	1	1	5	1030	0.258787
0.785029	1	1	5	1030	0.258747
0.785029	1	1	5	1030	0.258707
0.785029	1	1	5	1030	0.258667
0.785029	1	1	5	1030	0.258627
0.785029	1	1	5	1030	0.258587
0.785029	1	1	5	1030	0.258547
0.786029	1	1	5	1030	0.259507
0.786029	1	1	5	1030	0.259467
0.786029	1	1	5	1030	0.259427
0.786029	1	1	5	1030	0.259387
0.786029	1	1	5	1030	0.259347
0.786029	1	1	5	1030	0.259307
0.786029	1	1	5	1030	0.259267
0.786029	1	1	5	1030	0.259227
0.786029	1	1	5	1030	0.259187
0.787029	1	1	5	1030	0.260147
0.787029	1	1	5	1030	0.260107
0.787029	1	1	5	1030	0.260067
0.787029	1	1	5	1030	0.260027
0.787029	1	1	5	1030	0.259987
0.787029	1	1	5	1030	0.259947
0.787029	1	1	5	1030	0.259907
0.787029	1	1	5	1030	0.259867
0.788029	1	1	5	1030	0.260827
0.788029	1	1	5	1030	0.260787
0.788029	1	1	5	1030	0.260747
0.788029	1	1	5	1030	0.260707
0.788029	1	1	5	1030	0.260667
0.788029	1	1	5	1030	0.260627
0.788029	1	1	5	1030	0.260587
0.788029	1	1	5	1030	0.260547
0.788029	1	1	5	1030	0.260507
0.789029	1	1	5	1030	0.261467
0.789029	1	1	5	1030	0.261427
0.789029	1	1	5	1030	0.261387
0.789029	1	1	5	1030	0.261347
0.789029	1	1	5	1030	0.261307
0.789029	1	1	5	1030	0.261267
0.789029	1	1	5	1030	0.261227
0.789029	1	1	5	1030	0.261187
0.790029	1	1	5	1030	0.262147
0.790029	1	1	5	1030	0.262107
0.790029	1	1	5	1030	0.262067
0.790029	1	1	5	1030	0.262027
0.790029	1	1	5	1030	0.261987
0.790029	1	1	5	1030	0.261947
0.790029	1	1	5	1030	0.261907
0.790029	1	1	5	1030	0.261867
0.791029	1	1	5	1030	0.262827
0.791029	1	1	5	1030	0.262787
0.791029	1	1	5	1030	0.262747
0.791029	1	1	5	1030	0.262707
0.791029	1	1	5	1030	0.262667
0.791029	1	1	5	1030	0.262627
0.791029	1	1	5	1030	0.262587
0.791029	1	1	5	1030	0.262547
0.791029	1	1	5	1030	0.262507
0.792029	1	1	5	1030	0.263467
0.792029	1	1	5	1030	0.263427
0.792029	1	1	5	1030	0.263387
0.792029	1	1	5	1030	0.263347
0.792029	1	1	5	1030	0.263307
0.792029	1	1	5	1030	0.263267
0.792029	1	1	5	1030	0.263227
0.792029	1	1	5	1030	0.263187
0.793029	1	1	5	1030	0.264147
0.793029	1	1	5	1030	0.264107
0.793029	1	1	5	1030	0.264067
0.793029	1	1	5	1030	0.264027
0.793029	1	1	5	1030	0.263987
0.793029	1	1	5	1030	0.263947
0.793029	1	1	5	1030	0.263907
0.793029	1	1	5	1030	0.263867
0.793029	1	1	5	1030	0.263827
0.794029	1	1	5	1030	0.264787
0.794029	1	1	5	1030	0.264747
0.794029	1	1	5	1030	0.264707
0.794029	1	1	5	1030	0.264667
0.794029	1	1	5	1030	0.264627
0.794029	1	1	5	1030	0.264587
0.794029	1	1	5	1030	0.264547
0.794029	1	1	5	1030	0.264507
0.795029	1	1	5	1030	0.265467
0.795029	1	1	5	1030	0.265427
0.795029	1	1	5	1030	0.265387
0.795029	1	1	5	1030	0.265347
0.795029	1	1	5	1030	0.265307
0.795029	1	1	5	1030	0.265267
0.795029	1	1	5	1030	0.265227
0.795029	1	1	5	1030	0.265187
0.796029	1	1	5	1030	0.266147
0.796029	1	1	5	1030	0.266107
0.796029	1	1	5	1030	0.266067
0.796029	1	1	5	1030	0.266027
0.796029	1	1	5	1030	0.265987
0.796029	1	1	5	1030	0.265947
0.796029	1	1	5	1030	0.265907
0.796029	1	1	5	1030	0.265867
0.796029	1	1	5	1030	0.265827
0.797029	1	1	5	1030	0.266787
0.797029	1	1	5	1030	0.266747
0.797029	1	1	5	1030	0.266707
0.797029	1	1	5	1030	0.266667
0.797029	1	1	5	1030	0.266627
0.797029	1	1	5	1030	0.266587
0.797029	1	1	5	1030	0.266547
0.797029	1	1	5	1030	0.266507
0.798029	1	1	5	1030	0.267467
0.798029	1	1	5	1030	0.267427
0.798029	1	1	5	1030	0.267387
0.798029	1	1	5	1030	0.267347
0.798029	1	1	5	1030	0.267307
0.798029	1	1	5	1030	0.267267
0.798029	1	1	5	1030	0.267227
0.798029	1	1	5	1030	0.267187
0.798029	1	1	5	1030	0.267147
0.799029	1	1	5	1030	0.268107
0.799029	1	1	5	1030	0.268067
0.799029	1	1	5	1030	0.268027
0.799029	1	1	5	1030	0.267987
0.799029	1	1	5	1030	0.267947
0.799029	1	1	5	1030	0.267907
0.799029	1	1	5	1030	0.267867
0.799029	1	1	5	1030	0.267827
0.800029	1	1	5	1030	0.268787
0.800029	1	1	5	1030	0.268747
0.800029	1	1	5	1030	0.268707
0.800029	1	1	5	1030	0.268667
0.800029	1	1	5	1030	0.268627
0.800029	1	1	5	1030	0.268587
0.800029	1	1	5	1030	0.268547
0.800029	1	1	5	1030	0.268507
0.800029	1	1	5	1030	0.268467
0.801029	1	1	5	1030	0.269427
0.801029	1	1	5	1030	0.269387
0.801029	1	1	5	1030	0.269347
0.801029	1	1	5	1030	0.269307
0.801029	1	1	5	1030	0.269267
0.801029	1	1	5	1030	0.269227
0.801029	1	1	5	1030	0.269187
0.801029	1	1	5	1030	0.269147
0.802029	1	1	5	1030	0.270107
0.802029	1	1	5	1030	0.270067
0.802029	1	1	5	1030	0.270027
0.802029	1	1	5	1030	0.269987
0.802029	1	1	5	1030	0.269947
0.802029	1	1	5	1030	0.269907
0.802029	1	1	5	1030	0.269867
0.802029	1	1	5	1030	0.269827
0.803029	1	1	5	1030	0.270787
0.803029	1	1	5	1030	0.270747
0.803029	1	1	5	1030	0.270707
0.803029	1	1	5	1030	0.270667
0.803029	1	1	5	1030	0.270627
0.803029	1	1	5	1030	0.270587
0.803029	1	1	5	1030	0.270547
0.803029	1	1	5	1030	0.270507
0.803029	1	1	5	1030	0.270467
0.804029	1	1	5	1030	0.271427
0.804029	1	1	5	1030	0.271387
0.804029	1	1	5	1030	0.271347
0.804029	1	1	5	1030	0.271307
0.804029	1	1	5	1030	0.271267
0.804029	1	1	5	1030	0.271227
0.804029	1	1	5	1030	0.271187
0.804029	1	1	5	1030	0.271147
0.805029	1	1	5	1030	0.272107
0.805029	1	1	5	1030	0.272067
0.805029	1	1	5	1030	0.272027
0.805029	1	1	5	1030	0.271987
0.805029	1	1	5	1030	0.271947
0.805029	1	1	5	1030	0.271907
0.805029	1	1	5	1030	0.271867
0.805029	1	1	5	1030	0.271827
0.805029	1	1	5	1030	0.271787
0.806029	1	1	5	1030	0.272747
0.806029	1	1	5	1030	0.272707
0.806029	1	1	5	1030	0.272667
0.806029	1	1	5	1030	0.272627
0.806029	1	1	5	1030	0.272587
0.806029	1	1	5	1030	0.272547
0.806029	1	1	5	1030	0.272507
0.806029	1	1	5	1030	0.272467
0.807029	1	1	5	1030	0.273427
0.807029	1	1	5	1030	0.273387
0.807029	1	1	5	1030	0.273347
0.807029	1	1	5	1030	0.273307
0.807029	1	1	5	1030	0.273267
0.807029	1	1	5	1030	0.273227
0.807029	1	1	5	1030	0.273187
0.807029	1	1	5	1030	0.273147
0.807029	1	1	5	1030	0.273107
0.808029	1	1	5	1030	0.274067
0.808029	1	1	5	1030	0.274027
0.808029	1	1	5	1030	0.273987
0.808029	1	1	5	1030	0.273947
0.808029	1	1	5	1030	0.273907
0.808029	1	1	5	1030	0.273867
0.808029	1	1	5	1030	0.273827
0.808029	1	1	5	1030	0.273787
0.809029	1	1	5	1030	0.274747
0.809029	1	1	5	1030	0.274707
0.809029	1	1	5	1030	0.274667
0.809029	1	1	5	1030	0.274627
0.809029	1	1	5	1030	0.274587
0.809029	1	1	5	1030	0.274547
0.809029	1	1	5	1030	0.274507
0.809029	1	1	5	1030	0.274467
0.810029	1	1	5	1030	0.275427
0.810029	1	1	5	1030	0.275387
0.810029	1	1	5	1030	0.275347
0.810029	1	1	5	1030	0.275307
0.810029	1	1	5	1030	0.275267
0.810029	1	1	5	1030	0.275227
0.810029	1	1	5	1030	0.275187
0.810029	1	1	5	1030	0.275147
0.810029	1	1	5	1030	0.275107
0.811029	1	1	5	1030	0.276067
0.811029	1	1	5	1030	0.276027
0.811029	1	1	5	1030	0.275987
0.811029	1	1	5	1030	0.275947
0.811029	1	1	5	1030	0.275907
0.811029	1	1	5	1030	0.275867
0.811029	1	1	5	1030	0.275827
0.811029	1	1	5	1030	0.275787
0.812029	1	1	5	1030	0.276747
0.812029	1	1	5	1030	0.276707
0.812029	1	1	5	1030	0.276667
0.812029	1	1	5	1030	0.276627
0.812029	1	1	5	1030	0.276587
0.812029	1	1	5	1030	0.276547
0.812029	1	1	5	1030	0.276507
0.812029	1	1	5	1030	0.276467
0.812029	1	1	5	1030	0.276427
0.813029	1	1	5	1030	0.277387
0.813029	1	1	5	1030	0.277347
0.813029	1	1	5	1030	0.277307
0.813029	1	1	5	1030	0.277267
0.813029	1	1	5	1030	0.277227
0.813029	1	1	5	1030	0.277187
0.813029	1	1	5	1030	0.277147
0.813029	1	1	5	1030	0.277107
0.814029	1	1	5	1030	0.278067
0.814029	1	1	5	1030	0.278027
0.814029	1	1	5	1030	0.277987
0.814029	1	1	5	1030	0.277947
0.814029	1	1	5	1030	0.277907
0.814029	1	1	5	1030	0.277867
0.814029	1	1	5	1030	0.277827
0.814029	1	1	5	1030	0.277787
0.815029	1	1	5	1030	0.278747
0.815029	1	1	5	1030	0.278707
0.815029	1	1	5	1030	0.278667
0.815029	1	1	5	1030	0.278627
0.815029	1	1	5	1030	0.278587
0.815029	1	1	5	1030	0.278547
0.815029	1	1	5	1030	0.278507
0.815029	1	1	5	1030	0.278467
0.815029	1	1	5	1030	0.278427
0.816029	1	1	5	1030	0.279387
0.816029	1	1	5	1030	0.279347
0.816029	1	1	5	1030	0.279307
0.816029	1	1	5	1030	0.279267
0.816029	1	1	5	1030	0.279227
0.816029	1	1	5	1030	0.279187
0.816029	1	1	5	1030	0.279147
0.816029	1	1	5	1030	0.279107
0.817029	1	1	5	1030	0.280067
0.817029	1	1	5	1030	0.280027
0.817029	1	1	5	1030	0.279987
0.817029	1	1	5	1030	0.279947
0.817029	1	1	5	1030	0.279907
0.817029	1	1	5	1030	0.279867
0.817029	1	1	5	1030	0.279827
0.817029	1	1	5	1030	0.279787
0.817029	1	1	5	1030	0.279747
0.818029	1	1	5	1030	0.280707
0.818029	1	1	5	1030	0.280667
0.818029	1	1	5	1030	0.280627
0.818029	1	1	5	1030	0.280587
0.818029	1	1	5	1030	0.280547
0.818029	1	1	5	1030	0.280507
0.818029	1	1	5	1030	0.280467
0.818029	1	1	5	1030	0.280427
0.819029	1	1	5	1030	0.281387
0.819029	1	1	5	1030	0.281347
0.819029	1	1	5	1030	0.281307
0.819029	1	1	5	1030	0.281267
0.819029	1	1	5	1030	0.281227
0.819029	1	1	5	1030	0.281187
0.819029	1	1	5	1030	0.281147
0.819029	1	1	5	1030	0.281107
0.819029	1	1	5	1030	0.281067
0.820029	1	1	5	1030	0.282027
0.820029	1	1	5	1030	0.281987
0.820029	1	1	5	1030	0.281947
0.820029	1	1	5	1030	0.281907
0.820029	1	1	5	1030	0.281867
0.820029	1	1	5	1030	0.281827
0.820029	1	1	5	1030	0.281787
0.820029	1	1	5	1030	0.281747
0.821029	1	1	5	1030	0.282707
0.821029	1	1	5	1030	0.282667
0.821029	1	1	5	1030	0.282627
0.821029	1	1	5	1030	0.282587
0.821029	1	1	5	1030	0.282547
0.821029	1	1	5	1030	0.282507
0.821029	1	1	5	1030	0.282467
0.821029	1	1	5	1030	0.282427
0.822029	1	1	5	1030	0.283387
0.822029	1	1	5	1030	0.283347
0.822029	1	1	5	1030	0.283307
0.822029	1	1	5	1030	0.283267
0.822029	1	1	5	1030	0.283227
0.822029	1	1	5	1030	0.283187
0.822029	1	1	5	1030	0.283147
0.822029	1	1	5	1030	0.283107
0.822029	1	1	5	1030	0.283067
0.823029	1	1	5	1030	0.284027
0.823029	1	1	5	1030	0.283987
0.823029	1	1	5	1030	0.283947
0.823029	1	1	5	1030	0.283907
0.823029	1	1	5	1030	0.283867
0.823029	1	1	5	1030	0.283827
0.823029	1	1	5	1030	0.283787
0.823029	1	1	5	1030	0.283747
0.824029	1	1	5	1030	0.284707
0.824029	1	1	5	1030	0.284667
0.824029	1	1	5	1030	0.284627
0.824029	1	1	5	1030	0.284587
0.824029	1	1	5	1030	0.284547
0.824029	1	1	5	1030	0.284507
0.824029	1	1	5	1030	0.284467
0.824029	1	1	5	1030	0.284427
0.824029	1	1	5	1030	0.284387
0.825029	1	1	5	1030	0.285347
0.825029	1	1	5	1030	0.285307
0.825029	1	1	5	1030	0.285267
0.825029	1	1	5	1030	0.285227
0.825029	1	1	5	1030	0.285187
0.825029	1	1	5	1030	0.285147
0.825029	1	1	5	1030	0.285107
0.825029	1	1	5	1030	0.285067
0.826029	1	1	5	1030	0.286027
0.826029	1	1	5	1030	0.285987
0.826029	1	1	5	1030	0.285947
0.826029	1	1	5	1030	0.285907
0.826029	1	1	5	1030	0.285867
0.826029	1	1	5	1030	0.285827
0.826029	1	1	5	1030	0.285787
0.826029	1	1	5	1030	0.285747
0.826029	1	1	5	1030	0.285707
0.827029	1	1	5	1030	0.286667
0.827029	1	1	5	1030	0.286627
0.827029	1	1	5	1030	0.286587
0.827029	1	1	5	1030	0.286547
0.827029	1	1	5	1030	0.286507
0.827029	1	1	5	1030	0.286467
0.827029	1	1	5	1030	0.286427
0.827029	1	1	5	1030	0.286387
0.828029	1	1	5	1030	0.287347
0.828029	1	1	5	1030	0.287307
0.828029	1	1	5	1030	0.287267
0.828029	1	1	5	1030	0.287227
0.828029	1	1	5	1030	0.287187
0.828029	1	1	5	1030	0.287147
0.828029	1	1	5	1030	0.287107
0.828029	1	1	5	1030	0.287067
0.829029	1	1	5	1030	0.288027
0.829029	1	1	5	1030	0.287987
0.829029	1	1	5	1030	0.287947
0.829029	1	1	5	1030	0.287907
0.829029	1	1	5	1030	0.287867
0.829029	1	1	5	1030	0.287827
0.829029	1	1	5	1030	0.287787
0.829029	1	1	5	1030	0.287747
0.829029	1	1	5	1030	0.287707
0.830029	1	1	5	1030	0.288667
0.830029	1	1	5	1030	0.288627
0.830029	1	1	5	1030	0.288587
0.830029	1	1	5	1030	0.288547
0.830029	1	1	5	1030	0.288507
0.830029	1	1	5	1030	0.288467
0.830029	1	1	5	1030	0.288427
0.830029	1	1	5	1030	0.288387
0.831029	1	1	5	1030	0.289347
0.831029	1	1	5	1030	0.289307
0.831029	1	1	5	1030	0.289267
0.831029	1	1	5	1030	0.289227
0.831029	1	1	5	1030	0.289187
0.831029	1	1	5	1030	0.289147
0.831029	1	1	5	1030	0.289107
0.831029	1	1	5	1030	0.289067
0.831029	1	1	5	1030	0.289027
0.832029	1	1	5	1030	0.289987
0.832029	1	1	5	1030	0.289947
0.832029	1	1	5	1030	0.289907
0.832029	1	1	5	1030	0.289867
0.832029	1	1	5	1030	0.289827
0.832029	1	1	5	1030	0.289787
0.832029	1	1	5	1030	0.289747
0.832029	1	1	5	1030	0.289707
0.833029	1	1	5	1030	0.290667
0.833029	1	1	5	1030	0.290627
0.833029	1	1	5	1030	0.290587
0.833029	1	1	5	1030	0.290547
0.833029	1	1	5	1030	0.290507
0.833029	1	1	5	1030	0.290467
0.833029	1	1	5	1030	0.290427
0.833029	1	1	5	1030	0.290387
0.834029	1	1	5	1030	0.291347
0.834029	1	1	5	1030	0.291307
0.834029	1	1	5	1030	0.291267
0.834029	1	1	5	1030	0.291227
0.834029	1	1	5	1030	0.291187
0.834029	1	1	5	1030	0.291147
0.834029	1	1	5	1030	0.291107
0.834029	1	1	5	1030	0.291067
0.834029	1	1	5	1030	0.291027
0.835029	1	1	5	1030	0.291987
0.835029	1	1	5	1030	0.291947
0.835029	1	1	5	1030	0.291907
0.835029	1	1	5	1030	0.291867
0.835029	1	1	5	1030	0.291827
0.835029	1	1	5	1030	0.291787
0.835029	1	1	5	1030	0.291747
0.835029	1	1	5	1030	0.291707
0.836029	1	1	5	1030	0.292667
0.836029	1	1	5	1030	0.292627
0.836029	1	1	5	1030	0.292587
0.836029	1	1	5	1030	0.292547
0.836029	1	1	5	1030	0.292507
0.836029	1	1	5	1030	0.292467
0.836029	1	1	5	1030	0.292427
0.836029	1	1	5	1030	0.292387
0.836029	1	1	5	1030	0.292347
0.837029	1	1	5	1030	0.293307
0.837029	1	1	5	1030	0.293267
0.837029	1	1	5	1030	0.293227
0.837029	1	1	5	1030	0.293187
0.837029	1	1	5	1030	0.293147
0.837029	1	1	5	1030	0.293107
0.837029	1	1	5	1030	0.293067
0.837029	1	1	5	1030	0.293027
0.838029	1	1	5	1030	0.293987
0.838029	1	1	5	1030	0.293947
0.838029	1	1	5	1030	0.293907
0.838029	1	1	5	1030	0.293867
0.838029	1	1	5	1030	0.293827
0.838029	1	1	5	1030	0.293787
0.838029	1	1	5	1030	0.293747
0.838029	1	1	5	1030	0.293707
0.838029	1	1	5	1030	0.293667
0.839029	1	1	5	1030	0.294627
0.839029	1	1	5	1030	0.294587
0.839029	1	1	5	1030	0.294547
0.839029	1	1	5	1030	0.294507
0.839029	1	1	5	1030	0.294467
0.839029	1	1	5	1030	0.294427
0.839029	1	1	5	1030	0.294387
0.839029	1	1	5	1030	0.294347
0.840029	1	1	5	1030	0.295307
0.840029	1	1	5	1030	0.295267
0.840029	1	1	5	1030	0.295227
0.840029	1	1	5	1030	0.295187
0.840029	1	1	5	1030	0.295147
0.840029	1	1	5	1030	0.295107
0.840029	1	1	5	1030	0.295067
0.840029	1	1	5	1030	0.295027
0.841029	1	1	5	1030	0.295987
0.841029	1	1	5	1030	0.295947
0.841029	1	1	5	1030	0.295907
0.841029	1	1	5	1030	0.295867
0.841029	1	1	5	1030	0.295827
0.841029	1	1	5	1030	0.295787
0.841029	1	1	5	1030	0.295747
0.841029	1	1	5	1030	0.295707
0.841029	1	1	5	1030	0.295667
0.842029	1	1	5	1030	0.296627
0.842029	1	1	5	1030	0.296587
0.842029	1	1	5	1030	0.296547
0.842029	1	1	5	1030	0.296507
0.842029	1	1	5	1030	0.296467
0.842029	1	1	5	1030	0.296427
0.842029	1	1	5	1030	0.296387
0.842029	1	1	5	1030	0.296347
0.843029	1	1	5	1030	0.297307
0.843029	1	1	5	1030	0.297267
0.843029	1	1	5	1030	0.297227
0.843029	1	1	5	1030	0.297187
0.843029	1	1	5	1030	0.297147
0.843029	1	1	5	1030	0.297107
0.843029	1	1	5	1030	0.297067
0.843029	1	1	5	1030	0.297027
0.843029	1	1	5	1030	0.296987
0.844029	1	1	5	1030	0.297947
0.844029	1	1	5	1030	0.297907
0.844029	1	1	5	1030	0.297867
0.844029	1	1	5	1030	0.297827
0.844029	1	1	5	1030	0.297787
0.844029	1	1	5	1030	0.297747
0.844029	1	1	5	1030	0.297707
0.844029	1	1	5	1030	0.297667
0.845029	1	1	5	1030	0.298627
0.845029	1	1	5	1030	0.298587
0.845029	1	1	5	1030	0.298547
0.845029	1	1	5	1030	0.298507
0.845029	1	1	5	1030	0.298467
0.845029	1	1	5	1030	0.298427
0.845029	1	1	5	1030	0.298387
0.845029	1	1	5	1030	0.298347
0.846029	1	1	5	1030	0.299307
0.846029	1	1	5	1030	0.299267
0.846029	1	1	5	1030	0.299227
0.846029	1	1	5	1030	0.299187
0.846029	1	1	5	1030	0.299147
0.846029	1	1	5	1030	0.299107
0.846029	1	1	5	1030	0.299067
0.846029	1	1	5	1030	0.299027
0.846029	1	1	5	1030	0.298987
0.847029	1	1	5	1030	0.299947
0.847029	1	1	5	1030	0.299907
0.847029	1	1	5	1030	0.299867
0.847029	1	1	5	1030	0.299827
0.847029	1	1	5	1030	0.299787
0.847029	1	1	5	1030	0.299747
0.847029	1	1	5	1030	0.299707
0.847029	1	1	5	1030	0.299667
0.848029	1	1	5	1030	0.300627
0.848029	1	1	5	1030	0.300587
0.848029	1	1	5	1030	0.300547
0.848029	1	1	5	1030	0.300507
0.848029	1	1	5	1030	0.300467
0.848029	1	1	5	1030	0.300427
0.848029	1	1	5	1030	0.300387
0.848029	1	1	5	1030	0.300347
0.848029	1	1	5	1030	0.300307
0.849029	1	1	5	1030	0.301267
0.849029	1	1	5	1030	0.301227
0.849029	1	1	5	1030	0.301187
0.849029	1	1	5	1030	0.301147
0.849029	1	1	5	1030	0.301107
0.849029	1	1	5	1030	0.301067
0.849029	1	1	5	1030	0.301027
0.849029	1	1	5	1030	0.300987
0.850029	1	1	5	1030	0.301947
0.850029	1	1	5	1030	0.301907
0.850029	1	1	5	1030	0.301867
0.850029	1	1	5	1030	0.301827
0.850029	1	1	5	1030	0.301787
0.850029	1	1	5	1030	0.301747
0.850029	1	1	5	1030	0.301707
0.850029	1	1	5	1030	0.301667
0.850029	1	1	5	1030	0.301627
0.850957	1	1	5	1030	0.302515
0.850957	1	1	5	1030	0.302475
0.850957	1	1	5	1030	0.302435
0.850957	1	1	5	1030	0.302395
0.850957	1	1	5	1030	0.302355
0.850957	1	1	5	1030	0.302315
0.850957	1	1	5	1030	0.302275
0.852029	1	1	5	1030	0.303307
0.852029	1	1	5	1030	0.303267
0.852029	1	1	5	1030	0.303227
0.852029	1	1	5	1030	0.303187
0.852029	1	1	5	1030	0.303147
0.852029	1	1	5	1030	0.303107
0.852029	1	1	5	1030	0.303067
0.852029	1	1	5	1030	0.303027
0.852029	1	1	5	1030	0.302987
0.853029	1	1	5	1030	0.303947
0.853029	1	1	5	1030	0.303907
0.853029	1	1	5	1030	0.303867
0.853029	1	1	5	1030	0.303827
0.853029	1	1	5	1030	0.303787
0.853029	1	1	5	1030	0.303747
0.853029	1	1	5	1030	0.303707
0.853029	1	1	5	1030	0.303667
0.854029	1	1	5	1030	0.304627
0.854029	1	1	5	1030	0.304587
0.854029	1	1	5	1030	0.304547
0.854029	1	1	5	1030	0.304507
0.854029	1	1	5	1030	0.304467
0.854029	1	1	5	1030	0.304427
0.854029	1	1	5	1030	0.304387
0.854029	1	1	5	1030	0.304347
0.854029	1	1	5	1030	0.304307
0.855029	1	1	5	1030	0.305267
0.855029	1	1	5	1030	0.305227
0.855029	1	1	5	1030	0.305187
0.855029	1	1	5	1030	0.305147
0.855029	1	1	5	1030	0.305107
0.855029	1	1	5	1030	0.305067
0.855029	1	1	5	1030	0.305027
0.855029	1	1	5	1030	0.304987
0.856029	1	1	5	1030	0.305947
0.856029	1	1	5	1030	0.305907
0.856029	1	1	5	1030	0.305867
0.856029	1	1	5	1030	0.305827
0.856029	1	1	5	1030	0.305787
0.856029	1	1	5	1030	0.305747
0.856029	1	1	5	1030	0.305707
0.856029	1	1	5	1030	0.305667
0.857029	1	1	5	1030	0.306627
0.857029	1	1	5	1030	0.306587
0.857029	1	1	5	1030	0.306547
0.857029	1	1	5	1030	0.306507
0.857029	1	1	5	1030	0.306467
0.857029	1	1	5	1030	0.306427
0.857029	1	1	5	1030	0.306387
0.857029	1	1	5	1030	0.306347
0.857029	1	1	5	1030	0.306307
0.858029	1	1	5	1030	0.307267
0.858029	1	1	5	1030	0.307227
0.858029	1	1	5	1030	0.307187
0.858029	1	1	5	1030	0.307147
0.858029	1	1	5	1030	0.307107
0.858029	1	1	5	1030	0.307067
0.858029	1	1	5	1030	0.307027
0.858029	1	1	5	1030	0.306987
0.859029	1	1	5	1030	0.307947
0.859029	1	1	5	1030	0.307907
0.859029	1	1	5	1030	0.307867
0.859029	1	1	5	1030	0.307827
0.859029	1	1	5	1030	0.307787
0.859029	1	1	5	1030	0.307747
0.859029	1	1	5	1030	0.307707
0.859029	1	1	5	1030	0.307667
0.859029	1	1	5	1030	0.307627
0.860029	1	1	5	1030	0.308587
0.860029	1	1	5	1030	0.308547
0.860029	1	1	5	1030	0.308507
0.860029	1	1	5	1030	0.308467
0.860029	1	1	5	1030	0.308427
0.860029	1	1	5	1030	0.308387
0.860029	1	1	5	1030	0.308347
0.860029	1	1	5	1030	0.308307
0.861029	1	1	5	1030	0.309267
0.861029	1	1	5	1030	0.309227
0.861029	1	1	5	1030	0.309187
0.861029	1	1	5	1030	0.309147
0.861029	1	1	5	1030	0.309107
0.861029	1	1	5	1030	0.309067
0.861029	1	1	5	1030	0.309027
0.861029	1	1	5	1030	0.308987
0.861029	1	1	5	1030	0.308947
0.862029	1	1	5	1030	0.309907
0.862029	1	1	5	1030	0.309867
0.862029	1	1	5	1030	0.309827
0.862029	1	1	5	1030	0.309787
0.862029	1	1	5	1030	0.309747
0.862029	1	1	5	1030	0.309707
0.862029	1	1	5	1030	0.309667
0.862029	1	1	5	1030	0.309627
0.863029	1	1	5	1030	0.310587
0.863029	1	1	5	1030	0.310547
0.863029	1	1	5	1030	0.310507
0.863029	1	1	5	1030	0.310467
0.863029	1	1	5	1030	0.310427
0.863029	1	1	5	1030	0.310387
0.863029	1	1	5	1030	0.310347
0.863029	1	1	5	1030	0.310307
0.864029	1	1	5	1030	0.311267
0.864029	1	1	5	1030	0.311227
0.864029	1	1	5	1030	0.311187
0.864029	1	1	5	1030	0.311147
0.864029	1	1	5	1030	0.311107
0.864029	1	1	5	1030	0.311067
0.864029	1	1	5	1030	0.311027
0.864029	1	1	5	1030	0.310987
0.864029	1	1	5	1030	0.310947
0.865029	1	1	5	1030	0.311907
0.865029	1	1	5	1030	0.311867
0.865029	1	1	5	1030	0.311827
0.865029	1	1	5	1030	0.311787
0.865029	1	1	5	1030	0.311747
0.865029	1	1	5	1030	0.311707
0.865029	1	1	5	1030	0.311667
0.865029	1	1	5	1030	0.311627
0.866029	1	1	5	1030	0.312587
0.866029	1	1	5	1030	0.312547
0.866029	1	1	5	1030	0.312507
0.866029	1	1	5	1030	0.312467
0.866029	1	1	5	1030	0.312427
0.866029	1	1	5	1030	0.312387
0.866029	1	1	5	1030	0.312347
0.866029	1	1	5	1030	0.312307
0.866029	1	1	5	1030	0.312267
0.867029	1	1	5	1030	0.313227
0.867029	1	1	5	1030	0.313187
0.867029	1	1	5	1030	0.313147
0.867029	1	1	5	1030	0.313107
0.867029	1	1	5	1030	0.313067
0.867029	1	1	5	1030	0.313027
0.867029	1	1	5	1030	0.312987
0.867029	1	1	5	1030	0.312947
0.868029	1	1	5	1030	0.313907
0.868029	1	1	5	1030	0.313867
0.868029	1	1	5	1030	0.313827
0.868029	1	1	5	1030	0.313787
0.868029	1	1	5	1030	0.313747
0.868029	1	1	5	1030	0.313707
0.868029	1	1	5	1030	0.313667
0.868029	1	1	5	1030	0.313627
0.869029	1	1	5	1030	0.314587
0.869029	1	1	5	1030	0.314547
0.869029	1	1	5	1030	0.314507
0.869029	1	1	5	1030	0.314467
0.869029	1	1	5	1030	0.314427
0.869029	1	1	5	1030	0.314387
0.869029	1	1	5	1030	0.314347
0.869029	1	1	5	1030	0.314307
0.869029	1	1	5	1030	0.314267
0.870029	1	1	5	1030	0.315227
0.870029	1	1	5	1030	0.315187
0.870029	1	1	5	1030	0.315147
0.870029	1	1	5	1030	0.315107
0.870029	1	1	5	1030	0.315067
0.870029	1	1	5	1030	0.315027
0.870029	1	1	5	1030	0.314987
0.870029	1	1	5	1030	0.314947
0.871029	1	1	5	1030	0.315907
0.871029	1	1	5	1030	0.315867
0.871029	1	1	5	1030	0.315827
0.871029	1	1	5	1030	0.315787
0.871029	1	1	5	1030	0.315747
0.871029	1	1	5	1030	0.315707
0.871029	1	1	5	1030	0.315667
0.871029	1	1	5	1030	0.315627
0.871029	1	1	5	1030	0.315587
0.872029	1	1	5	1030	0.316547
0.872029	1	1	5	1030	0.316507
0.872029	1	1	5	1030	0.316467
0.872029	1	1	5	1030	0.316427
0.872029	1	1	5	1030	0.316387
0.872029	1	1	5	1030	0.316347
0.872029	1	1	5	1030	0.316307
0.872029	1	1	5	1030	0.316267
0.873029	1	1	5	1030	0.317227
0.873029	1	1	5	1030	0.317187
0.873029	1	1	5	1030	0.317147
0.873029	1	1	5	1030	0.317107
0.873029	1	1	5	1030	0.317067
0.873029	1	1	5	1030	0.317027
0.873029	1	1	5	1030	0.316987
0.873029	1	1	5	1030	0.316947
0.873029	1	1	5	1030	0.316907
0.874029	1	1	5	1030	0.317867
0.874029	1	1	5	1030	0.317827
0.874029	1	1	5	1030	0.317787
0.874029	1	1	5	1030	0.317747
0.874029	1	1	5	1030	0.317707
0.874029	1	1	5	1030	0.317667
0.874029	1	1	5	1030	0.317627
0.874029	1	1	5	1030	0.317587
0.875029	1	1	5	1030	0.318547
0.875029	1	1	5	1030	0.318507
0.875029	1	1	5	1030	0.318467
0.875029	1	1	5	1030	0.318427
0.875029	1	1	5	1030	0.318387
0.875029	1	1	5	1030	0.318347
0.875029	1	1	5	1030	0.318307
0.875029	1	1	5	1030	0.318267
0.876029	1	1	5	1030	0.319227
0.876029	1	1	5	1030	0.319187
0.876029	1	1	5	1030	0.319147
0.876029	1	1	5	1030	0.319107
0.876029	1	1	5	1030	0.319067
0.876029	1	1	5	1030	0.319027
0.876029	1	1	5	1030	0.318987
0.876029	1	1	5	1030	0.318947
0.876029	1	1	5	1030	0.318907
0.877029	1	1	5	1030	0.319867
0.877029	1	1	5	1030	0.319827
0.877029	1	1	5	1030	0.319787
0.877029	1	1	5	1030	0.319747
0.877029	1	1	5	1030	0.319707
0.877029	1	1	5	1030	0.319667
0.877029	1	1	5	1030	0.319627
0.877029	1	1	5	1030	0.319587
0.878029	1	1	5	1030	0.320547
0.878029	1	1	5	1030	0.320507
0.878029	1	1	5	1030	0.320467
0.878029	1	1	5	1030	0.320427
0.878029	1	1	5	1030	0.320387
0.878029	1	1	5	1030	0.320347
0.878029	1	1	5	1030	0.320307
0.878029	1	1	5	1030	0.320267
0.878029	1	1	5	1030	0.320227
0.879029	1	1	5	1030	0.321187
0.879029	1	1	5	1030	0.321147
0.879029	1	1	5	1030	0.321107
0.879029	1	1	5	1030	0.321067
0.879029	1	1	5	1030	0.321027
0.879029	1	1	5	1030	0.320987
0.879029	1	1	5	1030	0.320947
0.879029	1	1	5	1030	0.320907
0.880029	1	1	5	1030	0.321867
0.880029	1	1	5	1030	0.321827
0.880029	1	1	5	1030	0.321787
0.880029	1	1	5	1030	0.321747
0.880029	1	1	5	1030	0.321707
0.880029	1	1	5	1030	0.321667
0.880029	1	1	5	1030	0.321627
0.880029	1	1	5	1030	0.321587
0.880029	1	1	5	1030	0.321547
0.881029	1	1	5	1030	0.322507
0.881029	1	1	5	1030	0.322467
0.881029	1	1	5	1030	0.322427
0.881029	1	1	5	1030	0.322387
0.881029	1	1	5	1030	0.322347
0.881029	1	1	5	1030	0.322307
0.881029	1	1	5	1030	0.322267
0.881029	1	1	5	1030	0.322227
0.882029	1	1	5	1030	0.323187
0.882029	1	1	5	1030	0.323147
0.882029	1	1	5	1030	0.323107
0.882029	1	1	5	1030	0.323067
0.882029	1	1	5	1030	0.323027
0.882029	1	1	5	1030	0.322987
0.882029	1	1	5	1030	0.322947
0.882029	1	1	5	1030	0.322907
0.883029	1	1	5	1030	0.323867
0.883029	1	1	5	1030	0.323827
0.883029	1	1	5	1030	0.323787
0.883029	1	1	5	1030	0.323747
0.883029	1	1	5	1030	0.323707
0.883029	1	1	5	1030	0.323667
0.883029	1	1	5	1030	0.323627
0.883029	1	1	5	1030	0.323587
0.883029	1	1	5	1030	0.323547
0.884029	1	1	5	1030	0.324507
0.884029	1	1	5	1030	0.324467
0.884029	1	1	5	1030	0.324427
0.884029	1	1	5	1030	0.324387
0.884029	1	1	5	1030	0.324347
0.884029	1	1	5	1030	0.324307
0.884029	1	1	5	1030	0.324267
0.884029	1	1	5	1030	0.324227
0.885029	1	1	5	1030	0.325187
0.885029	1	1	5	1030	0.325147
0.885029	1	1	5	1030	0.325107
0.885029	1	1	5	1030	0.325067
0.885029	1	1	5	1030	0.325027
0.885029	1	1	5	1030	0.324987
0.885029	1	1	5	1030	0.324947
0.885029	1	1	5	1030	0.324907
0.885029	1	1	5	1030	0.324867
0.886029	1	1	5	1030	0.325827
0.886029	1	1	5	1030	0.325787
0.886029	1	1	5	1030	0.325747
0.886029	1	1	5	1030	0.325707
0.886029	1	1	5	1030	0.325667
0.886029	1	1	5	1030	0.325627
0.886029	1	1	5	1030	0.325587
0.886029	1	1	5	1030	0.325547
0.887029	1	1	5	1030	0.326507
0.887029	1	1	5	1030	0.326467
0.887029	1	1	5	1030	0.326427
0.887029	1	1	5	1030	0.326387
0.887029	1	1	5	1030	0.326347
0.887029	1	1	5	1030	0.326307
0.887029	1	1	5	1030	0.326267
0.887029	1	1	5	1030	0.326227
0.888029	1	1	5	1030	0.327187
0.888029	1	1	5	1030	0.327147
0.888029	1	1	5	1030	0.327107
0.888029	1	1	5	1030	0.327067
0.888029	1	1	5	1030	0.327027
0.888029	1	1	5	1030	0.326987
0.888029	1	1	5	1030	0.326947
0.888029	1	1	5	1030	0.326907
0.888029	1	1	5	1030	0.326867
0.889029	1	1	5	1030	0.327827
0.889029	1	1	5	1030	0.327787
0.889029	1	1	5	1030	0.327747
0.889029	1	1	5	1030	0.327707
0.889029	1	1	5	1030	0.327667
0.889029	1	1	5	1030	0.327627
0.889029	1	1	5	1030	0.327587
0.889029	1	1	5	1030	0.327547
0.890029	1	1	5	1030	0.328507
0.890029	1	1	5	1030	0.328467
0.890029	1	1	5	1030	0.328427
0.890029	1	1	5	1030	0.328387
0.890029	1	1	5	1030	0.328347
0.890029	1	1	5	1030	0.328307
0.890029	1	1	5	1030	0.328267
0.890029	1	1	5	1030	0.328227
0.890029	1	1	5	1030	0.328187
0.891029	1	1	5	1030	0.329147
0.891029	1	1	5	1030	0.329107
0.891029	1	1	5	1030	0.329067
0.891029	1	1	5	1030	0.329027
0.891029	1	1	5	1030	0.328987
0.891029	1	1	5	1030	0.328947
0.891029	1	1	5	1030	0.328907
0.891029	1	1	5	1030	0.328867
0.892029	1	1	5	1030	0.329827
0.892029	1	1	5	1030	0.329787
0.892029	1	1	5	1030	0.329747
0.892029	1	1	5	1030	0.329707
0.892029	1	1	5	1030	0.329667
0.892029	1	1	5	1030	0.329627
0.892029	1	1	5	1030	0.329587
0.892029	1	1	5	1030	0.329547
0.892029	1	1	5	1030	0.329507
0.893029	1	1	5	1030	0.330467
0.893029	1	1	5	1030	0.330427
0.893029	1	1	5	1030	0.330387
0.893029	1	1	5	1030	0.330347
0.893029	1	1	5	1030	0.330307
0.893029	1	1	5	1030	0.330267
0.893029	1	1	5	1030	0.330227
0.893029	1	1	5	1030	0.330187
0.894029	1	1	5	1030	0.331147
0.894029	1	1	5	1030	0.331107
0.894029	1	1	5	1030	0.331067
0.894029	1	1	5	1030	0.331027
0.894029	1	1	5	1030	0.330987
0.894029	1	1	5	1030	0.330947
0.894029	1	1	5	1030	0.330907
0.894029	1	1	5	1030	0.330867
0.895029	1	1	5	1030	0.331827
0.895029	1	1	5	1030	0.331787
0.895029	1	1	5	1030	0.331747
0.895029	1	1	5	1030	0.331707
0.895029	1	1	5	1030	0.331667
0.895029	1	1	5	1030	0.331627
0.895029	1	1	5	1030	0.331587
0.895029	1	1	5	1030	0.331547
0.895029	1	1	5	1030	0.331507
0.896029	1	1	5	1030	0.332467
0.896029	1	1	5	1030	0.332427
0.896029	1	1	5	1030	0.332387
0.896029	1	1	5	1030	0.332347
0.896029	1	1	5	1030	0.332307
0.896029	1	1	5	1030	0.332267
0.896029	1	1	5	1030	0.332227
0.896029	1	1	5	1030	0.332187
0.897029	1	1	5	1030	0.333147
0.897029	1	1	5	1030	0.333107
0.897029	1	1	5	1030	0.333067
0.897029	1	1	5	1030	0.333027
0.897029	1	1	5	1030	0.332987
0.897029	1	1	5	1030	0.332947
0.897029	1	1	5	1030	0.332907
0.897029	1	1	5	1030	0.332867
0.897029	1	1	5	1030	0.332827
0.898029	1	1	5	1030	0.333787
0.898029	1	1	5	1030	0.333747
0.898029	1	1	5	1030	0.333707
0.898029	1	1	5	1030	0.333667
0.898029	1	1	5	1030	0.333627
0.898029	1	1	5	1030	0.333587
0.898029	1	1	5	1030	0.333547
0.898029	1	1	5	1030	0.333507
0.899029	1	1	5	1030	0.334467
0.899029	1	1	5	1030	0.334427
0.899029	1	1	5	1030	0.334387
0.899029	1	1	5	1030	0.334347
0.899029	1	1	5	1030	0.334307
0.899029	1	1	5	1030	0.334267
0.899029	1	1	5	1030	0.334227
0.899029	1	1	5	1030	0.334187
0.899029	1	1	5	1030	0.334147
0.900029	1	1	5	1030	0.335107
0.900029	1	1	5	1030	0.335067
0.900029	1	1	5	1030	0.335027
0.900029	1	1	5	1030	0.334987
0.900029	1	1	5	1030	0.334947
0.900029	1	1	5	1030	0.334907
0.900029	1	1	5	1030	0.334867
0.900029	1	1	5	1030	0.334827
0.901029	1	1	5	1030	0.335787
0.901029	1	1	5	1030	0.335747
0.901029	1	1	5	1030	0.335707
0.901029	1	1	5	1030	0.335667
0.901029	1	1	5	1030	0.335627
0.901029	1	1	5	1030	0.335587
0.901029	1	1	5	1030	0.335547
0.901029	1	1	5	1030	0.335507
0.902029	1	1	5	1030	0.336467
0.902029	1	1	5	1030	0.336427
0.902029	1	1	5	1030	0.336387
0.902029	1	1	5	1030	0.336347
0.902029	1	1	5	1030	0.336307
0.902029	1	1	5	1030	0.336267
0.902029	1	1	5	1030	0.336227
0.902029	1	1	5	1030	0.336187
0.902029	1	1	5	1030	0.336147
0.903029	1	1	5	1030	0.337107
0.903029	1	1	5	1030	0.337067
0.903029	1	1	5	1030	0.337027
0.903029	1	1	5	1030	0.336987
0.903029	1	1	5	1030	0.336947
0.903029	1	1	5	1030	0.336907
0.903029	1	1	5	1030	0.336867
0.903029	1	1	5	1030	0.336827
0.904029	1	1	5	1030	0.337787
0.904029	1	1	5	1030	0.337747
0.904029	1	1	5	1030	0.337707
0.904029	1	1	5	1030	0.337667
0.904029	1	1	5	1030	0.337627
0.904029	1	1	5	1030	0.337587
0.904029	1	1	5	1030	0.337547
0.904029	1	1	5	1030	0.337507
0.904029	1	1	5	1030	0.337467
0.905029	1	1	5	1030	0.338427
0.905029	1	1	5	1030	0.338387
0.905029	1	1	5	1030	0.338347
0.905029	1	1	5	1030	0.338307
0.905029	1	1	5	1030	0.338267
0.905029	1	1	5	1030	0.338227
0.905029	1	1	5	1030	0.338187
0.905029	1	1	5	1030	0.338147
0.906029	1	1	5	1030	0.339107
0.906029	1	1	5	1030	0.339067
0.906029	1	1	5	1030	0.339027
0.906029	1	1	5	1030	0.338987
0.906029	1	1	5	1030	0.338947
0.906029	1	1	5	1030	0.338907
0.906029	1	1	5	1030	0.338867
0.906029	1	1	5	1030	0.338827
0.907029	1	1	5	1030	0.339787
0.907029	1	1	5	1030	0.339747
0.907029	1	1	5	1030	0.339707
0.907029	1	1	5	1030	0.339667
0.907029	1	1	5	1030	0.339627
0.907029	1	1	5	1030	0.339587
0.907029	1	1	5	1030	0.339547
0.907029	1	1	5	1030	0.339507
0.907029	1	1	5	1030	0.339467
0.908029	1	1	5	1030	0.340427
0.908029	1	1	5	1030	0.340387
0.908029	1	1	5	1030	0.340347
0.908029	1	1	5	1030	0.340307
0.908029	1	1	5	1030	0.340267
0.908029	1	1	5	1030	0.340227
0.908029	1	1	5	1030	0.340187
0.908029	1	1	5	1030	0.340147
0.909029	1	1	5	1030	0.341107
0.909029	1	1	5	1030	0.341067
0.909029	1	1	5	1030	0.341027
0.909029	1	1	5	1030	0.340987
0.909029	1	1	5	1030	0.340947
0.909029	1	1	5	1030	0.340907
0.909029	1	1	5	1030	0.340867
0.909029	1	1	5	1030	0.340827
0.909029	1	1	5	1030	0.340787
0.910029	1	1	5	1030	0.341747
0.910029	1	1	5	1030	0.341707
0.910029	1	1	5	1030	0.341667
0.910029	1	1	5	1030	0.341627
0.910029	1	1	5	1030	0.341587
0.910029	1	1	5	1030	0.341547
0.910029	1	1	5	1030	0.341507
0.910029	1	1	5	1030	0.341467
0.911029	1	1	5	1030	0.342427
0.911029	1	1	5	1030	0.342387
0.911029	1	1	5	1030	0.342347
0.911029	1	1	5	1030	0.342307
0.911029	1	1	5	1030	0.342267
0.911029	1	1	5	1030	0.342227
0.911029	1	1	5	1030	0.342187
0.911029	1	1	5	1030	0.342147
0.911029	1	1	5	1030	0.342107
0.912029	1	1	5	1030	0.343067
0.912029	1	1	5	1030	0.343027
0.912029	1	1	5	1030	0.342987
0.912029	1	1	5	1030	0.342947
0.912029	1	1	5	1030	0.342907
0.912029	1	1	5	1030	0.342867
0.912029	1	1	5	1030	0.342827
0.912029	1	1	5	1030	0.342787
0.913029	1	1	5	1030	0.343747
0.913029	1	1	5	1030	0.343707
0.913029	1	1	5	1030	0.343667
0.913029	1	1	5	1030	0.343627
0.913029	1	1	5	1030	0.343587
0.913029	1	1	5	1030	0.343547
0.913029	1	1	5	1030	0.343507
0.913029	1	1	5	1030	0.343467
0.914029	1	1	5	1030	0.344427
0.914029	1	1	5	1030	0.344387
0.914029	1	1	5	1030	0.344347
0.914029	1	1	5	1030	0.344307
0.914029	1	1	5	1030	0.344267
0.914029	1	1	5	1030	0.344227
0.914029	1	1	5	1030	0.344187
0.914029	1	1	5	1030	0.344147
0.914029	1	1	5	1030	0.344107
0.915029	1	1	5	1030	0.345067
0.915029	1	1	5	1030	0.345027
0.915029	1	1	5	1030	0.344987
0.915029	1	1	5	1030	0.344947
0.915029	1	1	5	1030	0.344907
0.915029	1	1	5	1030	0.344867
0.915029	1	1	5	1030	0.344827
0.915029	1	1	5	1030	0.344787
0.916029	1	1	5	1030	0.345747
0.916029	1	1	5	1030	0.345707
0.916029	1	1	5	1030	0.345667
0.916029	1	1	5	1030	0.345627
0.916029	1	1	5	1030	0.345587
0.916029	1	1	5	1030	0.345547
0.916029	1	1	5	1030	0.345507
0.916029	1	1	5	1030	0.345467
0.916029	1	1	5	1030	0.345427
0.917029	1	1	5	1030	0.346387
0.917029	1	1	5	1030	0.346347
0.917029	1	1	5	1030	0.346307
0.917029	1	1	5	1030	0.346267
0.917029	1	1	5	1030	0.346227
0.917029	1	1	5	1030	0.346187
0.917029	1	1	5	1030	0.346147
0.917029	1	1	5	1030	0.346107
0.918029	1	1	5	1030	0.347067
0.918029	1	1	5	1030	0.347027
0.918029	1	1	5	1030	0.346987
0.918029	1	1	5	1030	0.346947
0.918029	1	1	5	1030	0.346907
0.918029	1	1	5	1030	0.346867
0.918029	1	1	5	1030	0.346827
0.918029	1	1	5	1030	0.346787
0.919029	1	1	5	1030	0.347747
0.919029	1	1	5	1030	0.347707
0.919029	1	1	5	1030	0.347667
0.919029	1	1	5	1030	0.347627
0.919029	1	1	5	1030	0.347587
0.919029	1	1	5	1030	0.347547
0.919029	1	1	5	1030	0.347507
0.919029	1	1	5	1030	0.347467
0.919029	1	1	5	1030	0.347427
0.920029	1	1	5	1030	0.348387
0.920029	1	1	5	1030	0.348347
0.920029	1	1	5	1030	0.348307
0.920029	1	1	5	1030	0.348267
0.920029	1	1	5	1030	0.348227
0.920029	1	1	5	1030	0.348187
0.920029	1	1	5	1030	0.348147
0.920029	1	1	5	1030	0.348107
0.921029	1	1	5	1030	0.349067
0.921029	1	1	5	1030	0.349027
0.921029	1	1	5	1030	0.348987
0.921029	1	1	5	1030	0.348947
0.921029	1	1	5	1030	0.348907
0.921029	1	1	5	1030	0.348867
0.921029	1	1	5	1030	0.348827
0.921029	1	1	5	1030	0.348787
0.921029	1	1	5	1030	0.348747
0.922029	1	1	5	1030	0.349707
0.922029	1	1	5	1030	0.349667
0.922029	1	1	5	1030	0.349627
0.922029	1	1	5	1030	0.349587
0.922029	1	1	5	1030	0.349547
0.922029	1	1	5	1030	0.349507
0.922029	1	1	5	1030	0.349467
0.922029	1	1	5	1030	0.349427
0.923029	1	1	5	1030	0.350387
0.923029	1	1	5	1030	0.350347
0.923029	1	1	5	1030	0.350307
0.923029	1	1	5	1030	0.350267
0.923029	1	1	5	1030	0.350227
0.923029	1	1	5	1030	0.350187
0.923029	1	1	5	1030	0.350147
0.923029	1	1	5	1030	0.350107
0.923029	1	1	5	1030	0.350067
0.924029	1	1	5	1030	0.351027
0.924029	1	1	5	1030	0.350987
0.924029	1	1	5	1030	0.350947
0.924029	1	1	5	1030	0.350907
0.924029	1	1	5	1030	0.350867
0.924029	1	1	5	1030	0.350827
0.924029	1	1	5	1030	0.350787
0.924029	1	1	5	1030	0.350747
0.925029	1	1	5	1030	0.351707
0.925029	1	1	5	1030	0.351667
0.925029	1	1	5	1030	0.351627
0.925029	1	1	5	1030	0.351587
0.925029	1	1	5	1030	0.351547
0.925029	1	1	5	1030	0.351507
0.925029	1	1	5	1030	0.351467
0.925029	1	1	5	1030	0.351427
0.926029	1	1	5	1030	0.352387
0.926029	1	1	5	1030	0.352347
0.926029	1	1	5	1030	0.352307
0.926029	1	1	5	1030	0.352267
0.926029	1	1	5	1030	0.352227
0.926029	1	1	5	1030	0.352187
0.926029	1	1	5	1030	0.352147
0.926029	1	1	5	1030	0.352107
0.926029	1	1	5	1030	0.352067
0.927029	1	1	5	1030	0.353027
0.927029	1	1	5	1030	0.352987
0.927029	1	1	5	1030	0.352947
0.927029	1	1	5	1030	0.352907
0.927029	1	1	5	1030	0.352867
0.927029	1	1	5	1030	0.352827
0.927029	1	1	5	1030	0.352787
0.927029	1	1	5	1030	0.352747
0.928029	1	1	5	1030	0.353707
0.928029	1	1	5	1030	0.353667
0.928029	1	1	5	1030	0.353627
0.928029	1	1	5	1030	0.353587
0.928029	1	1	5	1030	0.353547
0.928029	1	1	5	1030	0.353507
0.928029	1	1	5	1030	0.353467
0.928029	1	1	5	1030	0.353427
0.928029	1	1	5	1030	0.353387
0.929029	1	1	5	1030	0.354347
0.929029	1	1	5	1030	0.354307
0.929029	1	1	5	1030	0.354267
0.929029	1	1	5	1030	0.354227
0.929029	1	1	5	1030	0.354187
0.929029	1	1	5	1030	0.354147
0.929029	1	1	5	1030	0.354107
0.929029	1	1	5	1030	0.354067
0.930029	1	1	5	1030	0.355027
0.930029	1	1	5	1030	0.354987
0.930029	1	1	5	1030	0.354947
0.930029	1	1	5	1030	0.354907
0.930029	1	1	5	1030	0.354867
0.930029	1	1	5	1030	0.354827
0.930029	1	1	5	1030	0.354787
0.930029	1	1	5	1030	0.354747
0.930029	1	1	5	1030	0.354707
0.930957	1	1	5	1030	0.355595
0.930957	1	1	5	1030	0.355555
0.930957	1	1	5	1030	0.355515
0.930957	1	1	5	1030	0.355475
0.930957	1	1	5	1030	0.355435
0.930957	1	1	5	1030	0.355395
0.930957	1	1	5	1030	0.355355
0.932029	1	1	5	1030	0.356387
0.932029	1	1	5	1030	0.356347
0.932029	1	1	5	1030	0.356307
0.932029	1	1	5	1030	0.356267
0.932029	1	1	5	1030	0.356227
0.932029	1	1	5	1030	0.356187
0.932029	1	1	5	1030	0.356147
0.932029	1	1	5	1030	0.356107
0.932029	1	1	5	1030	0.356067
0.933029	1	1	5	1030	0.357027
0.933029	1	1	5	1030	0.356987
0.933029	1	1	5	1030	0.356947
0.933029	1	1	5	1030	0.356907
0.933029	1	1	5	1030	0.356867
0.933029	1	1	5	1030	0.356827
0.933029	1	1	5	1030	0.356787
0.933029	1	1	5	1030	0.356747
0.934029	1	1	5	1030	0.357707
0.934029	1	1	5	1030	0.357667
0.934029	1	1	5	1030	0.357627
0.934029	1	1	5	1030	0.357587
0.934029	1	1	5	1030	0.357547
0.934029	1	1	5	1030	0.357507
0.934029	1	1	5	1030	0.357467
0.934029	1	1	5	1030	0.357427
0.934029	1	1	5	1030	0.357387
0.935029	1	1	5	1030	0.358347
0.935029	1	1	5	1030	0.358307
0.935029	1	1	5	1030	0.358267
0.935029	1	1	5	1030	0.358227
0.935029	1	1	5	1030	0.358187
0.935029	1	1	5	1030	0.358147
0.935029	1	1	5	1030	0.358107
0.935029	1	1	5	1030	0.358067
0.936029	1	1	5	1030	0.359027
0.936029	1	1	5	1030	0.358987
0.936029	1	1	5	1030	0.358947
0.936029	1	1	5	1030	0.358907
0.936029	1	1	5	1030	0.358867
0.936029	1	1	5	1030	0.358827
0.936029	1	1	5	1030	0.358787
0.936029	1	1	5	1030	0.358747
0.937029	1	1	5	1030	0.359707
0.937029	1	1	5	1030	0.359667
0.937029	1	1	5	1030	0.359627
0.937029	1	1	5	1030	0.359587
0.937029	1	1	5	1030	0.359547
0.937029	1	1	5	1030	0.359507
0.937029	1	1	5	1030	0.359467
0.937029	1	1	5	1030	0.359427
0.937029	1	1	5	1030	0.359387
0.938029	1	1	5	1030	0.360347
0.938029	1	1	5	1030	0.360307
0.938029	1	1	5	1030	0.360267
0.938029	1	1	5	1030	0.360227
0.938029	1	1	5	1030	0.360187
0.938029	1	1	5	1030	0.360147
0.938029	1	1	5	1030	0.360107
0.938029	1	1	5	1030	0.360067
0.939029	1	1	5	1030	0.361027
0.939029	1	1	5	1030	0.360987
0.939029	1	1	5	1030	0.360947
0.939029	1	1	5	1030	0.360907
0.939029	1	1	5	1030	0.360867
0.939029	1	1	5	1030	0.360827
0.939029	1	1	5	1030	0.360787
0.939029	1	1	5	1030	0.360747
0.939029	1	1	5	1030	0.360707
0.940029	1	1	5	1030	0.361667
0.940029	1	1	5	1030	0.361627
0.940029	1	1	5	1030	0.361587
0.940029	1	1	5	1030	0.361547
0.940029	1	1	5	1030	0.361507
0.940029	1	1	5	1030	0.361467
0.940029	1	1	5	1030	0.361427
0.940029	1	1	5	1030	0.361387
0.941029	1	1	5	1030	0.362347
0.941029	1	1	5	1030	0.362307
0.941029	1	1	5	1030	0.362267
0.941029	1	1	5	1030	0.362227
0.941029	1	1	5	1030	0.362187
0.941029	1	1	5	1030	0.362147
0.941029	1	1	5	1030	0.362107
0.941029	1	1	5	1030	0.362067
0.942029	1	1	5	1030	0.363027
0.942029	1	1	5	1030	0.362987
0.942029	1	1	5	1030	0.362947
0.942029	1	1	5	1030	0.362907
0.942029	1	1	5	1030	0.362867
0.942029	1	1	5	1030	0.362827
0.942029	1	1	5	1030	0.362787
0.942029	1	1	5	1030	0.362747
0.942029	1	1	5	1030	0.362707
0.943029	1	1	5	1030	0.363667
0.943029	1	1	5	1030	0.363627
0.943029	1	1	5	1030	0.363587
0.943029	1	1	5	1030	0.363547
0.943029	1	1	5	1030	0.363507
0.943029	1	1	5	1030	0.363467
0.943029	1	1	5	1030	0.363427
0.943029	1	1	5	1030	0.363387
0.944029	1	1	5	1030	0.364347
0.944029	1	1	5	1030	0.364307
0.944029	1	1	5	1030	0.364267
0.944029	1	1	5	1030	0.364227
0.944029	1	1	5	1030	0.364187
0.944029	1	1	5	1030	0.364147
0.944029	1	1	5	1030	0.364107
0.944029	1	1	5	1030	0.364067
0.944029	1	1	5	1030	0.364027
0.945029	1	1	5	1030	0.364987
0.945029	1	1	5	1030	0.364947
0.945029	1	1	5	1030	0.364907
0.945029	1	1	5	1030	0.364867
0.945029	1	1	5	1030	0.364827
0.945029	1	1	5	1030	0.364787
0.945029	1	1	5	1030	0.364747
0.945029	1	1	5	1030	0.364707
0.946029	1	1	5	1030	0.365667
0.946029	1	1	5	1030	0.365627
0.946029	1	1	5	1030	0.365587
0.946029	1	1	5	1030	0.365547
0.946029	1	1	5	1030	0.365507
0.946029	1	1	5	1030	0.365467
0.946029	1	1	5	1030	0.365427
0.946029	1	1	5	1030	0.365387
0.946029	1	1	5	1030	0.365347
0.947029	1	1	5	1030	0.366307
0.947029	1	1	5	1030	0.366267
0.947029	1	1	5	1030	0.366227
0.947029	1	1	5	1030	0.366187
0.947029	1	1	5	1030	0.366147
0.947029	1	1	5	1030	0.366107
0.947029	1	1	5	1030	0.366067
0.947029	1	1	5	1030	0.366027
0.948029	1	1	5	1030	0.366987
0.948029	1	1	5	1030	0.366947
0.948029	1	1	5	1030	0.366907
0.948029	1	1	5	1030	0.366867
0.948029	1	1	5	1030	0.366827
0.948029	1	1	5	1030	0.366787
0.948029	1	1	5	1030	0.366747
0.948029	1	1	5	1030	0.366707
0.949029	1	1	5	1030	0.367667
0.949029	1	1	5	1030	0.367627
0.949029	1	1	5	1030	0.367587
0.949029	1	1	5	1030	0.367547
0.949029	1	1	5	1030	0.367507
0.949029	1	1	5	1030	0.367467
0.949029	1	1	5	1030	0.367427
0.949029	1	1	5	1030	0.367387
0.949029	1	1	5	1030	0.367347
0.950029	1	1	5	1030	0.368307
0.950029	1	1	5	1030	0.368267
0.950029	1	1	5	1030	0.368227
0.950029	1	1	5	1030	0.368187
0.950029	1	1	5	1030	0.368147
0.950029	1	1	5	1030	0.368107
0.950029	1	1	5	1030	0.368067
0.950029	1	1	5	1030	0.368027
0.951029	1	1	5	1030	0.368987
0.951029	1	1	5	1030	0.368947
0.951029	1	1	5	1030	0.368907
0.951029	1	1	5	1030	0.368867
0.951029	1	1	5	1030	0.368827
0.951029	1	1	5	1030	0.368787
0.951029	1	1	5	1030	0.368747
0.951029	1	1	5	1030	0.368707
0.951029	1	1	5	1030	0.368667
0.952029	1	1	5	1030	0.369627
0.952029	1	1	5	1030	0.369587
0.952029	1	1	5	1030	0.369547
0.952029	1	1	5	1030	0.369507
0.952029	1	1	5	1030	0.369467
0.952029	1	1	5	1030	0.369427
0.952029	1	1	5	1030	0.369387
0.952029	1	1	5	1030	0.369347
0.953029	1	1	5	1030	0.370307
0.953029	1	1	5	1030	0.370267
0.953029	1	1	5	1030	0.370227
0.953029	1	1	5	1030	0.370187
0.953029	1	1	5	1030	0.370147
0.953029	1	1	5	1030	0.370107
0.953029	1	1	5	1030	0.370067
0.953029	1	1	5	1030	0.370027
0.953029	1	1	5	1030	0.369987
0.954029	1	1	5	1030	0.370947
0.954029	1	1	5	1030	0.370907
0.954029	1	1	5	1030	0.370867
0.954029	1	1	5	1030	0.370827
0.954029	1	1	5	1030	0.370787
0.954029	1	1	5	1030	0.370747
0.954029	1	1	5	1030	0.370707
0.954029	1	1	5	1030	0.370667
0.955029	1	1	5	1030	0.371627
0.955029	1	1	5	1030	0.371587
0.955029	1	1	5	1030	0.371547
0.955029	1	1	5	1030	0.371507
0.955029	1	1	5	1030	0.371467
0.955029	1	1	5	1030	0.371427
0.955029	1	1	5	1030	0.371387
0.955029	1	1	5	1030	0.371347
0.956029	1	1	5	1030	0.372307
0.956029	1	1	5	1030	0.372267
0.956029	1	1	5	1030	0.372227
0.956029	1	1	5	1030	0.372187
0.956029	1	1	5	1030	0.372147
0.956029	1	1	5	1030	0.372107
0.956029	1	1	5	1030	0.372067
0.956029	1	1	5	1030	0.372027
0.956029	1	1	5	1030	0.371987
0.957029	1	1	5	1030	0.372947
0.957029	1	1	5	1030	0.372907
0.957029	1	1	5	1030	0.372867
0.957029	1	1	5	1030	0.372827
0.957029	1	1	5	1030	0.372787
0.957029	1	1	5	1030	0.372747
0.957029	1	1	5	1030	0.372707
0.957029	1	1	5	1030	0.372667
0.958029	1	1	5	1030	0.373627
0.958029	1	1	5	1030	0.373587
0.958029	1	1	5	1030	0.373547
0.958029	1	1	5	1030	0.373507
0.958029	1	1	5	1030	0.373467
0.958029	1	1	5	1030	0.373427
0.958029	1	1	5	1030	0.373387
0.958029	1	1	5	1030	0.373347
0.958029	1	1	5	1030	0.373307
0.959029	1	1	5	1030	0.374267
0.959029	1	1	5	1030	0.374227
0.959029	1	1	5	1030	0.374187
0.959029	1	1	5	1030	0.374147
0.959029	1	1	5	1030	0.374107
0.959029	1	1	5	1030	0.374067
0.959029	1	1	5	1030	0.374027
0.959029	1	1	5	1030	0.373987
0.960029	1	1	5	1030	0.374947
0.960029	1	1	5	1030	0.374907
0.960029	1	1	5	1030	0.374867
0.960029	1	1	5	1030	0.374827
0.960029	1	1	5	1030	0.374787
0.960029	1	1	5	1030	0.374747
0.960029	1	1	5	1030	0.374707
0.960029	1	1	5	1030	0.374667
0.961029	1	1	5	1030	0.375627
0.961029	1	1	5	1030	0.375587
0.961029	1	1	5	1030	0.375547
0.961029	1	1	5	1030	0.375507
0.961029	1	1	5	1030	0.375467
0.961029	1	1	5	1030	0.375427
0.961029	1	1	5	1030	0.375387
0.961029	1	1	5	1030	0.375347
0.961029	1	1	5	1030	0.375307
0.962029	1	1	5	1030	0.376267
0.962029	1	1	5	1030	0.376227
0.962029	1	1	5	1030	0.376187
0.962029	1	1	5	1030	0.376147
0.962029	1	1	5	1030	0.376107
0.962029	1	1	5	1030	0.376067
0.962029	1	1	5	1030	0.376027
0.962029	1	1	5	1030	0.375987
0.963029	1	1	5	1030	0.376947
0.963029	1	1	5	1030	0.376907
0.963029	1	1	5	1030	0.376867
0.963029	1	1	5	1030	0.376827
0.963029	1	1	5	1030	0.376787
0.963029	1	1	5	1030	0.376747
0.963029	1	1	5	1030	0.376707
0.963029	1	1	5	1030	0.376667
0.963029	1	1	5	1030	0.376627
0.964029	1	1	5	1030	0.377587
0.964029	1	1	5	1030	0.377547
0.964029	1	1	5	1030	0.377507
0.964029	1	1	5	1030	0.377467
0.964029	1	1	5	1030	0.377427
0.964029	1	1	5	1030	0.377387
0.964029	1	1	5	1030	0.377347
0.964029	1	1	5	1030	0.377307
0.965029	1	1	5	1030	0.378267
0.965029	1	1	5	1030	0.378227
0.965029	1	1	5	1030	0.378187
0.965029	1	1	5	1030	0.378147
0.965029	1	1	5	1030	0.378107
0.965029	1	1	5	1030	0.378067
0.965029	1	1	5	1030	0.378027
0.965029	1	1	5	1030	0.377987
0.965029	1	1	5	1030	0.377947
0.966029	1	1	5	1030	0.378907
0.966029	1	1	5	1030	0.378867
0.966029	1	1	5	1030	0.378827
0.966029	1	1	5	1030	0.378787
0.966029	1	1	5	1030	0.378747
0.966029	1	1	5	1030	0.378707
0.966029	1	1	5	1030	0.378667
0.966029	1	1	5	1030	0.378627
0.967029	1	1	5	1030	0.379587
0.967029	1	1	5	1030	0.379547
0.967029	1	1	5	1030	0.379507
0.967029	1	1	5	1030	0.379467
0.967029	1	1	5	1030	0.379427
0.967029	1	1	5	1030	0.379387
0.967029	1	1	5	1030	0.379347
0.967029	1	1	5	1030	0.379307
0.968029	1	1	5	1030	0.380267
0.968029	1	1	5	1030	0.380227
0.968029	1	1	5	1030	0.380187
0.968029	1	1	5	1030	0.380147
0.968029	1	1	5	1030	0.380107
0.968029	1	1	5	1030	0.380067
0.968029	1	1	5	1030	0.380027
0.968029	1	1	5	1030	0.379987
0.968029	1	1	5	1030	0.379947
0.969029	1	1	5	1030	0.380907
0.969029	1	1	5	1030	0.380867
0.969029	1	1	5	1030	0.380827
0.969029	1	1	5	1030	0.380787
0.969029	1	1	5	1030	0.380747
0.969029	1	1	5	1030	0.380707
0.969029	1	1	5	1030	0.380667
0.969029	1	1	5	1030	0.380627
0.970029	1	1	5	1030	0.381587
0.970029	1	1	5	1030	0.381547
0.970029	1	1	5	1030	0.381507
0.970029	1	1	5	1030	0.381467
0.970029	1	1	5	1030	0.381427
0.970029	1	1	5	1030	0.381387
0.970029	1	1	5	1030	0.381347
0.970029	1	1	5	1030	0.381307
0.970029	1	1	5	1030	0.381267
0.971029	1	1	5	1030	0.382227
0.971029	1	1	5	1030	0.382187
0.971029	1	1	5	1030	0.382147
0.971029	1	1	5	1030	0.382107
0.971029	1	1	5	1030	0.382067
0.971029	1	1	5	1030	0.382027
0.971029	1	1	5	1030	0.381987
0.971029	1	1	5	1030	0.381947
0.972029	1	1	5	1030	0.382907
0.972029	1	1	5	1030	0.382867
0.972029	1	1	5	1030	0.382827
0.972029	1	1	5	1030	0.382787
0.972029	1	1	5	1030	0.382747
0.972029	1	1	5	1030	0.382707
0.972029	1	1	5	1030	0.382667
0.972029	1	1	5	1030	0.382627
0.972029	1	1	5	1030	0.382587
0.973029	1	1	5	1030	0.383547
0.973029	1	1	5	1030	0.383507
0.973029	1	1	5	1030	0.383467
0.973029	1	1	5	1030	0.383427
0.973029	1	1	5	1030	0.383387
0.973029	1	1	5	1030	0.383347
0.973029	1	1	5	1030	0.383307
0.973029	1	1	5	1030	0.383267
0.974029	1	1	5	1030	0.384227
0.974029	1	1	5	1030	0.384187
0.974029	1	1	5	1030	0.384147
0.974029	1	1	5	1030	0.384107
0.974029	1	1	5	1030	0.384067
0.974029	1	1	5	1030	0.384027
0.974029	1	1	5	1030	0.383987
0.974029	1	1	5	1030	0.383947
0.975029	1	1	5	1030	0.384907
0.975029	1	1	5	1030	0.384867
0.975029	1	1	5	1030	0.384827
0.975029	1	1	5	1030	0.384787
0.975029	1	1	5	1030	0.384747
0.975029	1	1	5	1030	0.384707
0.975029	1	1	5	1030	0.384667
0.975029	1	1	5	1030	0.384627
0.975029	1	1	5	1030	0.384587
0.976029	1	1	5	1030	0.385547
0.976029	1	1	5	1030	0.385507
0.976029	1	1	5	1030	0.385467
0.976029	1	1	5	1030	0.385427
0.976029	1	1	5	1030	0.385387
0.976029	1	1	5	1030	0.385347
0.976029	1	1	5	1030	0.385307
0.976029	1	1	5	1030	0.385267
0.977029	1	1	5	1030	0.386227
0.977029	1	1	5	1030	0.386187
0.977029	1	1	5	1030	0.386147
0.977029	1	1	5	1030	0.386107
0.977029	1	1	5	1030	0.386067
0.977029	1	1	5	1030	0.386027
0.977029	1	1	5	1030	0.385987
0.977029	1	1	5	1030	0.385947
0.977029	1	1	5	1030	0.385907
0.978029	1	1	5	1030	0.386867
0.978029	1	1	5	1030	0.386827
0.978029	1	1	5	1030	0.386787
0.978029	1	1	5	1030	0.386747
0.978029	1	1	5	1030	0.386707
0.978029	1	1	5	1030	0.386667
0.978029	1	1	5	1030	0.386627
0.978029	1	1	5	1030	0.386587
0.979029	1	1	5	1030	0.387547
0.979029	1	1	5	1030	0.387507
0.979029	1	1	5	1030	0.387467
0.979029	1	1	5	1030	0.387427
0.979029	1	1	5	1030	0.387387
0.979029	1	1	5	1030	0.387347
0.979029	1	1	5	1030	0.387307
0.979029	1	1	5	1030	0.387267
0.980029	1	1	5	1030	0.388227
0.980029	1	1	5	1030	0.388187
0.980029	1	1	5	1030	0.388147
0.980029	1	1	5	1030	0.388107
0.980029	1	1	5	1030	0.388067
0.980029	1	1	5	1030	0.388027
0.980029	1	1	5	1030	0.387987
0.980029	1	1	5	1030	0.387947
0.980029	1	1	5	1030	0.387907
0.981029	1	1	5	1030	0.388867
0.981029	1	1	5	1030	0.388827
0.981029	1	1	5	1030	0.388787
0.981029	1	1	5	1030	0.388747
0.981029	1	1	5	1030	0.388707
0.981029	1	1	5	1030	0.388667
0.981029	1	1	5	1030	0.388627
0.981029	1	1	5	1030	0.388587
0.982029	1	1	5	1030	0.389547
0.982029	1	1	5	1030	0.389507
0.982029	1	1	5	1030	0.389467
0.982029	1	1	5	1030	0.389427
0.982029	1	1	5	1030	0.389387
0.982029	1	1	5	1030	0.389347
0.982029	1	1	5	1030	0.389307
0.982029	1	1	5	1030	0.389267
0.982029	1	1	5	1030	0.389227
0.983029	1	1	5	1030	0.390187
0.983029	1	1	5	1030	0.390147
0.983029	1	1	5	1030	0.390107
0.983029	1	1	5	1030	0.390067
0.983029	1	1	5	1030	0.390027
0.983029	1	1	5	1030	0.389987
0.983029	1	1	5	1030	0.389947
0.983029	1	1	5	1030	0.389907
0.984029	1	1	5	1030	0.390867
0.984029	1	1	5	1030	0.390827
0.984029	1	1	5	1030	0.390787
0.984029	1	1	5	1030	0.390747
0.984029	1	1	5	1030	0.390707
0.984029	1	1	5	1030	0.390667
0.984029	1	1	5	1030	0.390627
0.984029	1	1	5	1030	0.390587
0.984029	1	1	5	1030	0.390547
0.985029	1	1	5	1030	0.391507
0.985029	1	1	5	1030	0.391467
0.985029	1	1	5	1030	0.391427
0.985029	1	1	5	1030	0.391387
0.985029	1	1	5	1030	0.391347
0.985029	1	1	5	1030	0.391307
0.985029	1	1	5	1030	0.391267
0.985029	1	1	5	1030	0.391227
0.986029	1	1	5	1030	0.392187
0.986029	1	1	5	1030	0.392147
0.986029	1	1	5	1030	0.392107
0.986029	1	1	5	1030	0.392067
0.986029	1	1	5	1030	0.392027
0.986029	1	1	5	1030	0.391987
0.986029	1	1	5	1030	0.391947
0.986029	1	1	5	1030	0.391907
0.987029	1	1	5	1030	0.392867
0.987029	1	1	5	1030	0.392827
0.987029	1	1	5	1030	0.392787
0.987029	1	1	5	1030	0.392747
0.987029	1	1	5	1030	0.392707
0.987029	1	1	5	1030	0.392667
0.987029	1	1	5	1030	0.392627
0.987029	1	1	5	1030	0.392587
0.987029	1	1	5	1030	0.392547
0.988029	1	1	5	1030	0.393507
0.988029	1	1	5	1030	0.393467
0.988029	1	1	5	1030	0.393427
0.988029	1	1	5	1030	0.393387
0.988029	1	1	5	1030	0.393347
0.988029	1	1	5	1030	0.393307
0.988029	1	1	5	1030	0.393267
0.988029	1	1	5	1030	0.393227
0.989029	1	1	5	1030	0.394187
0.989029	1	1	5	1030	0.394147
0.989029	1	1	5	1030	0.394107
0.989029	1	1	5	1030	0.394067
0.989029	1	1	5	1030	0.394027
0.989029	1	1	5	1030	0.393987
0.989029	1	1	5	1030	0.393947
0.989029	1	1	5	1030	0.393907
0.989029	1	1	5	1030	0.393867
0.990029	1	1	5	1030	0.394827
0.990029	1	1	5	1030	0.394787
0.990029	1	1	5	1030	0.394747
0.990029	1	1	5	1030	0.394707
0.990029	1	1	5	1030	0.394667
0.990029	1	1	5	1030	0.394627
0.990029	1	1	5	1030	0.394587
0.990029	1	1	5	1030	0.394547
0.991029	1	1	5	1030	0.395507
0.991029	1	1	5	1030	0.395467
0.991029	1	1	5	1030	0.395427
0.991029	1	1	5	1030	0.395387
0.991029	1	1	5	1030	0.395347
0.991029	1	1	5	1030	0.395307
0.991029	1	1	5	1030	0.395267
0.991029	1	1	5	1030	0.395227
0.992029	1	1	5	1030	0.396187
0.992029	1	1	5	1030	0.396147
0.992029	1	1	5	1030	0.396107
0.992029	1	1	5	1030	0.396067
0.992029	1	1	5	1030	0.396027
0.992029	1	1	5	1030	0.395987
0.992029	1	1	5	1030	0.395947
0.992029	1	1	5	1030	0.395907
0.992029	1	1	5	1030	0.395867
0.993029	1	1	5	1030	0.396827
0.993029	1	1	5	1030	0.396787
0.993029	1	1	5	1030	0.396747
0.993029	1	1	5	1030	0.396707
0.993029	1	1	5	1030	0.396667
0.993029	1	1	5	1030	0.396627
0.993029	1	1	5	1030	0.396587
0.993029	1	1	5	1030	0.396547
0.994029	1	1	5	1030	0.397507
0.994029	1	1	5	1030	0.397467
0.994029	1	1	5	1030	0.397427
0.994029	1	1	5	1030	0.397387
0.994029	1	1	5	1030	0.397347
0.994029	1	1	5	1030	0.397307
0.994029	1	1	5	1030	0.397267
0.994029	1	1	5	1030	0.397227
0.994029	1	1	5	1030	0.397187
0.995029	1	1	5	1030	0.398147
0.995029	1	1	5	1030	0.398107
0.995029	1	1	5	1030	0.398067
0.995029	1	1	5	1030	0.398027
0.995029	1	1	5	1030	0.397987
0.995029	1	1	5	1030	0.397947
0.995029	1	1	5	1030	0.397907
0.995029	1	1	5	1030	0.397867
0.996029	1	1	5	1030	0.398827
0.996029	1	1	5	1030	0.398787
0.996029	1	1	5	1030	0.398747
0.996029	1	1	5	1030	0.398707
0.996029	1	1	5	1030	0.398667
0.996029	1	1	5	1030	0.398627
0.996029	1	1	5	1030	0.398587
0.996029	1	1	5	1030	0.398547
0.996029	1	1	5	1030	0.398507
0.997029	1	1	5	1030	0.399467
0.997029	1	1	5	1030	0.399427
0.997029	1	1	5	1030	0.399387
0.997029	1	1	5	1030	0.399347
0.997029	1	1	5	1030	0.399307
0.997029	1	1	5	1030	0.399267
0.997029	1	1	5	1030	0.399227
0.997029	1	1	5	1030	0.399187
0.998029	1	1	5	1030	0.400147
0.998029	1	1	5	1030	0.400107
0.998029	1	1	5	1030	0.400067
0.998029	1	1	5	1030	0.400027
0.998029	1	1	5	1030	0.399987
0.998029	1	1	5	1030	0.399947
0.998029	1	1	5	1030	0.399907
0.998029	1	1	5	1030	0.399867
0.999029	1	1	5	1030	0.400827
0.999029	1	1	5	1030	0.400787
0.999029	1	1	5	1030	0.400747
0.999029	1	1	5	1030	0.400707
0.999029	1	1	5	1030	0.400667
0.999029	1	1	5	1030	0.400627
0.999029	1	1	5	1030	0.400587
0.999029	1	1	5	1030	0.400547
0.999029	1	1	5	1030	0.400507
1.00003	1	1	5	1030	0.401467
1.00003	1	1	5	1030	0.401427
1.00003	1	1	5	1030	0.401387
1.00003	1	1	5	1030	0.401347
1.00003	1	1	5	1030	0.401307
1.00003	1	1	5	1030	0.401267
1.00003	1	1	5	1030	0.401227
1.00003	1	1	5	1030	0.401187
1.00103	1	1	5	1030	0.402147
1.00103	1	1	5	1030	0.402107
1.00103	1	1	5	1030	0.402067
1.00103	1	1	5	1030	0.402027
1.00103	1	1	5	1030	0.401987
1.00103	1	1	5	1030	0.401947
1.00103	1	1	5	1030	0.401907
1.00103	1	1	5	1030	0.401867
1.00103	1	1	5	1030	0.401827
1.00203	1	1	5	1030	0.402787
1.00203	1	1	5	1030	0.402747
1.00203	1	1	5	1030	0.402707
1.00203	1	1	5	1030	0.402667
1.00203	1	1	5	1030	0.402627
1.00203	1	1	5	1030	0.402587
1.00203	1	1	5	1030	0.402547
1.00203	1	1	5	1030	0.402507
1.00303	1	1	5	1030	0.403467
1.00303	1	1	5	1030	0.403427
1.00303	1	1	5	1030	0.403387
1.00303	1	1	5	1030	0.403347
1.00303	1	1	5	1030	0.403307
1.00303	1	1	5	1030	0.403267
1.00303	1	1	5	1030	0.403227
1.00303	1	1	5	1030	0.403187
1.00303	1	1	5	1030	0.403147
1.00403	1	1	5	1030	0.404107
1.00403	1	1	5	1030	0.404067
1.00403	1	1	5	1030	0.404027
1.00403	1	1	5	1030	0.403987
1.00403	1	1	5	1030	0.403947
1.00403	1	1	5	1030	0.403907
1.00403	1	1	5	1030	0.403867
1.00403	1	1	5	1030	0.403827
1.00503	1	1	5	1030	0.404787
1.00503	1	1	5	1030	0.404747
1.00503	1	1	5	1030	0.404707
1.00503	1	1	5	1030	0.404667
1.00503	1	1	5	1030	0.404627
1.00503	1	1	5	1030	0.404587
1.00503	1	1	5	1030	0.404547
1.00503	1	1	5	1030	0.404507
1.00603	1	1	5	1030	0.405467
1.00603	1	1	5	1030	0.405427
1.00603	1	1	5	1030	0.405387
1.00603	1	1	5	1030	0.405347
1.00603	1	1	5	1030	0.405307
1.00603	1	1	5	1030	0.405267
1.00603	1	1	5	1030	0.405227
1.00603	1	1	5	1030	0.405187
1.00603	1	1	5	1030	0.405147
1.00703	1	1	5	1030	0.406107
1.00703	1	1	5	1030	0.406067
1.00703	1	1	5	1030	0.406027
1.00703	1	1	5	1030	0.405987
1.00703	1	1	5	1030	0.405947
1.00703	1	1	5	1030	0.405907
1.00703	1	1	5	1030	0.405867
1.00703	1	1	5	1030	0.405827
1.00803	1	1	5	1030	0.406787
1.00803	1	1	5	1030	0.406747
1.00803	1	1	5	1030	0.406707
1.00803	1	1	5	1030	0.406667
1.00803	1	1	5	1030	0.406627
1.00803	1	1	5	1030	0.406587
1.00803	1	1	5	1030	0.406547
1.00803	1	1	5	1030	0.406507
1.00803	1	1	5	1030	0.406467
1.00903	1	1	5	1030	0.407427
1.00903	1	1	5	1030	0.407387
1.00903	1	1	5	1030	0.407347
1.00903	1	1	5	1030	0.407307
1.00903	1	1	5	1030	0.407267
1.00903	1	1	5	1030	0.407227
1.00903	1	1	5	1030	0.407187
1.00903	1	1	5	1030	0.407147
1.01003	1	1	5	1030	0.408107
1.01003	1	1	5	1030	0.408067
1.01003	1	1	5	1030	0.408027
1.01003	1	1	5	1030	0.407987
1.01003	1	1	5	1030	0.407947
1.01003	1	1	5	1030	0.407907
1.01003	1	1	5	1030	0.407867
1.01003	1	1	5	1030	0.407827
1.01096	1	1	5	1030	0.408715
1.01096	1	1	5	1030	0.408675
1.01096	1	1	5	1030	0.408635
1.01096	1	1	5	1030	0.408595
1.01096	1	1	5	1030	0.408555
1.01096	1	1	5	1030	0.408515
1.01096	1	1	5	1030	0.408475
1.01096	1	1	5	1030	0.408435
1.01203	1	1	5	1030	0.409467
1.01203	1	1	5	1030	0.409427
1.01203	1	1	5	1030	0.409387
1.01203	1	1	5	1030	0.409347
1.01203	1	1	5	1030	0.409307
1.01203	1	1	5	1030	0.409267
1.01203	1	1	5	1030	0.409227
1.01203	1	1	5	1030	0.409187
1.01203	1	1	5	1030	0.409147
1.01303	1	1	5	1030	0.410107
1.01303	1	1	5	1030	0.410067
1.01303	1	1	5	1030	0.410027
1.01303	1	1	5	1030	0.409987
1.01303	1	1	5	1030	0.409947
1.01303	1	1	5	1030	0.409907
1.01303	1	1	5	1030	0.409867
1.01303	1	1	5	1030	0.409827
1.01403	1	1	5	1030	0.410787
1.01403	1	1	5	1030	0.410747
1.01403	1	1	5	1030	0.410707
1.01403	1	1	5	1030	0.410667
1.01403	1	1	5	1030	0.410627
1.01403	1	1	5	1030	0.410587
1.01403	1	1	5	1030	0.410547
1.01403	1	1	5	1030	0.410507
1.01503	1	1	5	1030	0.411467
1.01503	1	1	5	1030	0.411427
1.01503	1	1	5	1030	0.411387
1.01503	1	1	5	1030	0.411347
1.01503	1	1	5	1030	0.411307
1.01503	1	1	5	1030	0.411267
1.01503	1	1	5	1030	0.411227
1.01503	1	1	5	1030	0.411187
1.01503	1	1	5	1030	0.411147
1.01603	1	1	5	1030	0.412107
1.01603	1	1	5	1030	0.412067
1.01603	1	1	5	1030	0.412027
1.01603	1	1	5	1030	0.411987
1.01603	1	1	5	1030	0.411947
1.01603	1	1	5	1030	0.411907
1.01603	1	1	5	1030	0.411867
1.01603	1	1	5	1030	0.411827
1.01703	1	1	5	1030	0.412787
1.01703	1	1	5	1030	0.412747
1.01703	1	1	5	1030	0.412707
1.01703	1	1	5	1030	0.412667
1.01703	1	1	5	1030	0.412627
1.01703	1	1	5	1030	0.412587
1.01703	1	1	5	1030	0.412547
1.01703	1	1	5	1030	0.412507
1.01703	1	1	5	1030	0.412467
1.01803	1	1	5	1030	0.413427
1.01803	1	1	5	1030	0.413387
1.01803	1	1	5	1030	0.413347
1.01803	1	1	5	1030	0.413307
1.01803	1	1	5	1030	0.413267
1.01803	1	1	5	1030	0.413227
1.01803	1	1	5	1030	0.413187
1.01803	1	1	5	1030	0.413147
1.01903	1	1	5	1030	0.414107
1.01903	1	1	5	1030	0.414067
1.01903	1	1	5	1030	0.414027
1.01903	1	1	5	1030	0.413987
1.01903	1	1	5	1030	0.413947
1.01903	1	1	5	1030	0.413907
1.01903	1	1	5	1030	0.413867
1.01903	1	1	5	1030	0.413827
1.01903	1	1	5	1030	0.413787
1.02003	1	1	5	1030	0.414747
1.02003	1	1	5	1030	0.414707
1.02003	1	1	5	1030	0.414667
1.02003	1	1	5	1030	0.414627
1.02003	1	1	5	1030	0.414587
1.02003	1	1	5	1030	0.414547
1.02003	1	1	5	1030	0.414507
1.02003	1	1	5	1030	0.414467
1.02103	1	1	5	1030	0.415427
1.02103	1	1	5	1030	0.415387
1.02103	1	1	5	1030	0.415347
1.02103	1	1	5	1030	0.415307
1.02103	1	1	5	1030	0.415267
1.02103	1	1	5	1030	0.415227
1.02103	1	1	5	1030	0.415187
1.02103	1	1	5	1030	0.415147
1.02203	1	1	5	1030	0.416107
1.02203	1	1	5	1030	0.416067
1.02203	1	1	5	1030	0.416027
1.02203	1	1	5	1030	0.415987
1.02203	1	1	5	1030	0.415947
1.02203	1	1	5	1030	0.415907
1.02203	1	1	5	1030	0.415867
1.02203	1	1	5	1030	0.415827
1.02203	1	1	5	1030	0.415787
1.02303	1	1	5	1030	0.416747
1.02303	1	1	5	1030	0.416707
1.02303	1	1	5	1030	0.416667
1.02303	1	1	5	1030	0.416627
1.02303	1	1	5	1030	0.416587
1.02303	1	1	5	1030	0.416547
1.02303	1	1	5	1030	0.416507
1.02303	1	1	5	1030	0.416467
1.02403	1	1	5	1030	0.417427
1.02403	1	1	5	1030	0.417387
1.02403	1	1	5	1030	0.417347
1.02403	1	1	5	1030	0.417307
1.02403	1	1	5	1030	0.417267
1.02403	1	1	5	1030	0.417227
1.02403	1	1	5	1030	0.417187
1.02403	1	1	5	1030	0.417147
1.02403	1	1	5	1030	0.417107
1.02503	1	1	5	1030	0.418067
1.02503	1	1	5	1030	0.418027
1.02503	1	1	5	1030	0.417987
1.02503	1	1	5	1030	0.417947
1.02503	1	1	5	1030	0.417907
1.02503	1	1	5	1030	0.417867
1.02503	1	1	5	1030	0.417827
1.02503	1	1	5	1030	0.417787
1.02603	1	1	5	1030	0.418747
1.02603	1	1	5	1030	0.418707
1.02603	1	1	5	1030	0.418667
1.02603	1	1	5	1030	0.418627
1.02603	1	1	5	1030	0.418587
1.02603	1	1	5	1030	0.418547
1.02603	1	1	5	1030	0.418507
1.02603	1	1	5	1030	0.418467
1.02603	1	1	5	1030	0.418427
1.02703	1	1	5	1030	0.419387
1.02703	1	1	5	1030	0.419347
1.02703	1	1	5	1030	0.419307
1.02703	1	1	5	1030	0.419267
1.02703	1	1	5	1030	0.419227
1.02703	1	1	5	1030	0.419187
1.02703	1	1	5	1030	0.419147
1.02703	1	1	5	1030	0.419107
1.02803	1	1	5	1030	0.420067
1.02803	1	1	5	1030	0.420027
1.02803	1	1	5	1030	0.419987
1.02803	1	1	5	1030	0.419947
1.02803	1	1	5	1030	0.419907
1.02803	1	1	5	1030	0.419867
1.02803	1	1	5	1030	0.419827
1.02803	1	1	5	1030	0.419787
1.02903	1	1	5	1030	0.420747
1.02903	1	1	5	1030	0.420707
1.02903	1	1	5	1030	0.420667
1.02903	1	1	5	1030	0.420627
1.02903	1	1	5	1030	0.420587
1.02903	1	1	5	1030	0.420547
1.02903	1	1	5	1030	0.420507
1.02903	1	1	5	1030	0.420467
1.02903	1	1	5	1030	0.420427
1.03003	1	1	5	1030	0.421387
1.03003	1	1	5	1030	0.421347
1.03003	1	1	5	1030	0.421307
1.03003	1	1	5	1030	0.421267
1.03003	1	1	5	1030	0.421227
1.03003	1	1	5	1030	0.421187
1.03003	1	1	5	1030	0.421147
1.03003	1	1	5	1030	0.421107
1.03103	1	1	5	1030	0.422067
1.03103	1	1	5	1030	0.422027
1.03103	1	1	5	1030	0.421987
1.03103	1	1	5	1030	0.421947
1.03103	1	1	5	1030	0.421907
1.03103	1	1	5	1030	0.421867
1.03103	1	1	5	1030	0.421827
1.03103	1	1	5	1030	0.421787
1.03103	1	1	5	1030	0.421747
1.03203	1	1	5	1030	0.422707
1.03203	1	1	5	1030	0.422667
1.03203	1	1	5	1030	0.422627
1.03203	1	1	5	1030	0.422587
1.03203	1	1	5	1030	0.422547
1.03203	1	1	5	1030	0.422507
1.03203	1	1	5	1030	0.422467
1.03203	1	1	5	1030	0.422427
1.03303	1	1	5	1030	0.423387
1.03303	1	1	5	1030	0.423347
1.03303	1	1	5	1030	0.423307
1.03303	1	1	5	1030	0.423267
1.03303	1	1	5	1030	0.423227
1.03303	1	1	5	1030	0.423187
1.03303	1	1	5	1030	0.423147
1.03303	1	1	5	1030	0.423107
1.03403	1	1	5	1030	0.424067
1.03403	1	1	5	1030	0.424027
1.03403	1	1	5	1030	0.423987
1.03403	1	1	5	1030	0.423947
1.03403	1	1	5	1030	0.423907
1.03403	1	1	5	1030	0.423867
1.03403	1	1	5	1030	0.423827
1.03403	1	1	5	1030	0.423787
1.03403	1	1	5	1030	0.423747
1.03503	1	1	5	1030	0.424707
1.03503	1	1	5	1030	0.424667
1.03503	1	1	5	1030	0.424627
1.03503	1	1	5	1030	0.424587
1.03503	1	1	5	1030	0.424547
1.03503	1	1	5	1030	0.424507
1.03503	1	1	5	1030	0.424467
1.03503	1	1	5	1030	0.424427
1.03603	1	1	5	1030	0.425387
1.03603	1	1	5	1030	0.425347
1.03603	1	1	5	1030	0.425307
1.03603	1	1	5	1030	0.425267
1.03603	1	1	5	1030	0.425227
1.03603	1	1	5	1030	0.425187
1.03603	1	1	5	1030	0.425147
1.03603	1	1	5	1030	0.425107
1.03603	1	1	5	1030	0.425067
1.03703	1	1	5	1030	0.426027
1.03703	1	1	5	1030	0.425987
1.03703	1	1	5	1030	0.425947
1.03703	1	1	5	1030	0.425907
1.03703	1	1	5	1030	0.425867
1.03703	1	1	5	1030	0.425827
1.03703	1	1	5	1030	0.425787
1.03703	1	1	5	1030	0.425747
1.03803	1	1	5	1030	0.426707
1.03803	1	1	5	1030	0.426667
1.03803	1	1	5	1030	0.426627
1.03803	1	1	5	1030	0.426587
1.03803	1	1	5	1030	0.426547
1.03803	1	1	5	1030	0.426507
1.03803	1	1	5	1030	0.426467
1.03803	1	1	5	1030	0.426427
1.03803	1	1	5	1030	0.426387
1.03903	1	1	5	1030	0.427347
1.03903	1	1	5	1030	0.427307
1.03903	1	1	5	1030	0.427267
1.03903	1	1	5	1030	0.427227
1.03903	1	1	5	1030	0.427187
1.03903	1	1	5	1030	0.427147
1.03903	1	1	5	1030	0.427107
1.03903	1	1	5	1030	0.427067
1.04003	1	1	5	1030	0.428027
1.04003	1	1	5	1030	0.427987
1.04003	1	1	5	1030	0.427947
1.04003	1	1	5	1030	0.427907
1.04003	1	1	5	1030	0.427867
1.04003	1	1	5	1030	0.427827
1.04003	1	1	5	1030	0.427787
1.04003	1	1	5	1030	0.427747
1.04103	1	1	5	1030	0.428707
1.04103	1	1	5	1030	0.428667
1.04103	1	1	5	1030	0.428627
1.04103	1	1	5	1030	0.428587
1.04103	1	1	5	1030	0.428547
1.04103	1	1	5	1030	0.428507
1.04103	1	1	5	1030	0.428467
1.04103	1	1	5	1030	0.428427
1.04103	1	1	5	1030	0.428387
1.04203	1	1	5	1030	0.429347
1.04203	1	1	5	1030	0.429307
1.04203	1	1	5	1030	0.429267
1.04203	1	1	5	1030	0.429227
1.04203	1	1	5	1030	0.429187
1.04203	1	1	5	1030	0.429147
1.04203	1	1	5	1030	0.429107
1.04203	1	1	5	1030	0.429067
1.04303	1	1	5	1030	0.430027
1.04303	1	1	5	1030	0.429987
1.04303	1	1	5	1030	0.429947
1.04303	1	1	5	1030	0.429907
1.04303	1	1	5	1030	0.429867
1.04303	1	1	5	1030	0.429827
1.04303	1	1	5	1030	0.429787
1.04303	1	1	5	1030	0.429747
1.04303	1	1	5	1030	0.429707
1.04403	1	1	5	1030	0.430667
1.04403	1	1	5	1030	0.430627
1.04403	1	1	5	1030	0.430587
1.04403	1	1	5	1030	0.430547
1.04403	1	1	5	1030	0.430507
1.04403	1	1	5	1030	0.430467
1.04403	1	1	5	1030	0.430427
1.04403	1	1	5	1030	0.430387
1.04503	1	1	5	1030	0.431347
1.04503	1	1	5	1030	0.431307
1.04503	1	1	5	1030	0.431267
1.04503	1	1	5	1030	0.431227
1.04503	1	1	5	1030	0.431187
1.04503	1	1	5	1030	0.431147
1.04503	1	1	5	1030	0.431107
1.04503	1	1	5	1030	0.431067
1.04503	1	1	5	1030	0.431027
1.04603	1	1	5	1030	0.431987
1.04603	1	1	5	1030	0.431947
1.04603	1	1	5	1030	0.431907
1.04603	1	1	5	1030	0.431867
1.04603	1	1	5	1030	0.431827
1.04603	1	1	5	1030	0.431787
1.04603	1	1	5	1030	0.431747
1.04603	1	1	5	1030	0.431707
1.04703	1	1	5	1030	0.432667
1.04703	1	1	5	1030	0.432627
1.04703	1	1	5	1030	0.432587
1.04703	1	1	5	1030	0.432547
1.04703	1	1	5	1030	0.432507
1.04703	1	1	5	1030	0.432467
1.04703	1	1	5	1030	0.432427
1.04703	1	1	5	1030	0.432387
1.04803	1	1	5	1030	0.433347
1.04803	1	1	5	1030	0.433307
1.04803	1	1	5	1030	0.433267
1.04803	1	1	5	1030	0.433227
1.04803	1	1	5	1030	0.433187
1.04803	1	1	5	1030	0.433147
1.04803	1	1	5	1030	0.433107
1.04803	1	1	5	1030	0.433067
1.04803	1	1	5	1030	0.433027
1.04903	1	1	5	1030	0.433987
1.04903	1	1	5	1030	0.433947
1.04903	1	1	5	1030	0.433907
1.04903	1	1	5	1030	0.433867
1.04903	1	1	5	1030	0.433827
1.04903	1	1	5	1030	0.433787
1.04903	1	1	5	1030	0.433747
1.04903	1	1	5	1030	0.433707
1.05003	1	1	5	1030	0.434667
1.05003	1	1	5	1030	0.434627
1.05003	1	1	5	1030	0.434587
1.05003	1	1	5	1030	0.434547
1.05003	1	1	5	1030	0.434507
1.05003	1	1	5	1030	0.434467
1.05003	1	1	5	1030	0.434427
1.05003	1	1	5	1030	0.434387
1.05003	1	1	5	1030	0.434347
1.05103	1	1	5	1030	0.435307
1.05103	1	1	5	1030	0.435267
1.05103	1	1	5	1030	0.435227
1.05103	1	1	5	1030	0.435187
1.05103	1	1	5	1030	0.435147
1.05103	1	1	5	1030	0.435107
1.05103	1	1	5	1030	0.435067
1.05103	1	1	5	1030	0.435027
1.05203	1	1	5	1030	0.435987
1.05203	1	1	5	1030	0.435947
1.05203	1	1	5	1030	0.435907
1.05203	1	1	5	1030	0.435867
1.05203	1	1	5	1030	0.435827
1.05203	1	1	5	1030	0.435787
1.05203	1	1	5	1030	0.435747
1.05203	1	1	5	1030	0.435707
1.05303	1	1	5	1030	0.436667
1.05303	1	1	5	1030	0.436627
1.05303	1	1	5	1030	0.436587
1.05303	1	1	5	1030	0.436547
1.05303	1	1	5	1030	0.436507
1.05303	1	1	5	1030	0.436467
1.05303	1	1	5	1030	0.436427
1.05303	1	1	5	1030	0.436387
1.05303	1	1	5	1030	0.436347
1.05403	1	1	5	1030	0.437307
1.05403	1	1	5	1030	0.437267
1.05403	1	1	5	1030	0.437227
1.05403	1	1	5	1030	0.437187
1.05403	1	1	5	1030	0.437147
1.05403	1	1	5	1030	0.437107
1.05403	1	1	5	1030	0.437067
1.05403	1	1	5	1030	0.437027
1.05503	1	1	5	1030	0.437987
1.05503	1	1	5	1030	0.437947
1.05503	1	1	5	1030	0.437907
1.05503	1	1	5	1030	0.437867
1.05503	1	1	5	1030	0.437827
1.05503	1	1	5	1030	0.437787
1.05503	1	1	5	1030	0.437747
1.05503	1	1	5	1030	0.437707
1.05503	1	1	5	1030	0.437667
1.05603	1	1	5	1030	0.438627
1.05603	1	1	5	1030	0.438587
1.05603	1	1	5	1030	0.438547
1.05603	1	1	5	1030	0.438507
1.05603	1	1	5	1030	0.438467
1.05603	1	1	5	1030	0.438427
1.05603	1	1	5	1030	0.438387
1.05603	1	1	5	1030	0.438347
1.05703	1	1	5	1030	0.439307
1.05703	1	1	5	1030	0.439267
1.05703	1	1	5	1030	0.439227
1.05703	1	1	5	1030	0.439187
1.05703	1	1	5	1030	0.439147
1.05703	1	1	5	1030	0.439107
1.05703	1	1	5	1030	0.439067
1.05703	1	1	5	1030	0.439027
1.05703	1	1	5	1030	0.438987
1.05803	1	1	5	1030	0.439947
1.05803	1	1	5	1030	0.439907
1.05803	1	1	5	1030	0.439867
1.05803	1	1	5	1030	0.439827
1.05803	1	1	5	1030	0.439787
1.05803	1	1	5	1030	0.439747
1.05803	1	1	5	1030	0.439707
1.05803	1	1	5	1030	0.439667
1.05903	1	1	5	1030	0.440627
1.05903	1	1	5	1030	0.440587
1.05903	1	1	5	1030	0.440547
1.05903	1	1	5	1030	0.440507
1.05903	1	1	5	1030	0.440467
1.05903	1	1	5	1030	0.440427
1.05903	1	1	5	1030	0.440387
1.05903	1	1	5	1030	0.440347
1.06003	1	1	5	1030	0.441307
1.06003	1	1	5	1030	0.441267
1.06003	1	1	5	1030	0.441227
1.06003	1	1	5	1030	0.441187
1.06003	1	1	5	1030	0.441147
1.06003	1	1	5	1030	0.441107
1.06003	1	1	5	1030	0.441067
1.06003	1	1	5	1030	0.441027
1.06003	1	1	5	1030	0.440987
1.06103	1	1	5	1030	0.441947
1.06103	1	1	5	1030	0.441907
1.06103	1	1	5	1030	0.441867
1.06103	1	1	5	1030	0.441827
1.06103	1	1	5	1030	0.441787
1.06103	1	1	5	1030	0.441747
1.06103	1	1	5	1030	0.441707
1.06103	1	1	5	1030	0.441667
1.06203	1	1	5	1030	0.442627
1.06203	1	1	5	1030	0.442587
1.06203	1	1	5	1030	0.442547
1.06203	1	1	5	1030	0.442507
1.06203	1	1	5	1030	0.442467
1.06203	1	1	5	1030	0.442427
1.06203	1	1	5	1030	0.442387
1.06203	1	1	5	1030	0.442347
1.06203	1	1	5	1030	0.442307
1.06303	1	1	5	1030	0.443267
1.06303	1	1	5	1030	0.443227
1.06303	1	1	5	1030	0.443187
1.06303	1	1	5	1030	0.443147
1.06303	1	1	5	1030	0.443107
1.06303	1	1	5	1030	0.443067
1.06303	1	1	5	1030	0.443027
1.06303	1	1	5	1030	0.442987
1.06403	1	1	5	1030	0.443947
1.06403	1	1	5	1030	0.443907
1.06403	1	1	5	1030	0.443867
1.06403	1	1	5	1030	0.443827
1.06403	1	1	5	1030	0.443787
1.06403	1	1	5	1030	0.443747
1.06403	1	1	5	1030	0.443707
1.06403	1	1	5	1030	0.443667
1.06503	1	1	5	1030	0.444627
1.06503	1	1	5	1030	0.444587
1.06503	1	1	5	1030	0.444547
1.06503	1	1	5	1030	0.444507
1.06503	1	1	5	1030	0.444467
1.06503	1	1	5	1030	0.444427
1.06503	1	1	5	1030	0.444387
1.06503	1	1	5	1030	0.444347
1.06503	1	1	5	1030	0.444307
1.06603	1	1	5	1030	0.445267
1.06603	1	1	5	1030	0.445227
1.06603	1	1	5	1030	0.445187
1.06603	1	1	5	1030	0.445147
1.06603	1	1	5	1030	0.445107
1.06603	1	1	5	1030	0.445067
1.06603	1	1	5	1030	0.445027
1.06603	1	1	5	1030	0.444987
1.06703	1	1	5	1030	0.445947
1.06703	1	1	5	1030	0.445907
1.06703	1	1	5	1030	0.445867
1.06703	1	1	5	1030	0.445827
1.06703	1	1	5	1030	0.445787
1.06703	1	1	5	1030	0.445747
1.06703	1	1	5	1030	0.445707
1.06703	1	1	5	1030	0.445667
1.06703	1	1	5	1030	0.445627
1.06803	1	1	5	1030	0.446587
1.06803	1	1	5	1030	0.446547
1.06803	1	1	5	1030	0.446507
1.06803	1	1	5	1030	0.446467
1.06803	1	1	5	1030	0.446427
1.06803	1	1	5	1030	0.446387
1.06803	1	1	5	1030	0.446347
1.06803	1	1	5	1030	0.446307
1.06903	1	1	5	1030	0.447267
1.06903	1	1	5	1030	0.447227
1.06903	1	1	5	1030	0.447187
1.06903	1	1	5	1030	0.447147
1.06903	1	1	5	1030	0.447107
1.06903	1	1	5	1030	0.447067
1.06903	1	1	5	1030	0.447027
1.06903	1	1	5	1030	0.446987
1.06903	1	1	5	1030	0.446947
1.07003	1	1	5	1030	0.447907
1.07003	1	1	5	1030	0.447867
1.07003	1	1	5	1030	0.447827
1.07003	1	1	5	1030	0.447787
1.07003	1	1	5	1030	0.447747
1.07003	1	1	5	1030	0.447707
1.07003	1	1	5	1030	0.447667
1.07003	1	1	5	1030	0.447627
1.07103	1	1	5	1030	0.448587
1.07103	1	1	5	1030	0.448547
1.07103	1	1	5	1030	0.448507
1.07103	1	1	5	1030	0.448467
1.07103	1	1	5	1030	0.448427
1.07103	1	1	5	1030	0.448387
1.07103	1	1	5	1030	0.448347
1.07103	1	1	5	1030	0.448307
1.07203	1	1	5	1030	0.449267
1.07203	1	1	5	1030	0.449227
1.07203	1	1	5	1030	0.449187
1.07203	1	1	5	1030	0.449147
1.07203	1	1	5	1030	0.449107
1.07203	1	1	5	1030	0.449067
1.07203	1	1	5	1030	0.449027
1.07203	1	1	5	1030	0.448987
1.07203	1	1	5	1030	0.448947
1.07303	1	1	5	1030	0.449907
1.07303	1	1	5	1030	0.449867
1.07303	1	1	5	1030	0.449827
1.07303	1	1	5	1030	0.449787
1.07303	1	1	5	1030	0.449747
1.07303	1	1	5	1030	0.449707
1.07303	1	1	5	1030	0.449667
1.07303	1	1	5	1030	0.449627
1.07403	1	1	5	1030	0.450587
1.07403	1	1	5	1030	0.450547
1.07403	1	1	5	1030	0.450507
1.07403	1	1	5	1030	0.450467
1.07403	1	1	5	1030	0.450427
1.07403	1	1	5	1030	0.450387
1.07403	1	1	5	1030	0.450347
1.07403	1	1	5	1030	0.450307
1.07403	1	1	5	1030	0.450267
1.07503	1	1	5	1030	0.451227
1.07503	1	1	5	1030	0.451187
1.07503	1	1	5	1030	0.451147
1.07503	1	1	5	1030	0.451107
1.07503	1	1	5	1030	0.451067
1.07503	1	1	5	1030	0.451027
1.07503	1	1	5	1030	0.450987
1.07503	1	1	5	1030	0.450947
1.07603	1	1	5	1030	0.451907
1.07603	1	1	5	1030	0.451867
1.07603	1	1	5	1030	0.451827
1.07603	1	1	5	1030	0.451787
1.07603	1	1	5	1030	0.451747
1.07603	1	1	5	1030	0.451707
1.07603	1	1	5	1030	0.451667
1.07603	1	1	5	1030	0.451627
1.07603	1	1	5	1030	0.451587
1.07703	1	1	5	1030	0.452547
1.07703	1	1	5	1030	0.452507
1.07703	1	1	5	1030	0.452467
1.07703	1	1	5	1030	0.452427
1.07703	1	1	5	1030	0.452387
1.07703	1	1	5	1030	0.452347
1.07703	1	1	5	1030	0.452307
1.07703	1	1	5	1030	0.452267
1.07803	1	1	5	1030	0.453227
1.07803	1	1	5	1030	0.453187
1.07803	1	1	5	1030	0.453147
1.07803	1	1	5	1030	0.453107
1.07803	1	1	5	1030	0.453067
1.07803	1	1	5	1030	0.453027
1.07803	1	1	5	1030	0.452987
1.07803	1	1	5	1030	0.452947
1.07903	1	1	5	1030	0.453907
1.07903	1	1	5	1030	0.453867
1.07903	1	1	5	1030	0.453827
1.07903	1	1	5	1030	0.453787
1.07903	1	1	5	1030	0.453747
1.07903	1	1	5	1030	0.453707
1.07903	1	1	5	1030	0.453667
1.07903	1	1	5	1030	0.453627
1.07903	1	1	5	1030	0.453587
1.08003	1	1	5	1030	0.454547
1.08003	1	1	5	1030	0.454507
1.08003	1	1	5	1030	0.454467
1.08003	1	1	5	1030	0.454427
1.08003	1	1	5	1030	0.454387
1.08003	1	1	5	1030	0.454347
1.08003	1	1	5	1030	0.454307
1.08003	1	1	5	1030	0.454267
1.08103	1	1	5	1030	0.455227
1.08103	1	1	5	1030	0.455187
1.08103	1	1	5	1030	0.455147
1.08103	1	1	5	1030	0.455107
1.08103	1	1	5	1030	0.455067
1.08103	1	1	5	1030	0.455027
1.08103	1	1	5	1030	0.454987
1.08103	1	1	5	1030	0.454947
1.08103	1	1	5	1030	0.454907
1.08203	1	1	5	1030	0.455867
1.08203	1	1	5	1030	0.455827
1.08203	1	1	5	1030	0.455787
1.08203	1	1	5	1030	0.455747
1.08203	1	1	5	1030	0.455707
1.08203	1	1	5	1030	0.455667
1.08203	1	1	5	1030	0.455627
1.08203	1	1	5	1030	0.455587
1.08303	1	1	5	1030	0.456547
1.08303	1	1	5	1030	0.456507
1.08303	1	1	5	1030	0.456467
1.08303	1	1	5	1030	0.456427
1.08303	1	1	5	1030	0.456387
1.08303	1	1	5	1030	0.456347
1.08303	1	1	5	1030	0.456307
1.08303	1	1	5	1030	0.456267
1.08403	1	1	5	1030	0.457227
1.08403	1	1	5	1030	0.457187
1.08403	1	1	5	1030	0.457147
1.08403	1	1	5	1030	0.457107
1.08403	1	1	5	1030	0.457067
1.08403	1	1	5	1030	0.457027
1.08403	1	1	5	1030	0.456987
1.08403	1	1	5	1030	0.456947
1.08403	1	1	5	1030	0.456907
1.08503	1	1	5	1030	0.457867
1.08503	1	1	5	1030	0.457827
1.08503	1	1	5	1030	0.457787
1.08503	1	1	5	1030	0.457747
1.08503	1	1	5	1030	0.457707
1.08503	1	1	5	1030	0.457667
1.08503	1	1	5	1030	0.457627
1.08503	1	1	5	1030	0.457587
1.08603	1	1	5	1030	0.458547
1.08603	1	1	5	1030	0.458507
1.08603	1	1	5	1030	0.458467
1.08603	1	1	5	1030	0.458427
1.08603	1	1	5	1030	0.458387
1.08603	1	1	5	1030	0.458347
1.08603	1	1	5	1030	0.458307
1.08603	1	1	5	1030	0.458267
1.08603	1	1	5	1030	0.458227
1.08703	1	1	5	1030	0.459187
1.08703	1	1	5	1030	0.459147
1.08703	1	1	5	1030	0.459107
1.08703	1	1	5	1030	0.459067
1.08703	1	1	5	1030	0.459027
1.08703	1	1	5	1030	0.458987
1.08703	1	1	5	1030	0.458947
1.08703	1	1	5	1030	0.458907
1.08803	1	1	5	1030	0.459867
1.08803	1	1	5	1030	0.459827
1.08803	1	1	5	1030	0.459787
1.08803	1	1	5	1030	0.459747
1.08803	1	1	5	1030	0.459707
1.08803	1	1	5	1030	0.459667
1.08803	1	1	5	1030	0.459627
1.08803	1	1	5	1030	0.459587
1.08803	1	1	5	1030	0.459547
1.08903	1	1	5	1030	0.460507
1.08903	1	1	5	1030	0.460467
1.08903	1	1	5	1030	0.460427
1.08903	1	1	5	1030	0.460387
1.08903	1	1	5	1030	0.460347
1.08903	1	1	5	1030	0.460307
1.08903	1	1	5	1030	0.460267
1.08903	1	1	5	1030	0.460227
1.09003	1	1	5	1030	0.461187
1.09003	1	1	5	1030	0.461147
1.09003	1	1	5	1030	0.461107
1.09003	1	1	5	1030	0.461067
1.09003	1	1	5	1030	0.461027
1.09003	1	1	5	1030	0.460987
1.09003	1	1	5	1030	0.460947
1.09003	1	1	5	1030	0.460907
1.09096	1	1	5	1030	0.461795
1.09096	1	1	5	1030	0.461755
1.09096	1	1	5	1030	0.461715
1.09096	1	1	5	1030	0.461675
1.09096	1	1	5	1030	0.461635
1.09096	1	1	5	1030	0.461595
1.09096	1	1	5	1030	0.461555
1.09096	1	1	5	1030	0.461515
1.09203	1	1	5	1030	0.462547
1.09203	1	1	5	1030	0.462507
1.09203	1	1	5	1030	0.462467
1.09203	1	1	5	1030	0.462427
1.09203	1	1	5	1030	0.462387
1.09203	1	1	5	1030	0.462347
1.09203	1	1	5	1030	0.462307
1.09203	1	1	5	1030	0.462267
1.09203	1	1	5	1030	0.462227
1.09303	1	1	5	1030	0.463187
1.09303	1	1	5	1030	0.463147
1.09303	1	1	5	1030	0.463107
1.09303	1	1	5	1030	0.463067
1.09303	1	1	5	1030	0.463027
1.09303	1	1	5	1030	0.462987
1.09303	1	1	5	1030	0.462947
1.09303	1	1	5	1030	0.462907
1.09403	1	1	5	1030	0.463867
1.09403	1	1	5	1030	0.463827
1.09403	1	1	5	1030	0.463787
1.09403	1	1	5	1030	0.463747
1.09403	1	1	5	1030	0.463707
1.09403	1	1	5	1030	0.463667
1.09403	1	1	5	1030	0.463627
1.09403	1	1	5	1030	0.463587
1.09503	1	1	5	1030	0.464547
1.09503	1	1	5	1030	0.464507
1.09503	1	1	5	1030	0.464467
1.09503	1	1	5	1030	0.464427
1.09503	1	1	5	1030	0.464387
1.09503	1	1	5	1030	0.464347
1.09503	1	1	5	1030	0.464307
1.09503	1	1	5	1030	0.464267
1.09503	1	1	5	1030	0.464227
1.09603	1	1	5	1030	0.465187
1.09603	1	1	5	1030	0.465147
1.09603	1	1	5	1030	0.465107
1.09603	1	1	5	1030	0.465067
1.09603	1	1	5	1030	0.465027
1.09603	1	1	5	1030	0.464987
1.09603	1	1	5	1030	0.464947
1.09603	1	1	5	1030	0.464907
1.09703	1	1	5	1030	0.465867
1.09703	1	1	5	1030	0.465827
1.09703	1	1	5	1030	0.465787
1.09703	1	1	5	1030	0.465747
1.09703	1	1	5	1030	0.465707
1.09703	1	1	5	1030	0.465667
1.09703	1	1	5	1030	0.465627
1.09703	1	1	5	1030	0.465587
1.09703	1	1	5	1030	0.465547
1.09803	1	1	5	1030	0.466507
1.09803	1	1	5	1030	0.466467
1.09803	1	1	5	1030	0.466427
1.09803	1	1	5	1030	0.466387
1.09803	1	1	5	1030	0.466347
1.09803	1	1	5	1030	0.466307
1.09803	1	1	5	1030	0.466267
1.09803	1	1	5	1030	0.466227
1.09903	1	1	5	1030	0.467187
1.09903	1	1	5	1030	0.467147
1.09903	1	1	5	1030	0.467107
1.09903	1	1	5	1030	0.467067
1.09903	1	1	5	1030	0.467027
1.09903	1	1	5	1030	0.466987
1.09903	1	1	5	1030	0.466947
1.09903	1	1	5	1030	0.466907
1.09903	1	1	5	1030	0.466867
1.10003	1	1	5	1030	0.467827
1.10003	1	1	5	1030	0.467787
1.10003	1	1	5	1030	0.467747
1.10003	1	1	5	1030	0.467707
1.10003	1	1	5	1030	0.467667
1.10003	1	1	5	1030	0.467627
1.10003	1	1	5	1030	0.467587
1.10003	1	1	5	1030	0.467547
1.10103	1	1	5	1030	0.468507
1.10103	1	1	5	1030	0.468467
1.10103	1	1	5	1030	0.468427
1.10103	1	1	5	1030	0.468387
1.10103	1	1	5	1030	0.468347
1.10103	1	1	5	1030	0.468307
1.10103	1	1	5	1030	0.468267
1.10103	1	1	5	1030	0.468227
1.10203	1	1	5	1030	0.469187
1.10203	1	1	5	1030	0.469147
1.10203	1	1	5	1030	0.469107
1.10203	1	1	5	1030	0.469067
1.10203	1	1	5	1030	0.469027
1.10203	1	1	5	1030	0.468987
1.10203	1	1	5	1030	0.468947
1.10203	1	1	5	1030	0.468907
1.10203	1	1	5	1030	0.468867
1.10303	1	1	5	1030	0.469827
1.10303	1	1	5	1030	0.469787
1.10303	1	1	5	1030	0.469747
1.10303	1	1	5	1030	0.469707
1.10303	1	1	5	1030	0.469667
1.10303	1	1	5	1030	0.469627
1.10303	1	1	5	1030	0.469587
1.10303	1	1	5	1030	0.469547
1.10403	1	1	5	1030	0.470507
1.10403	1	1	5	1030	0.470467
1.10403	1	1	5	1030	0.470427
1.10403	1	1	5	1030	0.470387
1.10403	1	1	5	1030	0.470347
1.10403	1	1	5	1030	0.470307
1.10403	1	1	5	1030	0.470267
1.10403	1	1	5	1030	0.470227
1.10403	1	1	5	1030	0.470187
1.10503	1	1	5	1030	0.471147
1.10503	1	1	5	1030	0.471107
1.10503	1	1	5	1030	0.471067
1.10503	1	1	5	1030	0.471027
1.10503	1	1	5	1030	0.470987
1.10503	1	1	5	1030	0.470947
1.10503	1	1	5	1030	0.470907
1.10503	1	1	5	1030	0.470867
1.10603	1	1	5	1030	0.471827
1.10603	1	1	5	1030	0.471787
1.10603	1	1	5	1030	0.471747
1.10603	1	1	5	1030	0.471707
1.10603	1	1	5	1030	0.471667
1.10603	1	1	5	1030	0.471627
1.10603	1	1	5	1030	0.471587
1.10603	1	1	5	1030	0.471547
1.10703	1	1	5	1030	0.472507
1.10703	1	1	5	1030	0.472467
1.10703	1	1	5	1030	0.472427
1.10703	1	1	5	1030	0.472387
1.10703	1	1	5	1030	0.472347
1.10703	1	1	5	1030	0.472307
1.10703	1	1	5	1030	0.472267
1.10703	1	1	5	1030	0.472227
1.10703	1	1	5	1030	0.472187
1.10803	1	1	5	1030	0.473147
1.10803	1	1	5	1030	0.473107
1.10803	1	1	5	1030	0.473067
1.10803	1	1	5	1030	0.473027
1.10803	1	1	5	1030	0.472987
1.10803	1	1	5	1030	0.472947
1.10803	1	1	5	1030	0.472907
1.10803	1	1	5	1030	0.472867
1.10903	1	1	5	1030	0.473827
1.10903	1	1	5	1030	0.473787
1.10903	1	1	5	1030	0.473747
1.10903	1	1	5	1030	0.473707
1.10903	1	1	5	1030	0.473667
1.10903	1	1	5	1030	0.473627
1.10903	1	1	5	1030	0.473587
1.10903	1	1	5	1030	0.473547
1.10903	1	1	5	1030	0.473507
1.11003	1	1	5	1030	0.474467
1.11003	1	1	5	1030	0.474427
1.11003	1	1	5	1030	0.474387
1.11003	1	1	5	1030	0.474347
1.11003	1	1	5	1030	0.474307
1.11003	1	1	5	1030	0.474267
1.11003	1	1	5	1030	0.474227
1.11003	1	1	5	1030	0.474187
1.11103	1	1	5	1030	0.475147
1.11103	1	1	5	1030	0.475107
1.11103	1	1	5	1030	0.475067
1.11103	1	1	5	1030	0.475027
1.11103	1	1	5	1030	0.474987
1.11103	1	1	5	1030	0.474947
1.11103	1	1	5	1030	0.474907
1.11103	1	1	5	1030	0.474867
1.11103	1	1	5	1030	0.474827
1.11203	1	1	5	1030	0.475787
1.11203	1	1	5	1030	0.475747
1.11203	1	1	5	1030	0.475707
1.11203	1	1	5	1030	0.475667
1.11203	1	1	5	1030	0.475627
1.11203	1	1	5	1030	0.475587
1.11203	1	1	5	1030	0.475547
1.11203	1	1	5	1030	0.475507
1.11303	1	1	5	1030	0.476467
1.11303	1	1	5	1030	0.476427
1.11303	1	1	5	1030	0.476387
1.11303	1	1	5	1030	0.476347
1.11303	1	1	5	1030	0.476307
1.11303	1	1	5	1030	0.476267
1.11303	1	1	5	1030	0.476227
1.11303	1	1	5	1030	0.476187
1.11403	1	1	5	1030	0.477147
1.11403	1	1	5	1030	0.477107
1.11403	1	1	5	1030	0.477067
1.11403	1	1	5	1030	0.477027
1.11403	1	1	5	1030	0.476987
1.11403	1	1	5	1030	0.476947
1.11403	1	1	5	1030	0.476907
1.11403	1	1	5	1030	0.476867
1.11403	1	1	5	1030	0.476827
1.11503	1	1	5	1030	0.477787
1.11503	1	1	5	1030	0.477747
1.11503	1	1	5	1030	0.477707
1.11503	1	1	5	1030	0.477667
1.11503	1	1	5	1030	0.477627
1.11503	1	1	5	1030	0.477587
1.11503	1	1	5	1030	0.477547
1.11503	1	1	5	1030	0.477507
1.11603	1	1	5	1030	0.478467
1.11603	1	1	5	1030	0.478427
1.11603	1	1	5	1030	0.478387
1.11603	1	1	5	1030	0.478347
1.11603	1	1	5	1030	0.478307
1.11603	1	1	5	1030	0.478267
1.11603	1	1	5	1030	0.478227
1.11603	1	1	5	1030	0.478187
1.11603	1	1	5	1030	0.478147
1.11703	1	1	5	1030	0.479107
1.11703	1	1	5	1030	0.479067
1.11703	1	1	5	1030	0.479027
1.11703	1	1	5	1030	0.478987
1.11703	1	1	5	1030	0.478947
1.11703	1	1	5	1030	0.478907
1.11703	1	1	5	1030	0.478867
1.11703	1	1	5	1030	0.478827
1.11803	1	1	5	1030	0.479787
1.11803	1	1	5	1030	0.479747
1.11803	1	1	5	1030	0.479707
1.11803	1	1	5	1030	0.479667
1.11803	1	1	5	1030	0.479627
1.11803	1	1	5	1030	0.479587
1.11803	1	1	5	1030	0.479547
1.11803	1	1	5	1030	0.479507
1.11803	1	1	5	1030	0.479467
1.11903	1	1	5	1030	0.480427
1.11903	1	1	5	1030	0.480387
1.11903	1	1	5	1030	0.480347
1.11903	1	1	5	1030	0.480307
1.11903	1	1	5	1030	0.480267
1.11903	1	1	5	1030	0.480227
1.11903	1	1	5	1030	0.480187
1.11903	1	1	5	1030	0.480147
1.12003	1	1	5	1030	0.481107
1.12003	1	1	5	1030	0.481067
1.12003	1	1	5	1030	0.481027
1.12003	1	1	5	1030	0.480987
1.12003	1	1	5	1030	0.480947
1.12003	1	1	5	1030	0.480907
1.12003	1	1	5	1030	0.480867
1.12003	1	1	5	1030	0.480827
1.12103	1	1	5	1030	0.481787
1.12103	1	1	5	1030	0.481747
1.12103	1	1	5	1030	0.481707
1.12103	1	1	5	1030	0.481667
1.12103	1	1	5	1030	0.481627
1.12103	1	1	5	1030	0.481587
1.12103	1	1	5	1030	0.481547
1.12103	1	1	5	1030	0.481507
1.12103	1	1	5	1030	0.481467
1.12203	1	1	5	1030	0.482427
1.12203	1	1	5	1030	0.482387
1.12203	1	1	5	1030	0.482347
1.12203	1	1	5	1030	0.482307
1.12203	1	1	5	1030	0.482267
1.12203	1	1	5	1030	0.482227
1.12203	1	1	5	1030	0.482187
1.12203	1	1	5	1030	0.482147
1.12303	1	1	5	1030	0.483107
1.12303	1	1	5	1030	0.483067
1.12303	1	1	5	1030	0.483027
1.12303	1	1	5	1030	0.482987
1.12303	1	1	5	1030	0.482947
1.12303	1	1	5	1030	0.482907
1.12303	1	1	5	1030	0.482867
1.12303	1	1	5	1030	0.482827
1.12303	1	1	5	1030	0.482787
1.12403	1	1	5	1030	0.483747
1.12403	1	1	5	1030	0.483707
1.12403	1	1	5	1030	0.483667
1.12403	1	1	5	1030	0.483627
1.12403	1	1	5	1030	0.483587
1.12403	1	1	5	1030	0.483547
1.12403	1	1	5	1030	0.483507
1.12403	1	1	5	1030	0.483467
1.12503	1	1	5	1030	0.484427
1.12503	1	1	5	1030	0.484387
1.12503	1	1	5	1030	0.484347
1.12503	1	1	5	1030	0.484307
1.12503	1	1	5	1030	0.484267
1.12503	1	1	5	1030	0.484227
1.12503	1	1	5	1030	0.484187
1.12503	1	1	5	1030	0.484147
1.12603	1	1	5	1030	0.485107
1.12603	1	1	5	1030	0.485067
1.12603	1	1	5	1030	0.485027
1.12603	1	1	5	1030	0.484987
1.12603	1	1	5	1030	0.484947
1.12603	1	1	5	1030	0.484907
1.12603	1	1	5	1030	0.484867
1.12603	1	1	5	1030	0.484827
1.12603	1	1	5	1030	0.484787
1.12703	1	1	5	1030	0.485747
1.12703	1	1	5	1030	0.485707
1.12703	1	1	5	1030	0.485667
1.12703	1	1	5	1030	0.485627
1.12703	1	1	5	1030	0.485587
1.12703	1	1	5	1030	0.485547
1.12703	1	1	5	1030	0.485507
1.12703	1	1	5	1030	0.485467
1.12803	1	1	5	1030	0.486427
1.12803	1	1	5	1030	0.486387
1.12803	1	1	5	1030	0.486347
1.12803	1	1	5	1030	0.486307
1.12803	1	1	5	1030	0.486267
1.12803	1	1	5	1030	0.486227
1.12803	1	1	5	1030	0.486187
1.12803	1	1	5	1030	0.486147
1.12803	1	1	5	1030	0.486107
1.12903	1	1	5	1030	0.487067
1.12903	1	1	5	1030	0.487027
1.12903	1	1	5	1030	0.486987
1.12903	1	1	5	1030	0.486947
1.12903	1	1	5	1030	0.486907
1.12903	1	1	5	1030	0.486867
1.12903	1	1	5	1030	0.486827
1.12903	1	1	5	1030	0.486787
1.13003	1	1	5	1030	0.487747
1.13003	1	1	5	1030	0.487707
1.13003	1	1	5	1030	0.487667
1.13003	1	1	5	1030	0.487627
1.13003	1	1	5	1030	0.487587
1.13003	1	1	5	1030	0.487547
1.13003	1	1	5	1030	0.487507
1.13003	1	1	5	1030	0.487467
1.13003	1	1	5	1030	0.487427
1.13103	1	1	5	1030	0.488387
1.13103	1	1	5	1030	0.488347
1.13103	1	1	5	1030	0.488307
1.13103	1	1	5	1030	0.488267
1.13103	1	1	5	1030	0.488227
1.13103	1	1	5	1030	0.488187
1.13103	1	1	5	1030	0.488147
1.13103	1	1	5	1030	0.488107
1.13203	1	1	5	1030	0.489067
1.13203	1	1	5	1030	0.489027
1.13203	1	1	5	1030	0.488987
1.13203	1	1	5	1030	0.488947
1.13203	1	1	5	1030	0.488907
1.13203	1	1	5	1030	0.488867
1.13203	1	1	5	1030	0.488827
1.13203	1	1	5	1030	0.488787
1.13303	1	1	5	1030	0.489747
1.13303	1	1	5	1030	0.489707
1.13303	1	1	5	1030	0.489667
1.13303	1	1	5	1030	0.489627
1.13303	1	1	5	1030	0.489587
1.13303	1	1	5	1030	0.489547
1.13303	1	1	5	1030	0.489507
1.13303	1	1	5	1030	0.489467
1.13303	1	1	5	1030	0.489427
1.13403	1	1	5	1030	0.490387
1.13403	1	1	5	1030	0.490347
1.13403	1	1	5	1030	0.490307
1.13403	1	1	5	1030	0.490267
1.13403	1	1	5	1030	0.490227
1.13403	1	1	5	1030	0.490187
1.13403	1	1	5	1030	0.490147
1.13403	1	1	5	1030	0.490107
1.13503	1	1	5	1030	0.491067
1.13503	1	1	5	1030	0.491027
1.13503	1	1	5	1030	0.490987
1.13503	1	1	5	1030	0.490947
1.13503	1	1	5	1030	0.490907
1.13503	1	1	5	1030	0.490867
1.13503	1	1	5	1030	0.490827
1.13503	1	1	5	1030	0.490787
1.13503	1	1	5	1030	0.490747
1.13603	1	1	5	1030	0.491707
1.13603	1	1	5	1030	0.491667
1.13603	1	1	5	1030	0.491627
1.13603	1	1	5	1030	0.491587
1.13603	1	1	5	1030	0.491547
1.13603	1	1	5	1030	0.491507
1.13603	1	1	5	1030	0.491467
1.13603	1	1	5	1030	0.491427
1.13703	1	1	5	1030	0.492387
1.13703	1	1	5	1030	0.492347
1.13703	1	1	5	1030	0.492307
1.13703	1	1	5	1030	0.492267
1.13703	1	1	5	1030	0.492227
1.13703	1	1	5	1030	0.492187
1.13703	1	1	5	1030	0.492147
1.13703	1	1	5	1030	0.492107
1.13803	1	1	5	1030	0.493067
1.13803	1	1	5	1030	0.493027
1.13803	1	1	5	1030	0.492987
1.13803	1	1	5	1030	0.492947
1.13803	1	1	5	1030	0.492907
1.13803	1	1	5	1030	0.492867
1.13803	1	1	5	1030	0.492827
1.13803	1	1	5	1030	0.492787
1.13803	1	1	5	1030	0.492747
1.13903	1	1	5	1030	0.493707
1.13903	1	1	5	1030	0.493667
1.13903	1	1	5	1030	0.493627
1.13903	1	1	5	1030	0.493587
1.13903	1	1	5	1030	0.493547
1.13903	1	1	5	1030	0.493507
1.13903	1	1	5	1030	0.493467
1.13903	1	1	5	1030	0.493427
1.14003	1	1	5	1030	0.494387
1.14003	1	1	5	1030	0.494347
1.14003	1	1	5	1030	0.494307
1.14003	1	1	5	1030	0.494267
1.14003	1	1	5	1030	0.494227
1.14003	1	1	5	1030	0.494187
1.14003	1	1	5	1030	0.494147
1.14003	1	1	5	1030	0.494107
1.14003	1	1	5	1030	0.494067
1.14103	1	1	5	1030	0.495027
1.14103	1	1	5	1030	0.494987
1.14103	1	1	5	1030	0.494947
1.14103	1	1	5	1030	0.494907
1.14103	1	1	5	1030	0.494867
1.14103	1	1	5	1030	0.494827
1.14103	1	1	5	1030	0.494787
1.14103	1	1	5	1030	0.494747
1.14203	1	1	5	1030	0.495707
1.14203	1	1	5	1030	0.495667
1.14203	1	1	5	1030	0.495627
1.14203	1	1	5	1030	0.495587
1.14203	1	1	5	1030	0.495547
1.14203	1	1	5	1030	0.495507
1.14203	1	1	5	1030	0.495467
1.14203	1	1	5	1030	0.495427
1.14203	1	1	5	1030	0.495387
1.14303	1	1	5	1030	0.496347
1.14303	1	1	5	1030	0.496307
1.14303	1	1	5	1030	0.496267
1.14303	1	1	5	1030	0.496227
1.14303	1	1	5	1030	0.496187
1.14303	1	1	5	1030	0.496147
1.14303	1	1	5	1030	0.496107
1.14303	1	1	5	1030	0.496067
1.14403	1	1	5	1030	0.497027
1.14403	1	1	5	1030	0.496987
1.14403	1	1	5	1030	0.496947
1.14403	1	1	5	1030	0.496907
1.14403	1	1	5	1030	0.496867
1.14403	1	1	5	1030	0.496827
1.14403	1	1	5	1030	0.496787
1.14403	1	1	5	1030	0.496747
1.14503	1	1	5	1030	0.497707
1.14503	1	1	5	1030	0.497667
1.14503	1	1	5	1030	0.497627
1.14503	1	1	5	1030	0.497587
1.14503	1	1	5	1030	0.497547
1.14503	1	1	5	1030	0.497507
1.14503	1	1	5	1030	0.497467
1.14503	1	1	5	1030	0.497427
1.14503	1	1	5	1030	0.497387
1.14603	1	1	5	1030	0.498347
1.14603	1	1	5	1030	0.498307
1.14603	1	1	5	1030	0.498267
1.14603	1	1	5	1030	0.498227
1.14603	1	1	5	1030	0.498187
1.14603	1	1	5	1030	0.498147
1.14603	1	1	5	1030	0.498107
1.14603	1	1	5	1030	0.498067
1.14703	1	1	5	1030	0.499027
1.14703	1	1	5	1030	0.498987
1.14703	1	1	5	1030	0.498947
1.14703	1	1	5	1030	0.498907
1.14703	1	1	5	1030	0.498867
1.14703	1	1	5	1030	0.498827
1.14703	1	1	5	1030	0.498787
1.14703	1	1	5	1030	0.498747
1.14703	1	1	5	1030	0.498707
1.14803	1	1	5	1030	0.499667
1.14803	1	1	5	1030	0.499627
1.14803	1	1	5	1030	0.499587
1.14803	1	1	5	1030	0.499547
1.14803	1	1	5	1030	0.499507
1.14803	1	1	5	1030	0.499467
1.14803	1	1	5	1030	0.499427
1.14803	1	1	5	1030	0.499387
1.14903	1	1	5	1030	0.500347
1.14903	1	1	5	1030	0.500307
1.14903	1	1	5	1030	0.500267
1.14903	1	1	5	1030	0.500227
1.14903	1	1	5	1030	0.500187
1.14903	1	1	5	1030	0.500147
1.14903	1	1	5	1030	0.500107
1.14903	1	1	5	1030	0.500067
1.14903	1	1	5	1030	0.500027
1.15003	1	1	5	1030	0.500987
1.15003	1	1	5	1030	0.500947
1.15003	1	1	5	1030	0.500907
1.15003	1	1	5	1030	0.500867
1.15003	1	1	5	1030	0.500827
1.15003	1	1	5	1030	0.500787
1.15003	1	1	5	1030	0.500747
1.15003	1	1	5	1030	0.500707
1.15103	1	1	5	1030	0.501667
1.15103	1	1	5	1030	0.501627
1.15103	1	1	5	1030	0.501587
1.15103	1	1	5	1030	0.501547
1.15103	1	1	5	1030	0.501507
1.15103	1	1	5	1030	0.501467
1.15103	1	1	5	1030	0.501427
1.15103	1	1	5	1030	0.501387
1.15203	1	1	5	1030	0.502347
1.15203	1	1	5	1030	0.502307
1.15203	1	1	5	1030	0.502267
1.15203	1	1	5	1030	0.502227
1.15203	1	1	5	1030	0.502187
1.15203	1	1	5	1030	0.502147
1.15203	1	1	5	1030	0.502107
1.15203	1	1	5	1030	0.502067
1.15203	1	1	5	1030	0.502027
1.15303	1	1	5	1030	0.502987
1.15303	1	1	5	1030	0.502947
1.15303	1	1	5	1030	0.502907
1.15303	1	1	5	1030	0.502867
1.15303	1	1	5	1030	0.502827
1.15303	1	1	5	1030	0.502787
1.15303	1	1	5	1030	0.502747
1.15303	1	1	5	1030	0.502707
1.15403	1	1	5	1030	0.503667
1.15403	1	1	5	1030	0.503627
1.15403	1	1	5	1030	0.503587
1.15403	1	1	5	1030	0.503547
1.15403	1	1	5	1030	0.503507
1.15403	1	1	5	1030	0.503467
1.15403	1	1	5	1030	0.503427
1.15403	1	1	5	1030	0.503387
1.15403	1	1	5	1030	0.503347
1.15503	1	1	5	1030	0.504307
1.15503	1	1	5	1030	0.504267
1.15503	1	1	5	1030	0.504227
1.15503	1	1	5	1030	0.504187
1.15503	1	1	5	1030	0.504147
1.15503	1	1	5	1030	0.504107
1.15503	1	1	5	1030	0.504067
1.15503	1	1	5	1030	0.504027
1.15603	1	1	5	1030	0.504987
1.15603	1	1	5	1030	0.504947
1.15603	1	1	5	1030	0.504907
1.15603	1	1	5	1030	0.504867
1.15603	1	1	5	1030	0.504827
1.15603	1	1	5	1030	0.504787
1.15603	1	1	5	1030	0.504747
1.15603	1	1	5	1030	0.504707
1.15703	1	1	5	1030	0.505667
1.15703	1	1	5	1030	0.505627
1.15703	1	1	5	1030	0.505587
1.15703	1	1	5	1030	0.505547
1.15703	1	1	5	1030	0.505507
1.15703	1	1	5	1030	0.505467
1.15703	1	1	5	1030	0.505427
1.15703	1	1	5	1030	0.505387
1.15703	1	1	5	1030	0.505347
1.15803	1	1	5	1030	0.506307
1.15803	1	1	5	1030	0.506267
1.15803	1	1	5	1030	0.506227
1.15803	1	1	5	1030	0.506187
1.15803	1	1	5	1030	0.506147
1.15803	1	1	5	1030	0.506107
1.15803	1	1	5	1030	0.506067
1.15803	1	1	5	1030	0.506027
1.15903	1	1	5	1030	0.506987
1.15903	1	1	5	1030	0.506947
1.15903	1	1	5	1030	0.506907
1.15903	1	1	5	1030	0.506867
1.15903	1	1	5	1030	0.506827
1.15903	1	1	5	1030	0.506787
1.15903	1	1	5	1030	0.506747
1.15903	1	1	5	1030	0.506707
1.15903	1	1	5	1030	0.506667
1.16003	1	1	5	1030	0.507627
1.16003	1	1	5	1030	0.507587
1.16003	1	1	5	1030	0.507547
1.16003	1	1	5	1030	0.507507
1.16003	1	1	5	1030	0.507467
1.16003	1	1	5	1030	0.507427
1.16003	1	1	5	1030	0.507387
1.16003	1	1	5	1030	0.507347
1.16103	1	1	5	1030	0.508307
1.16103	1	1	5	1030	0.508267
1.16103	1	1	5	1030	0.508227
1.16103	1	1	5	1030	0.508187
1.16103	1	1	5	1030	0.508147
1.16103	1	1	5	1030	0.508107
1.16103	1	1	5	1030	0.508067
1.16103	1	1	5	1030	0.508027
1.16103	1	1	5	1030	0.507987
1.16203	1	1	5	1030	0.508947
1.16203	1	1	5	1030	0.508907
1.16203	1	1	5	1030	0.508867
1.16203	1	1	5	1030	0.508827
1.16203	1	1	5	1030	0.508787
1.16203	1	1	5	1030	0.508747
1.16203	1	1	5	1030	0.508707
1.16203	1	1	5	1030	0.508667
1.16303	1	1	5	1030	0.509627
1.16303	1	1	5	1030	0.509587
1.16303	1	1	5	1030	0.509547
1.16303	1	1	5	1030	0.509507
1.16303	1	1	5	1030	0.509467
1.16303	1	1	5	1030	0.509427
1.16303	1	1	5	1030	0.509387
1.16303	1	1	5	1030	0.509347
1.16403	1	1	5	1030	0.510307
1.16403	1	1	5	1030	0.510267
1.16403	1	1	5	1030	0.510227
1.16403	1	1	5	1030	0.510187
1.16403	1	1	5	1030	0.510147
1.16403	1	1	5	1030	0.510107
1.16403	1	1	5	1030	0.510067
1.16403	1	1	5	1030	0.510027
1.16403	1	1	5	1030	0.509987
1.16503	1	1	5	1030	0.510947
1.16503	1	1	5	1030	0.510907
1.16503	1	1	5	1030	0.510867
1.16503	1	1	5	1030	0.510827
1.16503	1	1	5	1030	0.510787
1.16503	1	1	5	1030	0.510747
1.16503	1	1	5	1030	0.510707
1.16503	1	1	5	1030	0.510667
1.16603	1	1	5	1030	0.511627
1.16603	1	1	5	1030	0.511587
1.16603	1	1	5	1030	0.511547
1.16603	1	1	5	1030	0.511507
1.16603	1	1	5	1030	0.511467
1.16603	1	1	5	1030	0.511427
1.16603	1	1	5	1030	0.511387
1.16603	1	1	5	1030	0.511347
1.16603	1	1	5	1030	0.511307
1.16703	1	1	5	1030	0.512267
1.16703	1	1	5	1030	0.512227
1.16703	1	1	5	1030	0.512187
1.16703	1	1	5	1030	0.512147
1.16703	1	1	5	1030	0.512107
1.16703	1	1	5	1030	0.512067
1.16703	1	1	5	1030	0.512027
1.16703	1	1	5	1030	0.511987
1.16803	1	1	5	1030	0.512947
1.16803	1	1	5	1030	0.512907
1.16803	1	1	5	1030	0.512867
1.16803	1	1	5	1030	0.512827
1.16803	1	1	5	1030	0.512787
1.16803	1	1	5	1030	0.512747
1.16803	1	1	5	1030	0.512707
1.16803	1	1	5	1030	0.512667
1.16803	1	1	5	1030	0.512627
1.16903	1	1	5	1030	0.513587
1.16903	1	1	5	1030	0.513547
1.16903	1	1	5	1030	0.513507
1.16903	1	1	5	1030	0.513467
1.16903	1	1	5	1030	0.513427
1.16903	1	1	5	1030	0.513387
1.16903	1	1	5	1030	0.513347
1.16903	1	1	5	1030	0.513307
1.17003	1	1	5	1030	0.514267
1.17003	1	1	5	1030	0.514227
1.17003	1	1	5	1030	0.514187
1.17003	1	1	5	1030	0.514147
1.17003	1	1	5	1030	0.514107
1.17003	1	1	5	1030	0.514067
1.17003	1	1	5	1030	0.514027
1.17003	1	1	5	1030	0.513987
1.17096	1	1	5	1030	0.514875
1.17096	1	1	5	1030	0.514835
1.17096	1	1	5	1030	0.514795
1.17096	1	1	5	1030	0.514755
1.17096	1	1	5	1030	0.514715
1.17096	1	1	5	1030	0.514675
1.17096	1	1	5	1030	0.514635
1.17096	1	1	5	1030	0.514595
1.17203	1	1	5	1030	0.515627
1.17203	1	1	5	1030	0.515587
1.17203	1	1	5	1030	0.515547
1.17203	1	1	5	1030	0.515507
1.17203	1	1	5	1030	0.515467
1.17203	1	1	5	1030	0.515427
1.17203	1	1	5	1030	0.515387
1.17203	1	1	5	1030	0.515347
1.17203	1	1	5	1030	0.515307
1.17303	1	1	5	1030	0.516267
1.17303	1	1	5	1030	0.516227
1.17303	1	1	5	1030	0.516187
1.17303	1	1	5	1030	0.516147
1.17303	1	1	5	1030	0.516107
1.17303	1	1	5	1030	0.516067
1.17303	1	1	5	1030	0.516027
1.17303	1	1	5	1030	0.515987
1.17403	1	1	5	1030	0.516947
1.17403	1	1	5	1030	0.516907
1.17403	1	1	5	1030	0.516867
1.17403	1	1	5	1030	0.516827
1.17403	1	1	5	1030	0.516787
1.17403	1	1	5	1030	0.516747
1.17403	1	1	5	1030	0.516707
1.17403	1	1	5	1030	0.516667
1.17503	1	1	5	1030	0.517627
1.17503	1	1	5	1030	0.517587
1.17503	1	1	5	1030	0.517547
1.17503	1	1	5	1030	0.517507
1.17503	1	1	5	1030	0.517467
1.17503	1	1	5	1030	0.517427
1.17503	1	1	5	1030	0.517387
1.17503	1	1	5	1030	0.517347
1.17503	1	1	5	1030	0.517307
1.17603	1	1	5	1030	0.518267
1.17603	1	1	5	1030	0.518227
1.17603	1	1	5	1030	0.518187
1.17603	1	1	5	1030	0.518147
1.17603	1	1	5	1030	0.518107
1.17603	1	1	5	1030	0.518067
1.17603	1	1	5	1030	0.518027
1.17603	1	1	5	1030	0.517987
1.17703	1	1	5	1030	0.518947
1.17703	1	1	5	1030	0.518907
1.17703	1	1	5	1030	0.518867
1.17703	1	1	5	1030	0.518827
1.17703	1	1	5	1030	0.518787
1.17703	1	1	5	1030	0.518747
1.17703	1	1	5	1030	0.518707
1.17703	1	1	5	1030	0.518667
1.17703	1	1	5	1030	0.518627
1.17803	1	1	5	1030	0.519587
1.17803	1	1	5	1030	0.519547
1.17803	1	1	5	1030	0.519507
1.17803	1	1	5	1030	0.519467
1.17803	1	1	5	1030	0.519427
1.17803	1	1	5	1030	0.519387
1.17803	1	1	5	1030	0.519347
1.17803	1	1	5	1030	0.519307
1.17903	1	1	5	1030	0.520267
1.17903	1	1	5	1030	0.520227
1.17903	1	1	5	1030	0.520187
1.17903	1	1	5	1030	0.520147
1.17903	1	1	5	1030	0.520107
1.17903	1	1	5	1030	0.520067
1.17903	1	1	5	1030	0.520027
1.17903	1	1	5	1030	0.519987
1.18003	1	1	5	1030	0.520947
1.18003	1	1	5	1030	0.520907
1.18003	1	1	5	1030	0.520867
1.18003	1	1	5	1030	0.520827
1.18003	1	1	5	1030	0.520787
1.18003	1	1	5	1030	0.520747
1.18003	1	1	5	1030	0.520707
1.18003	1	1	5	1030	0.520667
1.18003	1	1	5	1030	0.520627
1.18103	1	1	5	1030	0.521587
1.18103	1	1	5	1030	0.521547
1.18103	1	1	5	1030	0.521507
1.18103	1	1	5	1030	0.521467
1.18103	1	1	5	1030	0.521427
1.18103	1	1	5	1030	0.521387
1.18103	1	1	5	1030	0.521347
1.18103	1	1	5	1030	0.521307
1.18203	1	1	5	1030	0.522267
1.18203	1	1	5	1030	0.522227
1.18203	1	1	5	1030	0.522187
1.18203	1	1	5	1030	0.522147
1.18203	1	1	5	1030	0.522107
1.18203	1	1	5	1030	0.522067
1.18203	1	1	5	1030	0.522027
1.18203	1	1	5	1030	0.521987
1.18203	1	1	5	1030	0.521947
1.18303	1	1	5	1030	0.522907
1.18303	1	1	5	1030	0.522867
1.18303	1	1	5	1030	0.522827
1.18303	1	1	5	1030	0.522787
1.18303	1	1	5	1030	0.522747
1.18303	1	1	5	1030	0.522707
1.18303	1	1	5	1030	0.522667
1.18303	1	1	5	1030	0.522627
1.18403	1	1	5	1030	0.523587
1.18403	1	1	5	1030	0.523547
1.18403	1	1	5	1030	0.523507
1.18403	1	1	5	1030	0.523467
1.18403	1	1	5	1030	0.523427
1.18403	1	1	5	1030	0.523387
1.18403	1	1	5	1030	0.523347
1.18403	1	1	5	1030	0.523307
1.18403	1	1	5	1030	0.523267
1.18503	1	1	5	1030	0.524227
1.18503	1	1	5	1030	0.524187
1.18503	1	1	5	1030	0.524147
1.18503	1	1	5	1030	0.524107
1.18503	1	1	5	1030	0.524067
1.18503	1	1	5	1030	0.524027
1.18503	1	1	5	1030	0.523987
1.18503	1	1	5	1030	0.523947
1.18603	1	1	5	1030	0.524907
1.18603	1	1	5	1030	0.524867
1.18603	1	1	5	1030	0.524827
1.18603	1	1	5	1030	0.524787
1.18603	1	1	5	1030	0.524747
1.18603	1	1	5	1030	0.524707
1.18603	1	1	5	1030	0.524667
1.18603	1	1	5	1030	0.524627
1.18703	1	1	5	1030	0.525587
1.18703	1	1	5	1030	0.525547
1.18703	1	1	5	1030	0.525507
1.18703	1	1	5	1030	0.525467
1.18703	1	1	5	1030	0.525427
1.18703	1	1	5	1030	0.525387
1.18703	1	1	5	1030	0.525347
1.18703	1	1	5	1030	0.525307
1.18703	1	1	5	1030	0.525267
1.18803	1	1	5	1030	0.526227
1.18803	1	1	5	1030	0.526187
1.18803	1	1	5	1030	0.526147
1.18803	1	1	5	1030	0.526107
1.18803	1	1	5	1030	0.526067
1.18803	1	1	5	1030	0.526027
1.18803	1	1	5	1030	0.525987
1.18803	1	1	5	1030	0.525947
1.18903	1	1	5	1030	0.526907
1.18903	1	1	5	1030	0.526867
1.18903	1	1	5	1030	0.526827
1.18903	1	1	5	1030	0.526787
1.18903	1	1	5	1030	0.526747
1.18903	1	1	5	1030	0.526707
1.18903	1	1	5	1030	0.526667
1.18903	1	1	5	1030	0.526627
1.18903	1	1	5	1030	0.526587
1.19003	1	1	5	1030	0.527547
1.19003	1	1	5	1030	0.527507
1.19003	1	1	5	1030	0.527467
1.19003	1	1	5	1030	0.527427
1.19003	1	1	5	1030	0.527387
1.19003	1	1	5	1030	0.527347
1.19003	1	1	5	1030	0.527307
1.19003	1	1	5	1030	0.527267
1.19103	1	1	5	1030	0.528227
1.19103	1	1	5	1030	0.528187
1.19103	1	1	5	1030	0.528147
1.19103	1	1	5	1030	0.528107
1.19103	1	1	5	1030	0.528067
1.19103	1	1	5	1030	0.528027
1.19103	1	1	5	1030	0.527987
1.19103	1	1	5	1030	0.527947
1.19103	1	1	5	1030	0.527907
1.19203	1	1	5	1030	0.528867
1.19203	1	1	5	1030	0.528827
1.19203	1	1	5	1030	0.528787
1.19203	1	1	5	1030	0.528747
1.19203	1	1	5	1030	0.528707
1.19203	1	1	5	1030	0.528667
1.19203	1	1	5	1030	0.528627
1.19203	1	1	5	1030	0.528587
1.19303	1	1	5	1030	0.529547
1.19303	1	1	5	1030	0.529507
1.19303	1	1	5	1030	0.529467
1.19303	1	1	5	1030	0.529427
1.19303	1	1	5	1030	0.529387
1.19303	1	1	5	1030	0.529347
1.19303	1	1	5	1030	0.529307
1.19303	1	1	5	1030	0.529267
1.19403	1	1	5	1030	0.530227
1.19403	1	1	5	1030	0.530187
1.19403	1	1	5	1030	0.530147
1.19403	1	1	5	1030	0.530107
1.19403	1	1	5	1030	0.530067
1.19403	1	1	5	1030	0.530027
1.19403	1	1	5	1030	0.529987
1.19403	1	1	5	1030	0.529947
1.19403	1	1	5	1030	0.529907
1.19503	1	1	5	1030	0.530867
1.19503	1	1	5	1030	0.530827
1.19503	1	1	5	1030	0.530787
1.19503	1	1	5	1030	0.530747
1.19503	1	1	5	1030	0.530707
1.19503	1	1	5	1030	0.530667
1.19503	1	1	5	1030	0.530627
1.19503	1	1	5	1030	0.530587
1.19603	1	1	5	1030	0.531547
1.19603	1	1	5	1030	0.531507
1.19603	1	1	5	1030	0.531467
1.19603	1	1	5	1030	0.531427
1.19603	1	1	5	1030	0.531387
1.19603	1	1	5	1030	0.531347
1.19603	1	1	5	1030	0.531307
1.19603	1	1	5	1030	0.531267
1.19603	1	1	5	1030	0.531227
1.19703	1	1	5	1030	0.532187
1.19703	1	1	5	1030	0.532147
1.19703	1	1	5	1030	0.532107
1.19703	1	1	5	1030	0.532067
1.19703	1	1	5	1030	0.532027
1.19703	1	1	5	1030	0.531987
1.19703	1	1	5	1030	0.531947
1.19703	1	1	5	1030	0.531907
1.19803	1	1	5	1030	0.532867
1.19803	1	1	5	1030	0.532827
1.19803	1	1	5	1030	0.532787
1.19803	1	1	5	1030	0.532747
1.19803	1	1	5	1030	0.532707
1.19803	1	1	5	1030	0.532667
1.19803	1	1	5	1030	0.532627
1.19803	1	1	5	1030	0.532587
1.19903	1	1	5	1030	0.533547
1.19903	1	1	5	1030	0.533507
1.19903	1	1	5	1030	0.533467
1.19903	1	1	5	1030	0.533427
1.19903	1	1	5	1030	0.533387
1.19903	1	1	5	1030	0.533347
1.19903	1	1	5	1030	0.533307
1.19903	1	1	5	1030	0.533267
1.19903	1	1	5	1030	0.533227
1.20003	1	1	5	1030	0.534187
1.20003	1	1	5	1030	0.534147
1.20003	1	1	5	1030	0.534107
1.20003	1	1	5	1030	0.534067
1.20003	1	1	5	1030	0.534027
1.20003	1	1	5	1030	0.533987
1.20003	1	1	5	1030	0.533947
1.20003	1	1	5	1030	0.533907
1.20103	1	1	5	1030	0.534867
1.20103	1	1	5	1030	0.534827
1.20103	1	1	5	1030	0.534787
1.20103	1	1	5	1030	0.534747
1.20103	1	1	5	1030	0.534707
1.20103	1	1	5	1030	0.534667
1.20103	1	1	5	1030	0.534627
1.20103	1	1	5	1030	0.534587
1.20103	1	1	5	1030	0.534547
1.20203	1	1	5	1030	0.535507
1.20203	1	1	5	1030	0.535467
1.20203	1	1	5	1030	0.535427
1.20203	1	1	5	1030	0.535387
1.20203	1	1	5	1030	0.535347
1.20203	1	1	5	1030	0.535307
1.20203	1	1	5	1030	0.535267
1.20203	1	1	5	1030	0.535227
1.20303	1	1	5	1030	0.536187
1.20303	1	1	5	1030	0.536147
1.20303	1	1	5	1030	0.536107
1.20303	1	1	5	1030	0.536067
1.20303	1	1	5	1030	0.536027
1.20303	1	1	5	1030	0.535987
1.20303	1	1	5	1030	0.535947
1.20303	1	1	5	1030	0.535907
1.20303	1	1	5	1030	0.535867
1.20403	1	1	5	1030	0.536827
1.20403	1	1	5	1030	0.536787
1.20403	1	1	5	1030	0.536747
1.20403	1	1	5	1030	0.536707
1.20403	1	1	5	1030	0.536667
1.20403	1	1	5	1030	0.536627
1.20403	1	1	5	1030	0.536587
1.20403	1	1	5	1030	0.536547
1.20503	1	1	5	1030	0.537507
1.20503	1	1	5	1030	0.537467
1.20503	1	1	5	1030	0.537427
1.20503	1	1	5	1030	0.537387
1.20503	1	1	5	1030	0.537347
1.20503	1	1	5	1030	0.537307
1.20503	1	1	5	1030	0.537267
1.20503	1	1	5	1030	0.537227
1.20603	1	1	5	1030	0.538187
1.20603	1	1	5	1030	0.538147
1.20603	1	1	5	1030	0.538107
1.20603	1	1	5	1030	0.538067
1.20603	1	1	5	1030	0.538027
1.20603	1	1	5	1030	0.537987
1.20603	1	1	5	1030	0.537947
1.20603	1	1	5	1030	0.537907
1.20603	1	1	5	1030	0.537867
1.20703	1	1	5	1030	0.538827
1.20703	1	1	5	1030	0.538787
1.20703	1	1	5	1030	0.538747
1.20703	1	1	5	1030	0.538707
1.20703	1	1	5	1030	0.538667
1.20703	1	1	5	1030	0.538627
1.20703	1	1	5	1030	0.538587
1.20703	1	1	5	1030	0.538547
1.20803	1	1	5	1030	0.539507
1.20803	1	1	5	1030	0.539467
1.20803	1	1	5	1030	0.539427
1.20803	1	1	5	1030	0.539387
1.20803	1	1	5	1030	0.539347
1.20803	1	1	5	1030	0.539307
1.20803	1	1	5	1030	0.539267
1.20803	1	1	5	1030	0.539227
1.20803	1	1	5	1030	0.539187
1.20903	1	1	5	1030	0.540147
1.20903	1	1	5	1030	0.540107
1.20903	1	1	5	1030	0.540067
1.20903	1	1	5	1030	0.540027
1.20903	1	1	5	1030	0.539987
1.20903	1	1	5	1030	0.539947
1.20903	1	1	5	1030	0.539907
1.20903	1	1	5	1030	0.539867
1.21003	1	1	5	1030	0.540827
1.21003	1	1	5	1030	0.540787
1.21003	1	1	5	1030	0.540747
1.21003	1	1	5	1030	0.540707
1.21003	1	1	5	1030	0.540667
1.21003	1	1	5	1030	0.540627
1.21003	1	1	5	1030	0.540587
1.21003	1	1	5	1030	0.540547
1.21103	1	1	5	1030	0.541507
1.21103	1	1	5	1030	0.541467
1.21103	1	1	5	1030	0.541427
1.21103	1	1	5	1030	0.541387
1.21103	1	1	5	1030	0.541347
1.21103	1	1	5	1030	0.541307
1.21103	1	1	5	1030	0.541267
1.21103	1	1	5	1030	0.541227
1.21103	1	1	5	1030	0.541187
1.21203	1	1	5	1030	0.542147
1.21203	1	1	5	1030	0.542107
1.21203	1	1	5	1030	0.542067
1.21203	1	1	5	1030	0.542027
1.21203	1	1	5	1030	0.541987
1.21203	1	1	5	1030	0.541947
1.21203	1	1	5	1030	0.541907
1.21203	1	1	5	1030	0.541867
1.21303	1	1	5	1030	0.542827
1.21303	1	1	5	1030	0.542787
1.21303	1	1	5	1030	0.542747
1.21303	1	1	5	1030	0.542707
1.21303	1	1	5	1030	0.542667
1.21303	1	1	5	1030	0.542627
1.21303	1	1	5	1030	0.542587
1.21303	1	1	5	1030	0.542547
1.21303	1	1	5	1030	0.542507
1.21403	1	1	5	1030	0.543467
1.21403	1	1	5	1030	0.543427
1.21403	1	1	5	1030	0.543387
1.21403	1	1	5	1030	0.543347
1.21403	1	1	5	1030	0.543307
1.21403	1	1	5	1030	0.543267
1.21403	1	1	5	1030	0.543227
1.21403	1	1	5	1030	0.543187
1.21503	1	1	5	1030	0.544147
1.21503	1	1	5	1030	0.544107
1.21503	1	1	5	1030	0.544067
1.21503	1	1	5	1030	0.544027
1.21503	1	1	5	1030	0.543987
1.21503	1	1	5	1030	0.543947
1.21503	1	1	5	1030	0.543907
1.21503	1	1	5	1030	0.543867
1.21503	1	1	5	1030	0.543827
1.21603	1	1	5	1030	0.544787
1.21603	1	1	5	1030	0.544747
1.21603	1	1	5	1030	0.544707
1.21603	1	1	5	1030	0.544667
1.21603	1	1	5	1030	0.544627
1.21603	1	1	5	1030	0.544587
1.21603	1	1	5	1030	0.544547
1.21603	1	1	5	1030	0.544507
1.21703	1	1	5	1030	0.545467
1.21703	1	1	5	1030	0.545427
1.21703	1	1	5	1030	0.545387
1.21703	1	1	5	1030	0.545347
1.21703	1	1	5	1030	0.545307
1.21703	1	1	5	1030	0.545267
1.21703	1	1	5	1030	0.545227
1.21703	1	1	5	1030	0.545187
1.21803	1	1	5	1030	0.546147
1.21803	1	1	5	1030	0.546107
1.21803	1	1	5	1030	0.546067
1.21803	1	1	5	1030	0.546027
1.21803	1	1	5	1030	0.545987
1.21803	1	1	5	1030	0.545947
1.21803	1	1	5	1030	0.545907
1.21803	1	1	5	1030	0.545867
1.21803	1	1	5	1030	0.545827
1.21903	1	1	5	1030	0.546787
1.21903	1	1	5	1030	0.546747
1.21903	1	1	5	1030	0.546707
1.21903	1	1	5	1030	0.546667
1.21903	1	1	5	1030	0.546627
1.21903	1	1	5	1030	0.546587
1.21903	1	1	5	1030	0.546547
1.21903	1	1	5	1030	0.546507
1.22003	1	1	5	1030	0.547467
1.22003	1	1	5	1030	0.547427
1.22003	1	1	5	1030	0.547387
1.22003	1	1	5	1030	0.547347
1.22003	1	1	5	1030	0.547307
1.22003	1	1	5	1030	0.547267
1.22003	1	1	5	1030	0.547227
1.22003	1	1	5	1030	0.547187
1.22003	1	1	5	1030	0.547147
1.22103	1	1	5	1030	0.548107
1.22103	1	1	5	1030	0.548067
1.22103	1	1	5	1030	0.548027
1.22103	1	1	5	1030	0.547987
1.22103	1	1	5	1030	0.547947
1.22103	1	1	5	1030	0.547907
1.22103	1	1	5	1030	0.547867
1.22103	1	1	5	1030	0.547827
1.22203	1	1	5	1030	0.548787
1.22203	1	1	5	1030	0.548747
1.22203	1	1	5	1030	0.548707
1.22203	1	1	5	1030	0.548667
1.22203	1	1	5	1030	0.548627
1.22203	1	1	5	1030	0.548587
1.22203	1	1	5	1030	0.548547
1.22203	1	1	5	1030	0.548507
1.22203	1	1	5	1030	0.548467
1.22303	1	1	5	1030	0.549427
1.22303	1	1	5	1030	0.549387
1.22303	1	1	5	1030	0.549347
1.22303	1	1	5	1030	0.549307
1.22303	1	1	5	1030	0.549267
1.22303	1	1	5	1030	0.549227
1.22303	1	1	5	1030	0.549187
1.22303	1	1	5	1030	0.549147
1.22403	1	1	5	1030	0.550107
1.22403	1	1	5	1030	0.550067
1.22403	1	1	5	1030	0.550027
1.22403	1	1	5	1030	0.549987
1.22403	1	1	5	1030	0.549947
1.22403	1	1	5	1030	0.549907
1.22403	1	1	5	1030	0.549867
1.22403	1	1	5	1030	0.549827
1.22503	1	1	5	1030	0.550787
1.22503	1	1	5	1030	0.550747
1.22503	1	1	5	1030	0.550707
1.22503	1	1	5	1030	0.550667
1.22503	1	1	5	1030	0.550627
1.22503	1	1	5	1030	0.550587
1.22503	1	1	5	1030	0.550547
1.22503	1	1	5	1030	0.550507
1.22503	1	1	5	1030	0.550467
1.22603	1	1	5	1030	0.551427
1.22603	1	1	5	1030	0.551387
1.22603	1	1	5	1030	0.551347
1.22603	1	1	5	1030	0.551307
1.22603	1	1	5	1030	0.551267
1.22603	1	1	5	1030	0.551227
1.22603	1	1	5	1030	0.551187
1.22603	1	1	5	1030	0.551147
1.22703	1	1	5	1030	0.552107
1.22703	1	1	5	1030	0.552067
1.22703	1	1	5	1030	0.552027
1.22703	1	1	5	1030	0.551987
1.22703	1	1	5	1030	0.551947
1.22703	1	1	5	1030	0.551907
1.22703	1	1	5	1030	0.551867
1.22703	1	1	5	1030	0.551827
1.22703	1	1	5	1030	0.551787
1.22803	1	1	5	1030	0.552747
1.22803	1	1	5	1030	0.552707
1.22803	1	1	5	1030	0.552667
1.22803	1	1	5	1030	0.552627
1.22803	1	1	5	1030	0.552587
1.22803	1	1	5	1030	0.552547
1.22803	1	1	5	1030	0.552507
1.22803	1	1	5	1030	0.552467
1.22903	1	1	5	1030	0.553427
1.22903	1	1	5	1030	0.553387
1.22903	1	1	5	1030	0.553347
1.22903	1	1	5	1030	0.553307
1.22903	1	1	5	1030	0.553267
1.22903	1	1	5	1030	0.553227
1.22903	1	1	5	1030	0.553187
1.22903	1	1	5	1030	0.553147
1.23003	1	1	5	1030	0.554107
1.23003	1	1	5	1030	0.554067
1.23003	1	1	5	1030	0.554027
1.23003	1	1	5	1030	0.553987
1.23003	1	1	5	1030	0.553947
1.23003	1	1	5	1030	0.553907
1.23003	1	1	5	1030	0.553867
1.23003	1	1	5	1030	0.553827
1.23003	1	1	5	1030	0.553787
1.23103	1	1	5	1030	0.554747
1.23103	1	1	5	1030	0.554707
1.23103	1	1	5	1030	0.554667
1.23103	1	1	5	1030	0.554627
1.23103	1	1	5	1030	0.554587
1.23103	1	1	5	1030	0.554547
1.23103	1	1	5	1030	0.554507
1.23103	1	1	5	1030	0.554467
1.23203	1	1	5	1030	0.555427
1.23203	1	1	5	1030	0.555387
1.23203	1	1	5	1030	0.555347
1.23203	1	1	5	1030	0.555307
1.23203	1	1	5	1030	0.555267
1.23203	1	1	5	1030	0.555227
1.23203	1	1	5	1030	0.555187
1.23203	1	1	5	1030	0.555147
1.23203	1	1	5	1030	0.555107
1.23303	1	1	5	1030	0.556067
1.23303	1	1	5	1030	0.556027
1.23303	1	1	5	1030	0.555987
1.23303	1	1	5	1030	0.555947
1.23303	1	1	5	1030	0.555907
1.23303	1	1	5	1030	0.555867
1.23303	1	1	5	1030	0.555827
1.23303	1	1	5	1030	0.555787
1.23403	1	1	5	1030	0.556747
1.23403	1	1	5	1030	0.556707
1.23403	1	1	5	1030	0.556667
1.23403	1	1	5	1030	0.556627
1.23403	1	1	5	1030	0.556587
1.23403	1	1	5	1030	0.556547
1.23403	1	1	5	1030	0.556507
1.23403	1	1	5	1030	0.556467
1.23403	1	1	5	1030	0.556427
1.23503	1	1	5	1030	0.557387
1.23503	1	1	5	1030	0.557347
1.23503	1	1	5	1030	0.557307
1.23503	1	1	5	1030	0.557267
1.23503	1	1	5	1030	0.557227
1.23503	1	1	5	1030	0.557187
1.23503	1	1	5	1030	0.557147
1.23503	1	1	5	1030	0.557107
1.23603	1	1	5	1030	0.558067
1.23603	1	1	5	1030	0.558027
1.23603	1	1	5	1030	0.557987
1.23603	1	1	5	1030	0.557947
1.23603	1	1	5	1030	0.557907
1.23603	1	1	5	1030	0.557867
1.23603	1	1	5	1030	0.557827
1.23603	1	1	5	1030	0.557787
1.23703	1	1	5	1030	0.558747
1.23703	1	1	5	1030	0.558707
1.23703	1	1	5	1030	0.558667
1.23703	1	1	5	1030	0.558627
1.23703	1	1	5	1030	0.558587
1.23703	1	1	5	1030	0.558547
1.23703	1	1	5	1030	0.558507
1.23703	1	1	5	1030	0.558467
1.23703	1	1	5	1030	0.558427
1.23803	1	1	5	1030	0.559387
1.23803	1	1	5	1030	0.559347
1.23803	1	1	5	1030	0.559307
1.23803	1	1	5	1030	0.559267
1.23803	1	1	5	1030	0.559227
1.23803	1	1	5	1030	0.559187
1.23803	1	1	5	1030	0.559147
1.23803	1	1	5	1030	0.559107
1.23903	1	1	5	1030	0.560067
1.23903	1	1	5	1030	0.560027
1.23903	1	1	5	1030	0.559987
1.23903	1	1	5	1030	0.559947
1.23903	1	1	5	1030	0.559907
1.23903	1	1	5	1030	0.559867
1.23903	1	1	5	1030	0.559827
1.23903	1	1	5	1030	0.559787
1.23903	1	1	5	1030	0.559747
1.24003	1	1	5	1030	0.560707
1.24003	1	1	5	1030	0.560667
1.24003	1	1	5	1030	0.560627
1.24003	1	1	5	1030	0.560587
1.24003	1	1	5	1030	0.560547
1.24003	1	1	5	1030	0.560507
1.24003	1	1	5	1030	0.560467
1.24003	1	1	5	1030	0.560427
1.24103	1	1	5	1030	0.561387
1.24103	1	1	5	1030	0.561347
1.24103	1	1	5	1030	0.561307
1.24103	1	1	5	1030	0.561267
1.24103	1	1	5	1030	0.561227
1.24103	1	1	5	1030	0.561187
1.24103	1	1	5	1030	0.561147
1.24103	1	1	5	1030	0.561107
1.24103	1	1	5	1030	0.561067
1.24203	1	1	5	1030	0.562027
1.24203	1	1	5	1030	0.561987
1.24203	1	1	5	1030	0.561947
1.24203	1	1	5	1030	0.561907
1.24203	1	1	5	1030	0.561867
1.24203	1	1	5	1030	0.561827
1.24203	1	1	5	1030	0.561787
1.24203	1	1	5	1030	0.561747
1.24303	1	1	5	1030	0.562707
1.24303	1	1	5	1030	0.562667
1.24303	1	1	5	1030	0.562627
1.24303	1	1	5	1030	0.562587
1.24303	1	1	5	1030	0.562547
1.24303	1	1	5	1030	0.562507
1.24303	1	1	5	1030	0.562467
1.24303	1	1	5	1030	0.562427
1.24403	1	1	5	1030	0.563387
1.24403	1	1	5	1030	0.563347
1.24403	1	1	5	1030	0.563307
1.24403	1	1	5	1030	0.563267
1.24403	1	1	5	1030	0.563227
1.24403	1	1	5	1030	0.563187
1.24403	1	1	5	1030	0.563147
1.24403	1	1	5	1030	0.563107
1.24403	1	1	5	1030	0.563067
1.24503	1	1	5	1030	0.564027
1.24503	1	1	5	1030	0.563987
1.24503	1	1	5	1030	0.563947
1.24503	1	1	5	1030	0.563907
1.24503	1	1	5	1030	0.563867
1.24503	1	1	5	1030	0.563827
1.24503	1	1	5	1030	0.563787
1.24503	1	1	5	1030	0.563747
1.24603	1	1	5	1030	0.564707
1.24603	1	1	5	1030	0.564667
1.24603	1	1	5	1030	0.564627
1.24603	1	1	5	1030	0.564587
1.24603	1	1	5	1030	0.564547
1.24603	1	1	5	1030	0.564507
1.24603	1	1	5	1030	0.564467
1.24603	1	1	5	1030	0.564427
1.24603	1	1	5	1030	0.564387
1.24703	1	1	5	1030	0.565347
1.24703	1	1	5	1030	0.565307
1.24703	1	1	5	1030	0.565267
1.24703	1	1	5	1030	0.565227
1.24703	1	1	5	1030	0.565187
1.24703	1	1	5	1030	0.565147
1.24703	1	1	5	1030	0.565107
1.24703	1	1	5	1030	0.565067
1.24803	1	1	5	1030	0.566027
1.24803	1	1	5	1030	0.565987
1.24803	1	1	5	1030	0.565947
1.24803	1	1	5	1030	0.565907
1.24803	1	1	5	1030	0.565867
1.24803	1	1	5	1030	0.565827
1.24803	1	1	5	1030	0.565787
1.24803	1	1	5	1030	0.565747
1.24903	1	1	5	1030	0.566707
1.24903	1	1	5	1030	0.566667
1.24903	1	1	5	1030	0.566627
1.24903	1	1	5	1030	0.566587
1.24903	1	1	5	1030	0.566547
1.24903	1	1	5	1030	0.566507
1.24903	1	1	5	1030	0.566467
1.24903	1	1	5	1030	0.566427
1.24903	1	1	5	1030	0.566387
1.25003	1	1	5	1030	0.567347
1.25003	1	1	5	1030	0.567307
1.25003	1	1	5	1030	0.567267
1.25003	1	1	5	1030	0.567227
1.25003	1	1	5	1030	0.567187
1.25003	1	1	5	1030	0.567147
1.25003	1	1	5	1030	0.567107
1.25003	1	1	5	1030	0.567067
1.25096	1	1	5	1030	0.567955
1.25096	1	1	5	1030	0.567915
1.25096	1	1	5	1030	0.567875
1.25096	1	1	5	1030	0.567835
1.25096	1	1	5	1030	0.567795
1.25096	1	1	5	1030	0.567755
1.25096	1	1	5	1030	0.567715
1.25096	1	1	5	1030	0.567675
1.25203	1	1	5	1030	0.568707
1.25203	1	1	5	1030	0.568667
1.25203	1	1	5	1030	0.568627
1.25203	1	1	5	1030	0.568587
1.25203	1	1	5	1030	0.568547
1.25203	1	1	5	1030	0.568507
1.25203	1	1	5	1030	0.568467
1.25203	1	1	5	1030	0.568427
1.25303	1	1	5	1030	0.569387
1.25303	1	1	5	1030	0.569347
1.25303	1	1	5	1030	0.569307
1.25303	1	1	5	1030	0.569267
1.25303	1	1	5	1030	0.569227
1.25303	1	1	5	1030	0.569187
1.25303	1	1	5	1030	0.569147
1.25303	1	1	5	1030	0.569107
1.25303	1	1	5	1030	0.569067
1.25403	1	1	5	1030	0.570027
1.25403	1	1	5	1030	0.569987
1.25403	1	1	5	1030	0.569947
1.25403	1	1	5	1030	0.569907
1.25403	1	1	5	1030	0.569867
1.25403	1	1	5	1030	0.569827
1.25403	1	1	5	1030	0.569787
1.25403	1	1	5	1030	0.569747
1.25503	1	1	5	1030	0.570707
1.25503	1	1	5	1030	0.570667
1.25503	1	1	5	1030	0.570627
1.25503	1	1	5	1030	0.570587
1.25503	1	1	5	1030	0.570547
1.25503	1	1	5	1030	0.570507
1.25503	1	1	5	1030	0.570467
1.25503	1	1	5	1030	0.570427
1.25503	1	1	5	1030	0.570387
1.25603	1	1	5	1030	0.571347
1.25603	1	1	5	1030	0.571307
1.25603	1	1	5	1030	0.571267
1.25603	1	1	5	1030	0.571227
1.25603	1	1	5	1030	0.571187
1.25603	1	1	5	1030	0.571147
1.25603	1	1	5	1030	0.571107
1.25603	1	1	5	1030	0.571067
1.25703	1	1	5	1030	0.572027
1.25703	1	1	5	1030	0.571987
1.25703	1	1	5	1030	0.571947
1.25703	1	1	5	1030	0.571907
1.25703	1	1	5	1030	0.571867
1.25703	1	1	5	1030	0.571827
1.25703	1	1	5	1030	0.571787
1.25703	1	1	5	1030	0.571747
1.25703	1	1	5	1030	0.571707
1.25803	1	1	5	1030	0.572667
1.25803	1	1	5	1030	0.572627
1.25803	1	1	5	1030	0.572587
1.25803	1	1	5	1030	0.572547
1.25803	1	1	5	1030	0.572507
1.25803	1	1	5	1030	0.572467
1.25803	1	1	5	1030	0.572427
1.25803	1	1	5	1030	0.572387
1.25903	1	1	5	1030	0.573347
1.25903	1	1	5	1030	0.573307
1.25903	1	1	5	1030	0.573267
1.25903	1	1	5	1030	0.573227
1.25903	1	1	5	1030	0.573187
1.25903	1	1	5	1030	0.573147
1.25903	1	1	5	1030	0.573107
1.25903	1	1	5	1030	0.573067
1.26003	1	1	5	1030	0.574027
1.26003	1	1	5	1030	0.573987
1.26003	1	1	5	1030	0.573947
1.26003	1	1	5	1030	0.573907
1.26003	1	1	5	1030	0.573867
1.26003	1	1	5	1030	0.573827
1.26003	1	1	5	1030	0.573787
1.26003	1	1	5	1030	0.573747
1.26003	1	1	5	1030	0.573707
1.26103	1	1	5	1030	0.574667
1.26103	1	1	5	1030	0.574627
1.26103	1	1	5	1030	0.574587
1.26103	1	1	5	1030	0.574547
1.26103	1	1	5	1030	0.574507
1.26103	1	1	5	1030	0.574467
1.26103	1	1	5	1030	0.574427
1.26103	1	1	5	1030	0.574387
1.26203	1	1	5	1030	0.575347
1.26203	1	1	5	1030	0.575307
1.26203	1	1	5	1030	0.575267
1.26203	1	1	5	1030	0.575227
1.26203	1	1	5	1030	0.575187
1.26203	1	1	5	1030	0.575147
1.26203	1	1	5	1030	0.575107
1.26203	1	1	5	1030	0.575067
1.26203	1	1	5	1030	0.575027
1.26303	1	1	5	1030	0.575987
1.26303	1	1	5	1030	0.575947
1.26303	1	1	5	1030	0.575907
1.26303	1	1	5	1030	0.575867
1.26303	1	1	5	1030	0.575827
1.26303	1	1	5	1030	0.575787
1.26303	1	1	5	1030	0.575747
1.26303	1	1	5	1030	0.575707
1.26403	1	1	5	1030	0.576667
1.26403	1	1	5	1030	0.576627
1.26403	1	1	5	1030	0.576587
1.26403	1	1	5	1030	0.576547
1.26403	1	1	5	1030	0.576507
1.26403	1	1	5	1030	0.576467
1.26403	1	1	5	1030	0.576427
1.26403	1	1	5	1030	0.576387
1.26403	1	1	5	1030	0.576347
1.26503	1	1	5	1030	0.577307
1.26503	1	1	5	1030	0.577267
1.26503	1	1	5	1030	0.577227
1.26503	1	1	5	1030	0.577187
1.26503	1	1	5	1030	0.577147
1.26503	1	1	5	1030	0.577107
1.26503	1	1	5	1030	0.577067
1.26503	1	1	5	1030	0.577027
1.26603	1	1	5	1030	0.577987
1.26603	1	1	5	1030	0.577947
1.26603	1	1	5	1030	0.577907
1.26603	1	1	5	1030	0.577867
1.26603	1	1	5	1030	0.577827
1.26603	1	1	5	1030	0.577787
1.26603	1	1	5	1030	0.577747
1.26603	1	1	5	1030	0.577707
1.26703	1	1	5	1030	0.578667
1.26703	1	1	5	1030	0.578627
1.26703	1	1	5	1030	0.578587
1.26703	1	1	5	1030	0.578547
1.26703	1	1	5	1030	0.578507
1.26703	1	1	5	1030	0.578467
1.26703	1	1	5	1030	0.578427
1.26703	1	1	5	1030	0.578387
1.26703	1	1	5	1030	0.578347
1.26803	1	1	5	1030	0.579307
1.26803	1	1	5	1030	0.579267
1.26803	1	1	5	1030	0.579227
1.26803	1	1	5	1030	0.579187
1.26803	1	1	5	1030	0.579147
1.26803	1	1	5	1030	0.579107
1.26803	1	1	5	1030	0.579067
1.26803	1	1	5	1030	0.579027
1.26903	1	1	5	1030	0.579987
1.26903	1	1	5	1030	0.579947
1.26903	1	1	5	1030	0.579907
1.26903	1	1	5	1030	0.579867
1.26903	1	1	5	1030	0.579827
1.26903	1	1	5	1030	0.579787
1.26903	1	1	5	1030	0.579747
1.26903	1	1	5	1030	0.579707
1.26903	1	1	5	1030	0.579667
1.27003	1	1	5	1030	0.580627
1.27003	1	1	5	1030	0.580587
1.27003	1	1	5	1030	0.580547
1.27003	1	1	5	1030	0.580507
1.27003	1	1	5	1030	0.580467
1.27003	1	1	5	1030	0.580427
1.27003	1	1	5	1030	0.580387
1.27003	1	1	5	1030	0.580347
1.27103	1	1	5	1030	0.581307
1.27103	1	1	5	1030	0.581267
1.27103	1	1	5	1030	0.581227
1.27103	1	1	5	1030	0.581187
1.27103	1	1	5	1030	0.581147
1.27103	1	1	5	1030	0.581107
1.27103	1	1	5	1030	0.581067
1.27103	1	1	5	1030	0.581027
1.27203	1	1	5	1030	0.581987
1.27203	1	1	5	1030	0.581947
1.27203	1	1	5	1030	0.581907
1.27203	1	1	5	1030	0.581867
1.27203	1	1	5	1030	0.581827
1.27203	1	1	5	1030	0.581787
1.27203	1	1	5	1030	0.581747
1.27203	1	1	5	1030	0.581707
1.27203	1	1	5	1030	0.581667
1.27303	1	1	5	1030	0.582627
1.27303	1	1	5	1030	0.582587
1.27303	1	1	5	1030	0.582547
1.27303	1	1	5	1030	0.582507
1.27303	1	1	5	1030	0.582467
1.27303	1	1	5	1030	0.582427
1.27303	1	1	5	1030	0.582387
1.27303	1	1	5	1030	0.582347
1.27403	1	1	5	1030	0.583307
1.27403	1	1	5	1030	0.583267
1.27403	1	1	5	1030	0.583227
1.27403	1	1	5	1030	0.583187
1.27403	1	1	5	1030	0.583147
1.27403	1	1	5	1030	0.583107
1.27403	1	1	5	1030	0.583067
1.27403	1	1	5	1030	0.583027
1.27403	1	1	5	1030	0.582987
1.27503	1	1	5	1030	0.583947
1.27503	1	1	5	1030	0.583907
1.27503	1	1	5	1030	0.583867
1.27503	1	1	5	1030	0.583827
1.27503	1	1	5	1030	0.583787
1.27503	1	1	5	1030	0.583747
1.27503	1	1	5	1030	0.583707
1.27503	1	1	5	1030	0.583667
1.27603	1	1	5	1030	0.584627
1.27603	1	1	5	1030	0.584587
1.27603	1	1	5	1030	0.584547
1.27603	1	1	5	1030	0.584507
1.27603	1	1	5	1030	0.584467
1.27603	1	1	5	1030	0.584427
1.27603	1	1	5	1030	0.584387
1.27603	1	1	5	1030	0.584347
1.27603	1	1	5	1030	0.584307
1.27703	1	1	5	1030	0.585267
1.27703	1	1	5	1030	0.585227
1.27703	1	1	5	1030	0.585187
1.27703	1	1	5	1030	0.585147
1.27703	1	1	5	1030	0.585107
1.27703	1	1	5	1030	0.585067
1.27703	1	1	5	1030	0.585027
1.27703	1	1	5	1030	0.584987
1.27803	1	1	5	1030	0.585947
1.27803	1	1	5	1030	0.585907
1.27803	1	1	5	1030	0.585867
1.27803	1	1	5	1030	0.585827
1.27803	1	1	5	1030	0.585787
1.27803	1	1	5	1030	0.585747
1.27803	1	1	5	1030	0.585707
1.27803	1	1	5	1030	0.585667
1.27903	1	1	5	1030	0.586627
1.27903	1	1	5	1030	0.586587
1.27903	1	1	5	1030	0.586547
1.27903	1	1	5	1030	0.586507
1.27903	1	1	5	1030	0.586467
1.27903	1	1	5	1030	0.586427
1.27903	1	1	5	1030	0.586387
1.27903	1	1	5	1030	0.586347
1.27903	1	1	5	1030	0.586307
1.28003	1	1	5	1030	0.587267
1.28003	1	1	5	1030	0.587227
1.28003	1	1	5	1030	0.587187
1.28003	1	1	5	1030	0.587147
1.28003	1	1	5	1030	0.587107
1.28003	1	1	5	1030	0.587067
1.28003	1	1	5	1030	0.587027
1.28003	1	1	5	1030	0.586987
1.28103	1	1	5	1030	0.587947
1.28103	1	1	5	1030	0.587907
1.28103	1	1	5	1030	0.587867
1.28103	1	1	5	1030	0.587827
1.28103	1	1	5	1030	0.587787
1.28103	1	1	5	1030	0.587747
1.28103	1	1	5	1030	0.587707
1.28103	1	1	5	1030	0.587667
1.28103	1	1	5	1030	0.587627
1.28203	1	1	5	1030	0.588587
1.28203	1	1	5	1030	0.588547
1.28203	1	1	5	1030	0.588507
1.28203	1	1	5	1030	0.588467
1.28203	1	1	5	1030	0.588427
1.28203	1	1	5	1030	0.588387
1.28203	1	1	5	1030	0.588347
1.28203	1	1	5	1030	0.588307
1.28303	1	1	5	1030	0.589267
1.28303	1	1	5	1030	0.589227
1.28303	1	1	5	1030	0.589187
1.28303	1	1	5	1030	0.589147
1.28303	1	1	5	1030	0.589107
1.28303	1	1	5	1030	0.589067
1.28303	1	1	5	1030	0.589027
1.28303	1	1	5	1030	0.588987
1.28403	1	1	5	1030	0.589947
1.28403	1	1	5	1030	0.589907
1.28403	1	1	5	1030	0.589867
1.28403	1	1	5	1030	0.589827
1.28403	1	1	5	1030	0.589787
1.28403	1	1	5	1030	0.589747
1.28403	1	1	5	1030	0.589707
1.28403	1	1	5	1030	0.589667
1.28403	1	1	5	1030	0.589627
1.28503	1	1	5	1030	0.590587
1.28503	1	1	5	1030	0.590547
1.28503	1	1	5	1030	0.590507
1.28503	1	1	5	1030	0.590467
1.28503	1	1	5	1030	0.590427
1.28503	1	1	5	1030	0.590387
1.28503	1	1	5	1030	0.590347
1.28503	1	1	5	1030	0.590307
1.28603	1	1	5	1030	0.591267
1.28603	1	1	5	1030	0.591227
1.28603	1	1	5	1030	0.591187
1.28603	1	1	5	1030	0.591147
1.28603	1	1	5	1030	0.591107
1.28603	1	1	5	1030	0.591067
1.28603	1	1	5	1030	0.591027
1.28603	1	1	5	1030	0.590987
1.28603	1	1	5	1030	0.590947
1.28703	1	1	5	1030	0.591907
1.28703	1	1	5	1030	0.591867
1.28703	1	1	5	1030	0.591827
1.28703	1	1	5	1030	0.591787
1.28703	1	1	5	1030	0.591747
1.28703	1	1	5	1030	0.591707
1.28703	1	1	5	1030	0.591667
1.28703	1	1	5	1030	0.591627
1.28803	1	1	5	1030	0.592587
1.28803	1	1	5	1030	0.592547
1.28803	1	1	5	1030	0.592507
1.28803	1	1	5	1030	0.592467
1.28803	1	1	5	1030	0.592427
1.28803	1	1	5	1030	0.592387
1.28803	1	1	5	1030	0.592347
1.28803	1	1	5	1030	0.592307
1.28803	1	1	5	1030	0.592267
1.28903	1	1	5	1030	0.593227
1.28903	1	1	5	1030	0.593187
1.28903	1	1	5	1030	0.593147
1.28903	1	1	5	1030	0.593107
1.28903	1	1	5	1030	0.593067
1.28903	1	1	5	1030	0.593027
1.28903	1	1	5	1030	0.592987
1.28903	1	1	5	1030	0.592947
1.29003	1	1	5	1030	0.593907
1.29003	1	1	5	1030	0.593867
1.29003	1	1	5	1030	0.593827
1.29003	1	1	5	1030	0.593787
1.29003	1	1	5	1030	0.593747
1.29003	1	1	5	1030	0.593707
1.29003	1	1	5	1030	0.593667
1.29003	1	1	5	1030	0.593627
1.29103	1	1	5	1030	0.594587
1.29103	1	1	5	1030	0.594547
1.29103	1	1	5	1030	0.594507
1.29103	1	1	5	1030	0.594467
1.29103	1	1	5	1030	0.594427
1.29103	1	1	5	1030	0.594387
1.29103	1	1	5	1030	0.594347
1.29103	1	1	5	1030	0.594307
1.29103	1	1	5	1030	0.594267
1.29203	1	1	5	1030	0.595227
1.29203	1	1	5	1030	0.595187
1.29203	1	1	5	1030	0.595147
1.29203	1	1	5	1030	0.595107
1.29203	1	1	5	1030	0.595067
1.29203	1	1	5	1030	0.595027
1.29203	1	1	5	1030	0.594987
1.29203	1	1	5	1030	0.594947
1.29303	1	1	5	1030	0.595907
1.29303	1	1	5	1030	0.595867
1.29303	1	1	5	1030	0.595827
1.29303	1	1	5	1030	0.595787
1.29303	1	1	5	1030	0.595747
1.29303	1	1	5	1030	0.595707
1.29303	1	1	5	1030	0.595667
1.29303	1	1	5	1030	0.595627
1.29303	1	1	5	1030	0.595587
1.29403	1	1	5	1030	0.596547
1.29403	1	1	5	1030	0.596507
1.29403	1	1	5	1030	0.596467
1.29403	1	1	5	1030	0.596427
1.29403	1	1	5	1030	0.596387
1.29403	1	1	5	1030	0.596347
1.29403	1	1	5	1030	0.596307
1.29403	1	1	5	1030	0.596267
1.29503	1	1	5	1030	0.597227
1.29503	1	1	5	1030	0.597187
1.29503	1	1	5	1030	0.597147
1.29503	1	1	5	1030	0.597107
1.29503	1	1	5	1030	0.597067
1.29503	1	1	5	1030	0.597027
1.29503	1	1	5	1030	0.596987
1.29503	1	1	5	1030	0.596947
1.29503	1	1	5	1030	0.596907
1.29603	1	1	5	1030	0.597867
1.29603	1	1	5	1030	0.597827
1.29603	1	1	5	1030	0.597787
1.29603	1	1	5	1030	0.597747
1.29603	1	1	5	1030	0.597707
1.29603	1	1	5	1030	0.597667
1.29603	1	1	5	1030	0.597627
1.29603	1	1	5	1030	0.597587
1.29703	1	1	5	1030	0.598547
1.29703	1	1	5	1030	0.598507
1.29703	1	1	5	1030	0.598467
1.29703	1	1	5	1030	0.598427
1.29703	1	1	5	1030	0.598387
1.29703	1	1	5	1030	0.598347
1.29703	1	1	5	1030	0.598307
1.29703	1	1	5	1030	0.598267
1.29803	1	1	5	1030	0.599227
1.29803	1	1	5	1030	0.599187
1.29803	1	1	5	1030	0.599147
1.29803	1	1	5	1030	0.599107
1.29803	1	1	5	1030	0.599067
1.29803	1	1	5	1030	0.599027
1.29803	1	1	5	1030	0.598987
1.29803	1	1	5	1030	0.598947
1.29803	1	1	5	1030	0.598907
1.29903	1	1	5	1030	0.599867
1.29903	1	1	5	1030	0.599827
1.29903	1	1	5	1030	0.599787
1.29903	1	1	5	1030	0.599747
1.29903	1	1	5	1030	0.599707
1.29903	1	1	5	1030	0.599667
1.29903	1	1	5	1030	0.599627
1.29903	1	1	5	1030	0.599587
1.30003	1	1	5	1030	0.600547
1.30003	1	1	5	1030	0.600507
1.30003	1	1	5	1030	0.600467
1.30003	1	1	5	1030	0.600427
1.30003	1	1	5	1030	0.600387
1.30003	1	1	5	1030	0.600347
1.30003	1	1	5	1030	0.600307
1.30003	1	1	5	1030	0.600267
1.30003	1	1	5	1030	0.600227
1.30103	1	1	5	1030	0.601187
1.30103	1	1	5	1030	0.601147
1.30103	1	1	5	1030	0.601107
1.30103	1	1	5	1030	0.601067
1.30103	1	1	5	1030	0.601027
1.30103	1	1	5	1030	0.600987
1.30103	1	1	5	1030	0.600947
1.30103	1	1	5	1030	0.600907
1.30203	1	1	5	1030	0.601867
1.30203	1	1	5	1030	0.601827
1.30203	1	1	5	1030	0.601787
1.30203	1	1	5	1030	0.601747
1.30203	1	1	5	1030	0.601707
1.30203	1	1	5	1030	0.601667
1.30203	1	1	5	1030	0.601627
1.30203	1	1	5	1030	0.601587
1.30303	1	1	5	1030	0.602547
1.30303	1	1	5	1030	0.602507
1.30303	1	1	5	1030	0.602467
1.30303	1	1	5	1030	0.602427
1.30303	1	1	5	1030	0.602387
1.30303	1	1	5	1030	0.602347
1.30303	1	1	5	1030	0.602307
1.30303	1	1	5	1030	0.602267
1.30303	1	1	5	1030	0.602227
1.30403	1	1	5	1030	0.603187
1.30403	1	1	5	1030	0.603147
1.30403	1	1	5	1030	0.603107
1.30403	1	1	5	1030	0.603067
1.30403	1	1	5	1030	0.603027
1.30403	1	1	5	1030	0.602987
1.30403	1	1	5	1030	0.602947
1.30403	1	1	5	1030	0.602907
1.30503	1	1	5	1030	0.603867
1.30503	1	1	5	1030	0.603827
1.30503	1	1	5	1030	0.603787
1.30503	1	1	5	1030	0.603747
1.30503	1	1	5	1030	0.603707
1.30503	1	1	5	1030	0.603667
1.30503	1	1	5	1030	0.603627
1.30503	1	1	5	1030	0.603587
1.30503	1	1	5	1030	0.603547
1.30603	1	1	5	1030	0.604507
1.30603	1	1	5	1030	0.604467
1.30603	1	1	5	1030	0.604427
1.30603	1	1	5	1030	0.604387
1.30603	1	1	5	1030	0.604347
1.30603	1	1	5	1030	0.604307
1.30603	1	1	5	1030	0.604267
1.30603	1	1	5	1030	0.604227
1.30703	1	1	5	1030	0.605187
1.30703	1	1	5	1030	0.605147
1.30703	1	1	5	1030	0.605107
1.30703	1	1	5	1030	0.605067
1.30703	1	1	5	1030	0.605027
1.30703	1	1	5	1030	0.604987
1.30703	1	1	5	1030	0.604947
1.30703	1	1	5	1030	0.604907
1.30703	1	1	5	1030	0.604867
1.30803	1	1	5	1030	0.605827
1.30803	1	1	5	1030	0.605787
1.30803	1	1	5	1030	0.605747
1.30803	1	1	5	1030	0.605707
1.30803	1	1	5	1030	0.605667
1.30803	1	1	5	1030	0.605627
1.30803	1	1	5	1030	0.605587
1.30803	1	1	5	1030	0.605547
1.30903	1	1	5	1030	0.606507
1.30903	1	1	5	1030	0.606467
1.30903	1	1	5	1030	0.606427
1.30903	1	1	5	1030	0.606387
1.30903	1	1	5	1030	0.606347
1.30903	1	1	5	1030	0.606307
1.30903	1	1	5	1030	0.606267
1.30903	1	1	5	1030	0.606227
1.31003	1	1	5	1030	0.607187
1.31003	1	1	5	1030	0.607147
1.31003	1	1	5	1030	0.607107
1.31003	1	1	5	1030	0.607067
1.31003	1	1	5	1030	0.607027
1.31003	1	1	5	1030	0.606987
1.31003	1	1	5	1030	0.606947
1.31003	1	1	5	1030	0.606907
1.31003	1	1	5	1030	0.606867
1.31103	1	1	5	1030	0.607827
1.31103	1	1	5	1030	0.607787
1.31103	1	1	5	1030	0.607747
1.31103	1	1	5	1030	0.607707
1.31103	1	1	5	1030	0.607667
1.31103	1	1	5	1030	0.607627
1.31103	1	1	5	1030	0.607587
1.31103	1	1	5	1030	0.607547
1.31203	1	1	5	1030	0.608507
1.31203	1	1	5	1030	0.608467
1.31203	1	1	5	1030	0.608427
1.31203	1	1	5	1030	0.608387
1.31203	1	1	5	1030	0.608347
1.31203	1	1	5	1030	0.608307
1.31203	1	1	5	1030	0.608267
1.31203	1	1	5	1030	0.608227
1.31203	1	1	5	1030	0.608187
1.31303	1	1	5	1030	0.609147
1.31303	1	1	5	1030	0.609107
1.31303	1	1	5	1030	0.609067
1.31303	1	1	5	1030	0.609027
1.31303	1	1	5	1030	0.608987
1.31303	1	1	5	1030	0.608947
1.31303	1	1	5	1030	0.608907
1.31303	1	1	5	1030	0.608867
1.31403	1	1	5	1030	0.609827
1.31403	1	1	5	1030	0.609787
1.31403	1	1	5	1030	0.609747
1.31403	1	1	5	1030	0.609707
1.31403	1	1	5	1030	0.609667
1.31403	1	1	5	1030	0.609627
1.31403	1	1	5	1030	0.609587
1.31403	1	1	5	1030	0.609547
1.31403	1	1	5	1030	0.609507
1.31503	1	1	5	1030	0.610467
1.31503	1	1	5	1030	0.610427
1.31503	1	1	5	1030	0.610387
1.31503	1	1	5	1030	0.610347
1.31503	1	1	5	1030	0.610307
1.31503	1	1	5	1030	0.610267
1.31503	1	1	5	1030	0.610227
1.31503	1	1	5	1030	0.610187
1.31603	1	1	5	1030	0.611147
1.31603	1	1	5	1030	0.611107
1.31603	1	1	5	1030	0.611067
1.31603	1	1	5	1030	0.611027
1.31603	1	1	5	1030	0.610987
1.31603	1	1	5	1030	0.610947
1.31603	1	1	5	1030	0.610907
1.31603	1	1	5	1030	0.610867
1.31703	1	1	5	1030	0.611827
1.31703	1	1	5	1030	0.611787
1.31703	1	1	5	1030	0.611747
1.31703	1	1	5	1030	0.611707
1.31703	1	1	5	1030	0.611667
1.31703	1	1	5	1030	0.611627
1.31703	1	1	5	1030	0.611587
1.31703	1	1	5	1030	0.611547
1.31703	1	1	5	1030	0.611507
1.31803	1	1	5	1030	0.612467
1.31803	1	1	5	1030	0.612427
1.31803	1	1	5	1030	0.612387
1.31803	1	1	5	1030	0.612347
1.31803	1	1	5	1030	0.612307
1.31803	1	1	5	1030	0.612267
1.31803	1	1	5	1030	0.612227
1.31803	1	1	5	1030	0.612187
1.31903	1	1	5	1030	0.613147
1.31903	1	1	5	1030	0.613107
1.31903	1	1	5	1030	0.613067
1.31903	1	1	5	1030	0.613027
1.31903	1	1	5	1030	0.612987
1.31903	1	1	5	1030	0.612947
1.31903	1	1	5	1030	0.612907
1.31903	1	1	5	1030	0.612867
1.31903	1	1	5	1030	0.612827
1.32003	1	1	5	1030	0.613787
1.32003	1	1	5	1030	0.613747
1.32003	1	1	5	1030	0.613707
1.32003	1	1	5	1030	0.613667
1.32003	1	1	5	1030	0.613627
1.32003	1	1	5	1030	0.613587
1.32003	1	1	5	1030	0.613547
1.32003	1	1	5	1030	0.613507
1.32103	1	1	5	1030	0.614467
1.32103	1	1	5	1030	0.614427
1.32103	1	1	5	1030	0.614387
1.32103	1	1	5	1030	0.614347
1.32103	1	1	5	1030	0.614307
1.32103	1	1	5	1030	0.614267
1.32103	1	1	5	1030	0.614227
1.32103	1	1	5	1030	0.614187
1.32203	1	1	5	1030	0.615147
1.32203	1	1	5	1030	0.615107
1.32203	1	1	5	1030	0.615067
1.32203	1	1	5	1030	0.615027
1.32203	1	1	5	1030	0.614987
1.32203	1	1	5	1030	0.614947
1.32203	1	1	5	1030	0.614907
1.32203	1	1	5	1030	0.614867
1.32203	1	1	5	1030	0.614827
1.32303	1	1	5	1030	0.615787
1.32303	1	1	5	1030	0.615747
1.32303	1	1	5	1030	0.615707
1.32303	1	1	5	1030	0.615667
1.32303	1	1	5	1030	0.615627
1.32303	1	1	5	1030	0.615587
1.32303	1	1	5	1030	0.615547
1.32303	1	1	5	1030	0.615507
1.32403	1	1	5	1030	0.616467
1.32403	1	1	5	1030	0.616427
1.32403	1	1	5	1030	0.616387
1.32403	1	1	5	1030	0.616347
1.32403	1	1	5	1030	0.616307
1.32403	1	1	5	1030	0.616267
1.32403	1	1	5	1030	0.616227
1.32403	1	1	5	1030	0.616187
1.32403	1	1	5	1030	0.616147
1.32503	1	1	5	1030	0.617107
1.32503	1	1	5	1030	0.617067
1.32503	1	1	5	1030	0.617027
1.32503	1	1	5	1030	0.616987
1.32503	1	1	5	1030	0.616947
1.32503	1	1	5	1030	0.616907
1.32503	1	1	5	1030	0.616867
1.32503	1	1	5	1030	0.616827
1.32603	1	1	5	1030	0.617787
1.32603	1	1	5	1030	0.617747
1.32603	1	1	5	1030	0.617707
1.32603	1	1	5	1030	0.617667
1.32603	1	1	5	1030	0.617627
1.32603	1	1	5	1030	0.617587
1.32603	1	1	5	1030	0.617547
1.32603	1	1	5	1030	0.617507
1.32603	1	1	5	1030	0.617467
1.32703	1	1	5	1030	0.618427
1.32703	1	1	5	1030	0.618387
1.32703	1	1	5	1030	0.618347
1.32703	1	1	5	1030	0.618307
1.32703	1	1	5	1030	0.618267
1.32703	1	1	5	1030	0.618227
1.32703	1	1	5	1030	0.618187
1.32703	1	1	5	1030	0.618147
1.32803	1	1	5	1030	0.619107
1.32803	1	1	5	1030	0.619067
1.32803	1	1	5	1030	0.619027
1.32803	1	1	5	1030	0.618987
1.32803	1	1	5	1030	0.618947
1.32803	1	1	5	1030	0.618907
1.32803	1	1	5	1030	0.618867
1.32803	1	1	5	1030	0.618827
1.32903	1	1	5	1030	0.619787
1.32903	1	1	5	1030	0.619747
1.32903	1	1	5	1030	0.619707
1.32903	1	1	5	1030	0.619667
1.32903	1	1	5	1030	0.619627
1.32903	1	1	5	1030	0.619587
1.32903	1	1	5	1030	0.619547
1.32903	1	1	5	1030	0.619507
1.32903	1	1	5	1030	0.619467
1.33003	1	1	5	1030	0.620427
1.33003	1	1	5	1030	0.620387
1.33003	1	1	5	1030	0.620347
1.33003	1	1	5	1030	0.620307
1.33003	1	1	5	1030	0.620267
1.33003	1	1	5	1030	0.620227
1.33003	1	1	5	1030	0.620187
1.33003	1	1	5	1030	0.620147
1.33096	1	1	5	1030	0.621035
1.33096	1	1	5	1030	0.620995
1.33096	1	1	5	1030	0.620955
1.33096	1	1	5	1030	0.620915
1.33096	1	1	5	1030	0.620875
1.33096	1	1	5	1030	0.620835
1.33096	1	1	5	1030	0.620795
1.33096	1	1	5	1030	0.620755
1.33203	1	1	5	1030	0.621787
1.33203	1	1	5	1030	0.621747
1.33203	1	1	5	1030	0.621707
1.33203	1	1	5	1030	0.621667
1.33203	1	1	5	1030	0.621627
1.33203	1	1	5	1030	0.621587
1.33203	1	1	5	1030	0.621547
1.33203	1	1	5	1030	0.621507
1.33303	1	1	5	1030	0.622467
1.33303	1	1	5	1030	0.622427
1.33303	1	1	5	1030	0.622387
1.33303	1	1	5	1030	0.622347
1.33303	1	1	5	1030	0.622307
1.33303	1	1	5	1030	0.622267
1.33303	1	1	5	1030	0.622227
1.33303	1	1	5	1030	0.622187
1.33303	1	1	5	1030	0.622147
1.33403	1	1	5	1030	0.623107
1.33403	1	1	5	1030	0.623067
1.33403	1	1	5	1030	0.623027
1.33403	1	1	5	1030	0.622987
1.33403	1	1	5	1030	0.622947
1.33403	1	1	5	1030	0.622907
1.33403	1	1	5	1030	0.622867
1.33403	1	1	5	1030	0.622827
1.33503	1	1	5	1030	0.623787
1.33503	1	1	5	1030	0.623747
1.33503	1	1	5	1030	0.623707
1.33503	1	1	5	1030	0.623667
1.33503	1	1	5	1030	0.623627
1.33503	1	1	5	1030	0.623587
1.33503	1	1	5	1030	0.623547
1.33503	1	1	5	1030	0.623507
1.33503	1	1	5	1030	0.623467
1.33603	1	1	5	1030	0.624427
1.33603	1	1	5	1030	0.624387
1.33603	1	1	5	1030	0.624347
1.33603	1	1	5	1030	0.624307
1.33603	1	1	5	1030	0.624267
1.33603	1	1	5	1030	0.624227
1.33603	1	1	5	1030	0.624187
1.33603	1	1	5	1030	0.624147
1.33703	1	1	5	1030	0.625107
1.33703	1	1	5	1030	0.625067
1.33703	1	1	5	1030	0.625027
1.33703	1	1	5	1030	0.624987
1.33703	1	1	5	1030	0.624947
1.33703	1	1	5	1030	0.624907
1.33703	1	1	5	1030	0.624867
1.33703	1	1	5	1030	0.624827
1.33703	1	1	5	1030	0.624787
1.33803	1	1	5	1030	0.625747
1.33803	1	1	5	1030	0.625707
1.33803	1	1	5	1030	0.625667
1.33803	1	1	5	1030	0.625627
1.33803	1	1	5	1030	0.625587
1.33803	1	1	5	1030	0.625547
1.33803	1	1	5	1030	0.625507
1.33803	1	1	5	1030	0.625467
1.33903	1	1	5	1030	0.626427
1.33903	1	1	5	1030	0.626387
1.33903	1	1	5	1030	0.626347
1.33903	1	1	5	1030	0.626307
1.33903	1	1	5	1030	0.626267
1.33903	1	1	5	1030	0.626227
1.33903	1	1	5	1030	0.626187
1.33903	1	1	5	1030	0.626147
1.34003	1	1	5	1030	0.627107
1.34003	1	1	5	1030	0.627067
1.34003	1	1	5	1030	0.627027
1.34003	1	1	5	1030	0.626987
1.34003	1	1	5	1030	0.626947
1.34003	1	1	5	1030	0.626907
1.34003	1	1	5	1030	0.626867
1.34003	1	1	5	1030	0.626827
1.34003	1	1	5	1030	0.626787
1.34103	1	1	5	1030	0.627747
1.34103	1	1	5	1030	0.627707
1.34103	1	1	5	1030	0.627667
1.34103	1	1	5	1030	0.627627
1.34103	1	1	5	1030	0.627587
1.34103	1	1	5	1030	0.627547
1.34103	1	1	5	1030	0.627507
1.34103	1	1	5	1030	0.627467
1.34203	1	1	5	1030	0.628427
1.34203	1	1	5	1030	0.628387
1.34203	1	1	5	1030	0.628347
1.34203	1	1	5	1030	0.628307
1.34203	1	1	5	1030	0.628267
1.34203	1	1	5	1030	0.628227
1.34203	1	1	5	1030	0.628187
1.34203	1	1	5	1030	0.628147
1.34203	1	1	5	1030	0.628107
1.34303	1	1	5	1030	0.629067
1.34303	1	1	5	1030	0.629027
1.34303	1	1	5	1030	0.628987
1.34303	1	1	5	1030	0.628947
1.34303	1	1	5	1030	0.628907
1.34303	1	1	5	1030	0.628867
1.34303	1	1	5	1030	0.628827
1.34303	1	1	5	1030	0.628787
1.34403	1	1	5	1030	0.629747
1.34403	1	1	5	1030	0.629707
1.34403	1	1	5	1030	0.629667
1.34403	1	1	5	1030	0.629627
1.34403	1	1	5	1030	0.629587
1.34403	1	1	5	1030	0.629547
1.34403	1	1	5	1030	0.629507
1.34403	1	1	5	1030	0.629467
1.34503	1	1	5	1030	0.630427
1.34503	1	1	5	1030	0.630387
1.34503	1	1	5	1030	0.630347
1.34503	1	1	5	1030	0.630307
1.34503	1	1	5	1030	0.630267
1.34503	1	1	5	1030	0.630227
1.34503	1	1	5	1030	0.630187
1.34503	1	1	5	1030	0.630147
1.34503	1	1	5	1030	0.630107
1.34603	1	1	5	1030	0.631067
1.34603	1	1	5	1030	0.631027
1.34603	1	1	5	1030	0.630987
1.34603	1	1	5	1030	0.630947
1.34603	1	1	5	1030	0.630907
1.34603	1	1	5	1030	0.630867
1.34603	1	1	5	1030	0.630827
1.34603	1	1	5	1030	0.630787
1.34703	1	1	5	1030	0.631747
1.34703	1	1	5	1030	0.631707
1.34703	1	1	5	1030	0.631667
1.34703	1	1	5	1030	0.631627
1.34703	1	1	5	1030	0.631587
1.34703	1	1	5	1030	0.631547
1.34703	1	1	5	1030	0.631507
1.34703	1	1	5	1030	0.631467
1.34703	1	1	5	1030	0.631427
1.34803	1	1	5	1030	0.632387
1.34803	1	1	5	1030	0.632347
1.34803	1	1	5	1030	0.632307
1.34803	1	1	5	1030	0.632267
1.34803	1	1	5	1030	0.632227
1.34803	1	1	5	1030	0.632187
1.34803	1	1	5	1030	0.632147
1.34803	1	1	5	1030	0.632107
1.34903	1	1	5	1030	0.633067
1.34903	1	1	5	1030	0.633027
1.34903	1	1	5	1030	0.632987
1.34903	1	1	5	1030	0.632947
1.34903	1	1	5	1030	0.632907
1.34903	1	1	5	1030	0.632867
1.34903	1	1	5	1030	0.632827
1.34903	1	1	5	1030	0.632787
1.34903	1	1	5	1030	0.632747
1.35003	1	1	5	1030	0.633707
1.35003	1	1	5	1030	0.633667
1.35003	1	1	5	1030	0.633627
1.35003	1	1	5	1030	0.633587
1.35003	1	1	5	1030	0.633547
1.35003	1	1	5	1030	0.633507
1.35003	1	1	5	1030	0.633467
1.35003	1	1	5	1030	0.633427
1.35103	1	1	5	1030	0.634387
1.35103	1	1	5	1030	0.634347
1.35103	1	1	5	1030	0.634307
1.35103	1	1	5	1030	0.634267
1.35103	1	1	5	1030	0.634227
1.35103	1	1	5	1030	0.634187
1.35103	1	1	5	1030	0.634147
1.35103	1	1	5	1030	0.634107
1.35203	1	1	5	1030	0.635067
1.35203	1	1	5	1030	0.635027
1.35203	1	1	5	1030	0.634987
1.35203	1	1	5	1030	0.634947
1.35203	1	1	5	1030	0.634907
1.35203	1	1	5	1030	0.634867
1.35203	1	1	5	1030	0.634827
1.35203	1	1	5	1030	0.634787
1.35203	1	1	5	1030	0.634747
1.35303	1	1	5	1030	0.635707
1.35303	1	1	5	1030	0.635667
1.35303	1	1	5	1030	0.635627
1.35303	1	1	5	1030	0.635587
1.35303	1	1	5	1030	0.635547
1.35303	1	1	5	1030	0.635507
1.35303	1	1	5	1030	0.635467
1.35303	1	1	5	1030	0.635427
1.35403	1	1	5	1030	0.636387
1.35403	1	1	5	1030	0.636347
1.35403	1	1	5	1030	0.636307
1.35403	1	1	5	1030	0.636267
1.35403	1	1	5	1030	0.636227
1.35403	1	1	5	1030	0.636187
1.35403	1	1	5	1030	0.636147
1.35403	1	1	5	1030	0.636107
1.35403	1	1	5	1030	0.636067
1.35503	1	1	5	1030	0.637027
1.35503	1	1	5	1030	0.636987
1.35503	1	1	5	1030	0.636947
1.35503	1	1	5	1030	0.636907
1.35503	1	1	5	1030	0.636867
1.35503	1	1	5	1030	0.636827
1.35503	1	1	5	1030	0.636787
1.35503	1	1	5	1030	0.636747
1.35603	1	1	5	1030	0.637707
1.35603	1	1	5	1030	0.637667
1.35603	1	1	5	1030	0.637627
1.35603	1	1	5	1030	0.637587
1.35603	1	1	5	1030	0.637547
1.35603	1	1	5	1030	0.637507
1.35603	1	1	5	1030	0.637467
1.35603	1	1	5	1030	0.637427
1.35703	1	1	5	1030	0.638387
1.35703	1	1	5	1030	0.638347
1.35703	1	1	5	1030	0.638307
1.35703	1	1	5	1030	0.638267
1.35703	1	1	5	1030	0.638227
1.35703	1	1	5	1030	0.638187
1.35703	1	1	5	1030	0.638147
1.35703	1	1	5	1030	0.638107
1.35703	1	1	5	1030	0.638067
1.35803	1	1	5	1030	0.639027
1.35803	1	1	5	1030	0.638987
1.35803	1	1	5	1030	0.638947
1.35803	1	1	5	1030	0.638907
1.35803	1	1	5	1030	0.638867
1.35803	1	1	5	1030	0.638827
1.35803	1	1	5	1030	0.638787
1.35803	1	1	5	1030	0.638747
1.35903	1	1	5	1030	0.639707
1.35903	1	1	5	1030	0.639667
1.35903	1	1	5	1030	0.639627
1.35903	1	1	5	1030	0.639587
1.35903	1	1	5	1030	0.639547
1.35903	1	1	5	1030	0.639507
1.35903	1	1	5	1030	0.639467
1.35903	1	1	5	1030	0.639427
1.35903	1	1	5	1030	0.639387
1.36003	1	1	5	1030	0.640347
1.36003	1	1	5	1030	0.640307
1.36003	1	1	5	1030	0.640267
1.36003	1	1	5	1030	0.640227
1.36003	1	1	5	1030	0.640187
1.36003	1	1	5	1030	0.640147
1.36003	1	1	5	1030	0.640107
1.36003	1	1	5	1030	0.640067
1.36103	1	1	5	1030	0.641027
1.36103	1	1	5	1030	0.640987
1.36103	1	1	5	1030	0.640947
1.36103	1	1	5	1030	0.640907
1.36103	1	1	5	1030	0.640867
1.36103	1	1	5	1030	0.640827
1.36103	1	1	5	1030	0.640787
1.36103	1	1	5	1030	0.640747
1.36103	1	1	5	1030	0.640707
1.36203	1	1	5	1030	0.641667
1.36203	1	1	5	1030	0.641627
1.36203	1	1	5	1030	0.641587
1.36203	1	1	5	1030	0.641547
1.36203	1	1	5	1030	0.641507
1.36203	1	1	5	1030	0.641467
1.36203	1	1	5	1030	0.641427
1.36203	1	1	5	1030	0.641387
1.36303	1	1	5	1030	0.642347
1.36303	1	1	5	1030	0.642307
1.36303	1	1	5	1030	0.642267
1.36303	1	1	5	1030	0.642227
1.36303	1	1	5	1030	0.642187
1.36303	1	1	5	1030	0.642147
1.36303	1	1	5	1030	0.642107
1.36303	1	1	5	1030	0.642067
1.36403	1	1	5	1030	0.643027
1.36403	1	1	5	1030	0.642987
1.36403	1	1	5	1030	0.642947
1.36403	1	1	5	1030	0.642907
1.36403	1	1	5	1030	0.642867
1.36403	1	1	5	1030	0.642827
1.36403	1	1	5	1030	0.642787
1.36403	1	1	5	1030	0.642747
1.36403	1	1	5	1030	0.642707
1.36503	1	1	5	1030	0.643667
1.36503	1	1	5	1030	0.643627
1.36503	1	1	5	1030	0.643587
1.36503	1	1	5	1030	0.643547
1.36503	1	1	5	1030	0.643507
1.36503	1	1	5	1030	0.643467
1.36503	1	1	5	1030	0.643427
1.36503	1	1	5	1030	0.643387
1.36603	1	1	5	1030	0.644347
1.36603	1	1	5	1030	0.644307
1.36603	1	1	5	1030	0.644267
1.36603	1	1	5	1030	0.644227
1.36603	1	1	5	1030	0.644187
1.36603	1	1	5	1030	0.644147
1.36603	1	1	5	1030	0.644107
1.36603	1	1	5	1030	0.644067
1.36603	1	1	5	1030	0.644027
1.36703	1	1	5	1030	0.644987
1.36703	1	1	5	1030	0.644947
1.36703	1	1	5	1030	0.644907
1.36703	1	1	5	1030	0.644867
1.36703	1	1	5	1030	0.644827
1.36703	1	1	5	1030	0.644787
1.36703	1	1	5	1030	0.644747
1.36703	1	1	5	1030	0.644707
1.36803	1	1	5	1030	0.645667
1.36803	1	1	5	1030	0.645627
1.36803	1	1	5	1030	0.645587
1.36803	1	1	5	1030	0.645547
1.36803	1	1	5	1030	0.645507
1.36803	1	1	5	1030	0.645467
1.36803	1	1	5	1030	0.645427
1.36803	1	1	5	1030	0.645387
1.36803	1	1	5	1030	0.645347
1.36903	1	1	5	1030	0.646307
1.36903	1	1	5	1030	0.646267
1.36903	1	1	5	1030	0.646227
1.36903	1	1	5	1030	0.646187
1.36903	1	1	5	1030	0.646147
1.36903	1	1	5	1030	0.646107
1.36903	1	1	5	1030	0.646067
1.36903	1	1	5	1030	0.646027
1.37003	1	1	5	1030	0.646987
1.37003	1	1	5	1030	0.646947
1.37003	1	1	5	1030	0.646907
1.37003	1	1	5	1030	0.646867
1.37003	1	1	5	1030	0.646827
1.37003	1	1	5	1030	0.646787
1.37003	1	1	5	1030	0.646747
1.37003	1	1	5	1030	0.646707
1.37103	1	1	5	1030	0.647667
1.37103	1	1	5	1030	0.647627
1.37103	1	1	5	1030	0.647587
1.37103	1	1	5	1030	0.647547
1.37103	1	1	5	1030	0.647507
1.37103	1	1	5	1030	0.647467
1.37103	1	1	5	1030	0.647427
1.37103	1	1	5	1030	0.647387
1.37103	1	1	5	1030	0.647347
1.37203	1	1	5	1030	0.648307
1.37203	1	1	5	1030	0.648267
1.37203	1	1	5	1030	0.648227
1.37203	1	1	5	1030	0.648187
1.37203	1	1	5	1030	0.648147
1.37203	1	1	5	1030	0.648107
1.37203	1	1	5	1030	0.648067
1.37203	1	1	5	1030	0.648027
1.37303	1	1	5	1030	0.648987
1.37303	1	1	5	1030	0.648947
1.37303	1	1	5	1030	0.648907
1.37303	1	1	5	1030	0.648867
1.37303	1	1	5	1030	0.648827
1.37303	1	1	5	1030	0.648787
1.37303	1	1	5	1030	0.648747
1.37303	1	1	5	1030	0.648707
1.37303	1	1	5	1030	0.648667
1.37403	1	1	5	1030	0.649627
1.37403	1	1	5	1030	0.649587
1.37403	1	1	5	1030	0.649547
1.37403	1	1	5	1030	0.649507
1.37403	1	1	5	1030	0.649467
1.37403	1	1	5	1030	0.649427
1.37403	1	1	5	1030	0.649387
1.37403	1	1	5	1030	0.649347
1.37503	1	1	5	1030	0.650307
1.37503	1	1	5	1030	0.650267
1.37503	1	1	5	1030	0.650227
1.37503	1	1	5	1030	0.650187
1.37503	1	1	5	1030	0.650147
1.37503	1	1	5	1030	0.650107
1.37503	1	1	5	1030	0.650067
1.37503	1	1	5	1030	0.650027
1.37603	1	1	5	1030	0.650987
1.37603	1	1	5	1030	0.650947
1.37603	1	1	5	1030	0.650907
1.37603	1	1	5	1030	0.650867
1.37603	1	1	5	1030	0.650827
1.37603	1	1	5	1030	0.650787
1.37603	1	1	5	1030	0.650747
1.37603	1	1	5	1030	0.650707
1.37603	1	1	5	1030	0.650667
1.37703	1	1	5	1030	0.651627
1.37703	1	1	5	1030	0.651587
1.37703	1	1	5	1030	0.651547
1.37703	1	1	5	1030	0.651507
1.37703	1	1	5	1030	0.651467
1.37703	1	1	5	1030	0.651427
1.37703	1	1	5	1030	0.651387
1.37703	1	1	5	1030	0.651347
1.37803	1	1	5	1030	0.652307
1.37803	1	1	5	1030	0.652267
1.37803	1	1	5	1030	0.652227
1.37803	1	1	5	1030	0.652187
1.37803	1	1	5	1030	0.652147
1.37803	1	1	5	1030	0.652107
1.37803	1	1	5	1030	0.652067
1.37803	1	1	5	1030	0.652027
1.37803	1	1	5	1030	0.651987
1.37903	1	1	5	1030	0.652947
1.37903	1	1	5	1030	0.652907
1.37903	1	1	5	1030	0.652867
1.37903	1	1	5	1030	0.652827
1.37903	1	1	5	1030	0.652787
1.37903	1	1	5	1030	0.652747
1.37903	1	1	5	1030	0.652707
1.37903	1	1	5	1030	0.652667
1.38003	1	1	5	1030	0.653627
1.38003	1	1	5	1030	0.653587
1.38003	1	1	5	1030	0.653547
1.38003	1	1	5	1030	0.653507
1.38003	1	1	5	1030	0.653467
1.38003	1	1	5	1030	0.653427
1.38003	1	1	5	1030	0.653387
1.38003	1	1	5	1030	0.653347
1.38003	1	1	5	1030	0.653307
1.38103	1	1	5	1030	0.654267
1.38103	1	1	5	1030	0.654227
1.38103	1	1	5	1030	0.654187
1.38103	1	1	5	1030	0.654147
1.38103	1	1	5	1030	0.654107
1.38103	1	1	5	1030	0.654067
1.38103	1	1	5	1030	0.654027
1.38103	1	1	5	1030	0.653987
1.38203	1	1	5	1030	0.654947
1.38203	1	1	5	1030	0.654907
1.38203	1	1	5	1030	0.654867
1.38203	1	1	5	1030	0.654827
1.38203	1	1	5	1030	0.654787
1.38203	1	1	5	1030	0.654747
1.38203	1	1	5	1030	0.654707
1.38203	1	1	5	1030	0.654667
1.38303	1	1	5	1030	0.655627
1.38303	1	1	5	1030	0.655587
1.38303	1	1	5	1030	0.655547
1.38303	1	1	5	1030	0.655507
1.38303	1	1	5	1030	0.655467
1.38303	1	1	5	1030	0.655427
1.38303	1	1	5	1030	0.655387
1.38303	1	1	5	1030	0.655347
1.38303	1	1	5	1030	0.655307
1.38403	1	1	5	1030	0.656267
1.38403	1	1	5	1030	0.656227
1.38403	1	1	5	1030	0.656187
1.38403	1	1	5	1030	0.656147
1.38403	1	1	5	1030	0.656107
1.38403	1	1	5	1030	0.656067
1.38403	1	1	5	1030	0.656027
1.38403	1	1	5	1030	0.655987
1.38503	1	1	5	1030	0.656947
1.38503	1	1	5	1030	0.656907
1.38503	1	1	5	1030	0.656867
1.38503	1	1	5	1030	0.656827
1.38503	1	1	5	1030	0.656787
1.38503	1	1	5	1030	0.656747
1.38503	1	1	5	1030	0.656707
1.38503	1	1	5	1030	0.656667
1.38503	1	1	5	1030	0.656627
1.38603	1	1	5	1030	0.657587
1.38603	1	1	5	1030	0.657547
1.38603	1	1	5	1030	0.657507
1.38603	1	1	5	1030	0.657467
1.38603	1	1	5	1030	0.657427
1.38603	1	1	5	1030	0.657387
1.38603	1	1	5	1030	0.657347
1.38603	1	1	5	1030	0.657307
1.38703	1	1	5	1030	0.658267
1.38703	1	1	5	1030	0.658227
1.38703	1	1	5	1030	0.658187
1.38703	1	1	5	1030	0.658147
1.38703	1	1	5	1030	0.658107
1.38703	1	1	5	1030	0.658067
1.38703	1	1	5	1030	0.658027
1.38703	1	1	5	1030	0.657987
1.38703	1	1	5	1030	0.657947
1.38803	1	1	5	1030	0.658907
1.38803	1	1	5	1030	0.658867
1.38803	1	1	5	1030	0.658827
1.38803	1	1	5	1030	0.658787
1.38803	1	1	5	1030	0.658747
1.38803	1	1	5	1030	0.658707
1.38803	1	1	5	1030	0.658667
1.38803	1	1	5	1030	0.658627
1.38903	1	1	5	1030	0.659587
1.38903	1	1	5	1030	0.659547
1.38903	1	1	5	1030	0.659507
1.38903	1	1	5	1030	0.659467
1.38903	1	1	5	1030	0.659427
1.38903	1	1	5	1030	0.659387
1.38903	1	1	5	1030	0.659347
1.38903	1	1	5	1030	0.659307
1.39003	1	1	5	1030	0.660267
1.39003	1	1	5	1030	0.660227
1.39003	1	1	5	1030	0.660187
1.39003	1	1	5	1030	0.660147
1.39003	1	1	5	1030	0.660107
1.39003	1	1	5	1030	0.660067
1.39003	1	1	5	1030	0.660027
1.39003	1	1	5	1030	0.659987
1.39003	1	1	5	1030	0.659947
1.39103	1	1	5	1030	0.660907
1.39103	1	1	5	1030	0.660867
1.39103	1	1	5	1030	0.660827
1.39103	1	1	5	1030	0.660787
1.39103	1	1	5	1030	0.660747
1.39103	1	1	5	1030	0.660707
1.39103	1	1	5	1030	0.660667
1.39103	1	1	5	1030	0.660627
1.39203	1	1	5	1030	0.661587
1.39203	1	1	5	1030	0.661547
1.39203	1	1	5	1030	0.661507
1.39203	1	1	5	1030	0.661467
1.39203	1	1	5	1030	0.661427
1.39203	1	1	5	1030	0.661387
1.39203	1	1	5	1030	0.661347
1.39203	1	1	5	1030	0.661307
1.39203	1	1	5	1030	0.661267
1.39303	1	1	5	1030	0.662227
1.39303	1	1	5	1030	0.662187
1.39303	1	1	5	1030	0.662147
1.39303	1	1	5	1030	0.662107
1.39303	1	1	5	1030	0.662067
1.39303	1	1	5	1030	0.662027
1.39303	1	1	5	1030	0.661987
1.39303	1	1	5	1030	0.661947
1.39403	1	1	5	1030	0.662907
1.39403	1	1	5	1030	0.662867
1.39403	1	1	5	1030	0.662827
1.39403	1	1	5	1030	0.662787
1.39403	1	1	5	1030	0.662747
1.39403	1	1	5	1030	0.662707
1.39403	1	1	5	1030	0.662667
1.39403	1	1	5	1030	0.662627
1.39503	1	1	5	1030	0.663587
1.39503	1	1	5	1030	0.663547
1.39503	1	1	5	1030	0.663507
1.39503	1	1	5	1030	0.663467
1.39503	1	1	5	1030	0.663427
1.39503	1	1	5	1030	0.663387
1.39503	1	1	5	1030	0.663347
1.39503	1	1	5	1030	0.663307
1.39503	1	1	5	1030	0.663267
1.39603	1	1	5	1030	0.664227
1.39603	1	1	5	1030	0.664187
1.39603	1	1	5	1030	0.664147
1.39603	1	1	5	1030	0.664107
1.39603	1	1	5	1030	0.664067
1.39603	1	1	5	1030	0.664027
1.39603	1	1	5	1030	0.663987
1.39603	1	1	5	1030	0.663947
1.39703	1	1	5	1030	0.664907
1.39703	1	1	5	1030	0.664867
1.39703	1	1	5	1030	0.664827
1.39703	1	1	5	1030	0.664787
1.39703	1	1	5	1030	0.664747
1.39703	1	1	5	1030	0.664707
1.39703	1	1	5	1030	0.664667
1.39703	1	1	5	1030	0.664627
1.39703	1	1	5	1030	0.664587
1.39803	1	1	5	1030	0.665547
1.39803	1	1	5	1030	0.665507
1.39803	1	1	5	1030	0.665467
1.39803	1	1	5	1030	0.665427
1.39803	1	1	5	1030	0.665387
1.39803	1	1	5	1030	0.665347
1.39803	1	1	5	1030	0.665307
1.39803	1	1	5	1030	0.665267
1.39903	1	1	5	1030	0.666227
1.39903	1	1	5	1030	0.666187
1.39903	1	1	5	1030	0.666147
1.39903	1	1	5	1030	0.666107
1.39903	1	1	5	1030	0.666067
1.39903	1	1	5	1030	0.666027
1.39903	1	1	5	1030	0.665987
1.39903	1	1	5	1030	0.665947
1.39903	1	1	5	1030	0.665907
